分類,職種,事業所名,都道府県,産業分類,就業場所,賃金下限,賃金上限,未経験可,運転免許必須,経験,免許資格,PCスキル,学歴,仕事内容,特記事項,出典ファイル,頁
住宅・リフォーム営業（提案営業）,【宮崎】戸建リフォームの技術営業職★未経験者歓迎,スミトモフドウサンハウジングカブシキガイシャ 住友不動産ハウジング株式会社,宮崎,建築リフォーム工事業,〒880-0025 宮崎県宮崎市中津瀬町２６番地８ 住友不動産ハウジング株式会社宮崎営業所 宮崎駅から車6分,271000,334000,False,True,必要な経験・知識・技能等あれば尚可 建築・住宅設計・不動産業界の経験者歓迎,一級建築士あれば尚可 二級建築士あれば尚可 木造建築士あれば尚可 １・２級建築施工管理技士（あれば尚可） 普通自動車運転免許必須 （AT限定可）,,,リフォーム界のパイオニア「新築そっくりさん」のセールスエンジ ニア（技術営業）職。 一棟まるごとの戸建リフォームの建物診断、提案、設計、契約、工 事管理、引き渡しまですべての工程をご担当いただきます。 ※集客に関しては新規飛込みはありませんが、過去に問い合わせい ただいたお客さまへのアプローチなども行っていただきます。 やりがいはどの仕事よりも大きく、お客様が感じておられる家の不 満を解消し蘇らせる「住宅再生」の総合プロデューサーです。 変更範囲：会社の定める業務 正社員 正社員登用 正社員登用の実績（過去３年間） 就業形態派遣・請負ではない,求人に関する特記事項 【賃金目安】 未経験：２９万２千円（固定給２５万円＋定額歩合給４万２千円） 経験者：３３万４千円（固定給２５万円＋定額歩合給８万４千円） 経験者は入社日から１３ヶ月間限定 ※平均年収８９８万円（２０２４年度） 成績連動型の高率歩合給制粗利益金額×１０〜３０％ ※最長６カ月にわたる充実した研修あり 集合研修やＯＪＴ制度を通じて当社業務に精通いただきます。 ※フレックスタイム制（コアタイムなし）を適用 ※マイカー通勤：可否は採用エリアにより異なる ※勤続功労株式報酬制度あり ※質問はお受け致しますが、求人条件に合致している場合は、 事前連絡せずに、そのまま書類を送付して下さい。 ※ｃ欄に記載された時間数は固定残業代の積算根拠となるもので、 実際の時間外労働の時間数の見込みや実績を示すものではありま せん。 ※賃金（ｄ）欄の続き：月額＝年俸÷１２ヶ月、にて算出 より労働条件の明示を受けてください。,2026年9月7日求人票（宮崎県住宅リフォーム）_1.pdf,1
製造・加工（プレカット／建材）,【残業ほぼなし】住宅用木材の加工を行う機械オペレーター,カワノモクザイサンギヨウゴウシガイシヤ 河野木材産業合資会社,宮崎,製材業，木製品製造業,〒889-1301 宮崎県児湯郡川南町大字川南１３７０７番地 川南駅から徒歩8分,190000,220000,True,True,必要な経験・知識・技能等不問,普通自動車運転免許必須 （AT限定可）,,,国産ヒノキなどの丸太を住宅の骨組みとなる構造材へ加工する機械 オペレーターを募集しています。未経験の方も、先輩がそばで一緒 に作業しながらイチから丁寧にお教えしますので安心です。 ■木材のプレカット加工（機械を使用して木材を削る作業） ■加工後の木材のチェック、在庫管理 ■作業場の整理整頓や安全確認 入社後はベテラン社員が機械の使い方や作業の流れを一つひとつお 教えしますので、見て学びながら着実に成長できます。資格取得の ための支援制度もあり、専門的なスキルを身につけながらキャリア ップを目指せる環境です。 【変更範囲：会社の定める業務】 正社員 正社員登用 正社員登用の実績（過去３年間） 就業形態派遣・請負ではない,求人に関する特記事項 ■残業はほとんどなく私生活と両立しやすい職場です ■現場固定で通勤しやすく働きやすい職場です ■未経験の方も大歓迎！先輩社員が丁寧にお教えします ■資格取得支援があり、働きながら技術を学べます ■地域密着で業績も安定しており長く働けます ■応募前の職場見学も可能です！お問合せください ・休日出勤なし ・年末年始休暇は５日以上 ・夏季休暇は４日以上 ・家庭の事情に合わせた短時間勤務可 ・Ｗワーク可（副業可） ・資格手当あり ・歩合、インセンティブ給あり ・資格取得支援あり ・固定残業代制度あり ・服装自由 ◆—◆詳しくは、当社ホームページもご覧ください！◆—◆ 皆様のご応募を心よりお待ちしております。 より労働条件の明示を受けてください。,2026年9月7日求人票（宮崎県住宅リフォーム）_1.pdf,2
住宅・リフォーム営業（提案営業）,住宅コンシェルジュ（住宅営業）／宮崎営業所・未経験者歓迎,ユウゲンカイシャヒラシマ 有限会社ヒラシマ,宮崎,建築材料卸売業,〒880-0005 宮崎県宮崎市南高松町５－３５ 「宮崎営業所」 ＪＲ宮崎駅から車5分,240000,350000,False,True,必要な経験・知識・技能等あれば尚可 住宅販売、営業の経験のある方,普通自動車運転免許必須 （AT限定可）,,,お客様（主に宮崎市内）を対象に、住宅に関するご要望を伺い、 新築やリフォームのご提案をし、理想を形にしていくお仕事です。 当社では、飛込み営業等を行いません。「お問い合わせやご紹介 いただいたお客様とのコミュニケーションを深めていただける方」 という意味を込め、「住宅コンシェルジュ」の募集としています。 ■主な業務は以下の通りです ・お客様のニーズに沿った新築住宅、リフォーム等の提案、打合せ ・住宅見学会の設営・運営・契約関係の取りまとめ ・住宅の魅力を伝えるＳＮＳでの発信 ＊未経験の方でも先輩の補助から始めますのでご安心下さい。 ＊社用車あり＊ノルマなし【変更範囲：会社の定める業務】 正社員 正社員登用 正社員登用の実績（過去３年間） 就業形態派遣・請負ではない,求人に関する特記事項 ＊当社の宮崎営業所は、県立宮崎病院の近くに位置し、街中への アクセスが便利な立地です。 ＊お客様にとって最も大きなイベントともいえる住宅の新築や リフォーム。その大切な決断の一つ一つに寄り添い、お客様の 理想を形にするお手伝いをしていただきます。たくさんの感謝 の言葉をいただく、やりがいのある仕事です。 ＊経験者の方は、試用期間中の給与を考慮します。また、給与額は 各個人実績を重視します。 ＊未経験者・男女ともに活躍できる職場です。 ＊入社当初から安心して働いていただけるように、サポート体制を しっかり整えています。 ＊マイカー通勤可能です。 ＊Ｒ８．９．３トライアル雇用（併用）求人 （トライアル期間中の労働条件は試用期間に同じ、期間終了後の試 用期間なし） ＊オンライン自主応募可。 より労働条件の明示を受けてください。,2026年9月7日求人票（宮崎県住宅リフォーム）_1.pdf,3
＜業界外＞介護・看護・給食,正・准看護師／住宅型有料老人ホームべにたけ荘,イリョウホウジンシュウワカイベニタケソウ・デイサービス・ホウモンカイゴ・キョタクカイゴシエンコサイ 医療法人就和会べにたけ荘・デイサービス・訪問介護・居宅介 護支援こさい,宮崎,老人福祉・介護事業,〒880-0121 宮崎県宮崎市大字島之内字野入６７３３番地 ＪＲ日豊本線日向住吉駅から車5分,215000,264000,True,True,必要な経験・知識・技能等不問,看護師必須 准看護師必須 いずれかの免許・資格所持で可 普通自動車運転免許必須 （AT限定可）,,,介護施設での看護・介護業務を担当していただきます。 ・健康チェックや健康相談及び指導、服薬管理他 ・併設のこさい胃腸科外科との連携、記録等 ＊３０床の施設です。 ＊オンコールはありません。 ＊現在、看護師が２名います。 ＊社有車あり ＊変更範囲：変更なし 正社員 正社員登用 正社員登用の実績（過去３年間） 就業形態派遣・請負ではない,求人に関する特記事項 ＊月の平均所定労働時間は１７３時間となります。 ＊有給休暇の取得しやすい職場です。 ＊施設見学可。事前に（０９８５－７８－３１１１）にお電話くだ さい。 ＊介護職員処遇改善加算制度に取り組んでいます。 【仕事と子育て両立応援求人】 より労働条件の明示を受けてください。,2026年9月7日求人票（宮崎県住宅リフォーム）_1.pdf,4
住宅・リフォーム営業（提案営業）,注文住宅営業（宮崎県延岡市）※経験者,カブシキガイシャヤマダホームズ 株式会社ヤマダホームズ,宮崎,一般土木建築工事業,〒882-0866 宮崎県延岡市平原町５丁目１４９２番地６ 株式会社ヤマダホームズ延岡店,275000,349340,False,True,必要な経験・知識・技能等必須 営業経験（２年以上）または 建売・分譲経験（２年以上） リフォーム営業経験者歓迎,普通自動車運転免許必須 （AT限定可）,,,注文住宅、戸建住宅等の営業職です。 ・住宅展示場へご来場されたお客様の接客対応 （主に、土・日がメインになります） ・平日は、アポイントのあるお客様への資料作成および お客様の建設予定地の調査や契約関連の事務作業 ・平日は取引業者等への訪問活動 【変更範囲】会社の定める業務 正社員 正社員登用 正社員登用の実績（過去３年間） 就業形態派遣・請負ではない,求人に関する特記事項 昇給：定期での昇給はなし。人事評価による役職の変更で昇給。 賞与：歩合としての支給。 個人の営業成績によって金額が変わります。 ＊土日祝日勤務可能な方 ＊通勤手当は会社規定により支給。 ＊マイカー通勤は規定内の車種に限定されます。 応募書類（履歴書・職務経歴書・紹介状）を郵送、またはメールで お送り下さい。 応募前の事前連絡は不要です。 書類選考後、面接日時及び適性検査をご連絡致します。 なお、不採用の場合は結果を通知の上、応募書類は当方の責任で破 棄致します。 ※メールアドレスをお持ちの方は必ず履歴書にご記入下さい。 ※応募の際は、必ず紹介状（表裏）の添付をお願いいたします。 ※お問い合わせはメールにてお願いいたします。 ＊応募にはハローワークの紹介状が必要となります。 より労働条件の明示を受けてください。,2026年9月7日求人票（宮崎県住宅リフォーム）_1.pdf,5
住宅・リフォーム営業（提案営業）,注文住宅営業（宮崎県宮崎市）※経験者,カブシキガイシャヤマダホームズ 株式会社ヤマダホームズ,宮崎,一般土木建築工事業,〒880-0035 宮崎県宮崎市下北方町世々町６５０３ 家電住まいる館ＹＡＭＡＤＡ宮崎花ヶ島本店隣 株式会社ヤマダホームズ宮崎花ヶ島店,275000,349340,False,True,必要な経験・知識・技能等必須 営業経験（２年以上）または 建売・分譲経験（２年以上） リフォーム営業経験者歓迎,普通自動車運転免許必須 （AT限定可）,,,注文住宅、戸建住宅等の営業職です。 ・住宅展示場へご来場されたお客様の接客対応 （主に、土・日がメインになります） ・平日は、アポイントのあるお客様への資料作成および お客様の建設予定地の調査や契約関連の事務作業 ・平日は取引業者等への訪問活動 【変更範囲】会社の定める業務 正社員 正社員登用 正社員登用の実績（過去３年間） 就業形態派遣・請負ではない,求人に関する特記事項 ★昇給：定期での昇給はなし。人事評価による役職の変更で昇給。 ★賞与：歩合としての支給。 個人の営業成績によって金額が変わります。 ＊土日祝日勤務可能な方 ＊通勤手当は会社規定により支給。 ＊マイカー通勤は規定内の車種に限定されます。 応募書類（履歴書・職務経歴書・紹介状）を郵送、またはメールで お送り下さい。 応募前の事前連絡は不要です。 書類選考後、面接日時及び適性検査のご連絡を致します。 なお、不採用の場合は結果を通知の上、応募書類は当方の責任で破 棄致します。 ※メールアドレスをお持ちの方は必ず履歴書にご記入下さい。 ※応募の際は、必ず紹介状（表裏）の添付をお願いいたします。 ※お問い合わせはメールにてお願いいたします。 ＊応募にはハローワークの紹介状が必要となります。 より労働条件の明示を受けてください。,2026年9月7日求人票（宮崎県住宅リフォーム）_1.pdf,6
住宅・リフォーム営業（提案営業）,リフォーム営業（宮崎県宮崎市）※経験者,カブシキガイシャヤマダホームズ 株式会社ヤマダホームズ,宮崎,一般土木建築工事業,〒880-0844 宮崎県宮崎市柳丸町９８－１ 株式会社ヤマダホームズ九州南支店,275000,349340,False,True,必要な経験・知識・技能等必須 リフォーム営業経験（２年以上） 注文・建売・住宅営業の経験者優遇,普通自動車運転免許必須 （AT限定可）,,,おもに一戸建て住宅のリフォームの受注および工程管理業務を担当 していただきます。 当社で建てていただいたお客様を中心とした仕事になります。 増改築等の大規模工事から、バス、トイレ、洗面、キッチン等の水 まわり工事、屋根外壁塗り替え等の維持管理工事、そして水栓金具 交換等の小さな工事まで相談に応じ、お客様のニーズを形にします 。 ※実務経験に応じて採用条件での優遇がございます。 【変更範囲】会社の定める範囲 正社員 正社員登用 正社員登用の実績（過去３年間） 就業形態派遣・請負ではない,求人に関する特記事項 ★昇給：定期での昇給はなし。人事評価による役職の変更で昇給。 ★賞与：歩合としての支給。 個人の営業成績によって金額が変わります。 ＊土日祝日勤務可能な方 ＊通勤手当は会社規定により支給。 ＊マイカー通勤は原則不可だが、相談によっては可。 応募書類（履歴書・職務経歴書・紹介状）を郵送、またはメールで お送り下さい。 応募前の事前連絡は不要です。 書類選考後、面接日時及び適性検査をご連絡致します。 なお、不採用の場合は結果を通知の上、応募書類は当方の責任で破 棄致します。 ※メールアドレスをお持ちの方は必ず履歴書にご記入ください。 ※応募の際は、必ず紹介状（表裏）の添付をお願いいたします。 ※お問合せはメールにてお願いいたします。 ＊応募にはハローワークの紹介状が必要となります。 より労働条件の明示を受けてください。,2026年9月7日求人票（宮崎県住宅リフォーム）_1.pdf,7
配送・ドライバー,住宅資材の組立配送職〔未経験ＯＫ〕宮崎市／最寄：蓮ヶ池駅,カブシキガイシャミライフ 株式会社みらいふ,宮崎,建築材料卸売業,〒880-0036 宮崎県宮崎市花ケ島町北沖６１０番１ 「株式会社みらいふ宮崎支店」 日豊本線蓮ヶ池駅から車5分,240000,240000,True,False,必要な経験・知識・技能等不問,準中型自動車免許必須 ５トン限定準中型自動車免許必須 ５ｔ限＝Ｈ２９．３以前に取得の普免（※但しＡＴ限定不可） いずれかの免許・資格所持で可,,,◎知識や技術は入社後に丁寧に教えますので経験は一切不問です！ 弊社各支店では未経験で入社した方も多数活躍しています。 ◎主に【組立・配送・取付】を担当していただきます。 ・倉庫にて窓サッシの組立作業や網戸の張替 ・新築現場やリフォーム現場への商品配達 ※原則二人一組／軽〜２．０ｔトラック使用 ・慣れてきたら現場で一部取付作業 ＊仕事内容の変更範囲：変更なし 正社員 正社員登用 正社員登用の実績（過去３年間） 就業形態派遣・請負ではない,求人に関する特記事項 ☆弊社各支店では１０代で入社した社員から７０代社員まで 幅広く活躍しています。知識や技術は入社後にしっかりと 身につきますので、未経験の方もぜひご検討ください！ ◎雇用・労災・社会保険は入社日から加入します。 ◎年次有給休暇付与後は半日単位での取得も可能です。 ◆ハローワークより事前連絡を頂いた際にご連絡先をお伺いし、 面接日時の調整をさせていただきます。 書類選考は致しませんので、お気軽にご応募ください。 （履歴書・紹介状は面接時ご持参ください） ◆ハローワークマイページからの「オンライン自主応募」機能での 受付も行っております。その場合、紹介状は不要です。 より労働条件の明示を受けてください。,2026年9月7日求人票（宮崎県住宅リフォーム）_1.pdf,8
建材・住宅設備の法人／ルート営業,サッシ等住宅資材の法人営業〔経験者〕宮崎／最寄：蓮ヶ池駅,カブシキガイシャミライフ 株式会社みらいふ,宮崎,建築材料卸売業,〒880-0036 宮崎県宮崎市花ケ島町北沖６１０番１ 「株式会社みらいふ宮崎支店」 日豊本線蓮ヶ池駅から車5分,280000,350000,False,True,必要な経験・知識・技能等必須 サッシをメインとした建築資材販売の営業経験,普通自動車運転免許必須 （AT限定可）,,,◎主に支店周辺エリアの建築会社様や工務店様を訪問し、 住宅サッシをはじめとする各種住宅資材を提案・販売 していただく法人営業職の【経験者求人】です。 ・取扱商品は住宅用サッシや室内建材、エクステリア、外壁、 住宅設備機器等。取り扱えるメーカーや商材が多いため これまでのご経験を活かしつつ、お客様の希望に合わせて 幅広い切り口で提案を行うことができます。 ・商品発注や配送は兼任しませんので、営業活動に集中できます。 ※原則転勤はありません。 ＊仕事内容の変更範囲：変更なし 正社員 正社員登用 正社員登用の実績（過去３年間） 就業形態派遣・請負ではない,求人に関する特記事項 ◎年次有給休暇付与後は半日単位での取得も可能です。 ＊事前連絡の上、履歴書・職務経歴書・紹介状を右記指定住所へ 郵送してください。 選考結果及び面接日時については、応募書類到着後１０日以内に ご連絡いたします。 より労働条件の明示を受けてください。,2026年9月7日求人票（宮崎県住宅リフォーム）_1.pdf,9
建材・住宅設備の法人／ルート営業,サッシ等住宅資材の法人営業〔経験者〕日向庄内駅から車７分,カブシキガイシャミライフ 株式会社みらいふ,宮崎,建築材料卸売業,〒885-0004 宮崎県都城市都北町３５５１－１ 「株式会社みらいふ都城支店」 ＪＲ吉都線日向庄内駅から車7分,280000,350000,False,True,必要な経験・知識・技能等必須 サッシをメインとした建築資材販売の営業経験,普通自動車運転免許必須 （AT限定可）,,,◎主に支店周辺エリアの建築会社様や工務店様を訪問し、 住宅サッシをはじめとする各種住宅資材を提案・販売 していただく法人営業職の【経験者求人】です。 ・取扱商品は住宅用サッシや室内建材、エクステリア、外壁、 住宅設備機器等。取り扱えるメーカーや商材が多いため これまでのご経験を活かしつつ、お客様の希望に合わせて 幅広い切り口で提案を行うことができます。 ・商品発注や配送は兼任しませんので、営業活動に集中できます。 ※原則転勤はありません。 ＊仕事内容の変更範囲：変更なし 正社員 正社員登用 正社員登用の実績（過去３年間） 就業形態派遣・請負ではない,求人に関する特記事項 ◎年次有給休暇付与後は半日単位での取得も可能です。 ＊事前連絡の上、履歴書・職務経歴書・紹介状を右記指定住所へ 郵送してください。 選考結果及び面接日時については、応募書類到着後１０日以内に ご連絡いたします。 より労働条件の明示を受けてください。,2026年9月7日求人票（宮崎県住宅リフォーム）_1.pdf,10
＜業界外＞介護・看護・給食,看護師／サービス付き高齢者向け住宅カーサ・アルバ壱番館,イッパンザイダンホウジンジュンワリハビリテーションシンコウザイダン 一般財団法人潤和リハビリテーション振興財団,宮崎,病院,〒880-2112 宮崎県宮崎市大字小松１１３３番地 「カーサ・アルバ壱番館」 宮崎駅から車15分,180200,256000,False,False,必要な経験・知識・技能等あれば尚可 実務経験,看護師必須,,,入居者を対象に特定施設入居者生活介護サービスを提供（平均介護 度１．６）。抱えない介護と業務効率化を目指して移乗支援リフト 、シャワーバス、インカム、見守り支援機器、排泄支援機器などを 導入しています。 【仕事内容】 ・利用者の健康管理と評価・内服管理 ・医師指示に基づく医療行為（インシュリン、経管栄養、創傷処置 、喀痰吸引など） ・多職種連携（在宅医師や訪問看護との情報共有） ・生活援助（食事・整容・更衣・入浴・排泄） ・身体機能維持向上のための訓練 「変更範囲：変更なし」 正社員 正社員登用 正社員登用の実績（過去３年間） 就業形態派遣・請負ではない,求人に関する特記事項 ・月１０日程度の携帯当番があります。 ・特別休暇としてリフレッシュ休暇（年３日）、結婚休暇、出産休 暇などあり。 ・産休育休制度、介護休業制度も完備。 ・制服貸与、クリーニングは事業所負担。 ・施設見学可能です。お気軽にお問い合わせ下さい。 ＊月平均所定労働時間：１５７．５時間 ＊お子様の体調不良による急なお休みも相談可能です。 【仕事と子育て両立応援求人】 より労働条件の明示を受けてください。,2026年9月7日求人票（宮崎県住宅リフォーム）_1.pdf,11
設備工事（配管・電気・住宅設備）,住宅や施設などの管工事を行う現場技術者／有資格者賃金優遇,カブシキガイシャイケコウ 株式会社イケコウ,宮崎,その他の設備工事業,〒880-0301 宮崎県宮崎市佐土原町上田島１７０８番地２ 佐土原駅から車10分,250000,450000,False,True,必要な経験・知識・技能等必須 現場職人として５年以上,２級配管技能士あれば尚可 １級配管技能士あれば尚可 その他の建築工事関係資格あれば尚可 給水装置工事主任技術者・下水道排水設備工事責任技術者等 普通自動車運転免許必須 （AT限定可）,,,一般住宅・マンション・店舗・公共施設などの管工事の現場技術者 を募集しています。今までのご経験や資格を考慮し、賃金等待遇面 で優遇します！男女ともに活躍できる環境を整えています。 ＊一般住宅、マンション、店舗、施設、公共工事などの管工事 ※給排水衛生設備や衛生設備、空調設備、配管設備の設置工事、交 換工事、点検、メンテナンス、部品交換、修理対応など ※宮崎県内の現場となります（社用車あり）。 入社後は研修期間を設けています。有給取得率が高く、プライベー トと仕事を両立しやすい環境です。 ・変更範囲：変更なし 正社員 正社員登用 正社員登用の実績（過去３年間） 就業形態派遣・請負ではない,求人に関する特記事項 ＊男女ともに歓迎します。お気軽にご応募ください。 ＊福利厚生が充実しており、安心して働ける環境が整っています。 ＊資格取得支援制度あり！取得費用を会社が負担します。 ＊有資格者賃金等待遇面優遇！ぜひご応募ください。 ・時間単位で有給休暇を取得可能です ・年末年始は５日以上の休暇あり ・副業（Ｗワーク）が可能です（副業可） ・産休・育休取得実績あり ・扶養手当あり（配偶者５０００円、子３０００円※３人まで・学 生又は１８歳未満、６５歳以上の父母２０００円） ・皆勤手当、出張手当、業務手当、営業手当あり ・資格手当あり／資格取得支援制度あり ・慶弔見舞金制度あり ・退職金制度あり ・人間ドック、医療費負担補助あり ・通勤手段は相談可（車通勤可※駐車場あり） ・職場禁煙（喫煙所あり）／エスプレッソマシンあり ・作業服貸与（上下夏用・冬用、安全靴、手袋、ヘルメット） ※オンライン自主応募可 より労働条件の明示を受けてください。,2026年9月7日求人票（宮崎県住宅リフォーム）_1.pdf,12
住宅管理・不動産事務,公営住宅（県営・市営）維持保全業務／宮崎市,イッパンシャダンホウジンミヤザキケンタクチタテモノトリヒキギョウキョウカイ 一般社団法人宮崎県宅地建物取引業協会,宮崎,事業協同組合（他に分類さ,〒885-0078 宮崎県宮崎市昭和町８６－２宅建協会昭和町ビル 「宅建業協会住宅管理部」 宮崎駅から車5分,280000,300000,True,True,必要な経験・知識・技能等不問,一級建築士必須 二級建築士必須 １級建築施工管理技士必須 ２級建築施工管理技士必須 いずれかの免許・資格所持で可 普通自動車運転免許必須 （AT限定可）,パソコン操作（ワード、エクセル表計算）,,・県営住宅、市営住宅等の維持保全業務（修繕内容調査・設計・監 理・検査等） ・県、市の担当部署との協議連絡調整 ＊業務上の外出あり 主に宮崎市内、国富町、西都市、高鍋町 ＊社用車あり 変更範囲：変更なし 正社員以外 正社員以外の名称嘱託職員 正社員登用あありり 正社員登用の実績（過去３年間） ３名 就業形態派遣・請負ではない,求人に関する特記事項 ・駐車場は自己手配、自己負担願います。 ・賞与は、雇用開始から６ヶ月を経過後支給対象になります。 なお、勤務期間が６ヶ月以上１年未満の場合は基準額の５０％を 支給します。 ・通勤手当（上限あり月額１１，３００円まで）は給与規程に基づ き距離（片道）に応じて支給。 ＊書類受付は郵送のみ（持参不可） より労働条件の明示を受けてください。,2026年9月7日求人票（宮崎県住宅リフォーム）_1.pdf,13
住宅管理・不動産事務,公営住宅（県営・市営）維持保全業務（正社員）／宮崎市,イッパンシャダンホウジンミヤザキケンタクチタテモノトリヒキギョウキョウカイ 一般社団法人宮崎県宅地建物取引業協会,宮崎,事業協同組合（他に分類さ,〒885-0078 宮崎県宮崎市昭和町８６－２宅建協会昭和町ビル 「宅建業協会住宅管理部」 宮崎駅から車5分,280000,300000,True,True,必要な経験・知識・技能等不問,一級建築士必須 二級建築士必須 １級建築施工管理技士必須 ２級建築施工管理技士必須 いずれかの免許・資格所持で可 普通自動車運転免許必須 （AT限定可）,パソコン操作（ワード、エクセル表計算）,,・県営住宅、市営住宅等の維持保全業務（修繕内容調査・設計・監 理・検査等） ・県、市の担当部署との協議連絡調整 ＊業務上の外出あり 主に宮崎市内、国富町、西都市、高鍋町 ＊社用車あり 変更範囲：変更なし 正社員 正社員登用 正社員登用の実績（過去３年間） 就業形態派遣・請負ではない,求人に関する特記事項 ・駐車場は自己手配、自己負担願います。 ・賞与は、雇用開始から６ヶ月を経過後支給対象になります。 なお、勤務期間が６ヶ月以上１年未満の場合は基準額の５０％を 支給します。 ・通勤手当（上限あり月額１１，３００円まで）は給与規程に基づ き距離（片道）に応じて支給。 ＊書類受付は郵送のみ（持参不可） より労働条件の明示を受けてください。,2026年9月7日求人票（宮崎県住宅リフォーム）_1.pdf,14
住宅管理・不動産事務,公営住宅維持保全業務に係る事務（正社員）／宮崎市,イッパンシャダンホウジンミヤザキケンタクチタテモノトリヒキギョウキョウカイ 一般社団法人宮崎県宅地建物取引業協会,宮崎,事業協同組合（他に分類さ,〒885-0078 宮崎県宮崎市昭和町８６－２宅建協会昭和町ビル 「宅建業協会住宅管理部」 宮崎駅から車5分,177000,177000,True,True,必要な経験・知識・技能等不問,普通自動車運転免許必須 （AT限定可）,パソコン操作（ワード、エクセル表計算） ＣＡＤソフトの基本操作ができる方歓迎,,・県営住宅、市営住宅等の維持保全業務に係る一般事務 ・県、市の担当部署との協議連絡調整 ＊業務上の外出あり ＊社用車あり 変更範囲：変更なし 正社員 正社員登用 正社員登用の実績（過去３年間） 就業形態派遣・請負ではない,求人に関する特記事項 ・駐車場は自己手配、自己負担願います。 ・賞与は、雇用開始から６ヶ月を経過後支給対象になります。 なお、勤務期間が６ヶ月以上１年未満の場合は基準額の５０％を 支給します。 ・通勤手当（上限あり月額１１，３００円まで）は給与規程に基づ き距離（片道）に応じて支給。 ＊書類受付は郵送のみ（持参不可） より労働条件の明示を受けてください。,2026年9月7日求人票（宮崎県住宅リフォーム）_1.pdf,15
住宅管理・不動産事務,公営住宅維持保全業務に係る事務（嘱託社員）／宮崎市,イッパンシャダンホウジンミヤザキケンタクチタテモノトリヒキギョウキョウカイ 一般社団法人宮崎県宅地建物取引業協会,宮崎,事業協同組合（他に分類さ,〒885-0078 宮崎県宮崎市昭和町８６－２宅建協会昭和町ビル 「宅建業協会住宅管理部」 宮崎駅から車5分,177000,177000,True,True,必要な経験・知識・技能等不問,普通自動車運転免許必須 （AT限定可）,パソコン操作（ワード、エクセル表計算） ＣＡＤソフトの基本操作ができる方歓迎,,・県営住宅、市営住宅等の維持保全業務に係る一般事務 ・県、市の担当部署との協議連絡調整 ＊業務上の外出あり ＊社用車あり 変更範囲：変更なし 正社員以外 正社員以外の名称嘱託職員 正社員登用あありり 正社員登用の実績（過去３年間） ３名 就業形態派遣・請負ではない,求人に関する特記事項 ・駐車場は自己手配、自己負担願います。 ・賞与は、雇用開始から６ヶ月を経過後支給対象になります。 なお、勤務期間が６ヶ月以上１年未満の場合は基準額の５０％を 支給します。 ・通勤手当（上限あり月額１１，３００円まで）は給与規程に基づ き距離（片道）に応じて支給。 ＊書類受付は郵送のみ（持参不可） より労働条件の明示を受けてください。,2026年9月7日求人票（宮崎県住宅リフォーム）_1.pdf,16
＜業界外＞介護・看護・給食,看護職員／住宅型有料老人ホーム国富荘＜急募＞,カブシキガイシャバダン 株式会社バダン （住宅型有料老人ホーム国富荘）,宮崎,老人福祉・介護事業,〒880-1106 宮崎県東諸県郡国富町大字森永２４６６番地１５ 宮崎神宮駅から車30分,209360,214520,False,True,必要な経験・知識・技能等あれば尚可 介護施設での実務経験がない方でも大丈夫です,准看護師必須 看護師あれば尚可 いずれかの免許・資格所持で可 普通自動車運転免許必須 （AT限定可）,,,・住宅型有料老人ホームにおける看護業務 ・施設利用者の体調、お薬管理 病院受診医療機関との調整等 ・夜間コール対応（手当あり） ＊制服あり ＊利用者定員：５０名 ＊社有車あり ＊変更範囲：変更なし 正社員 正社員登用 正社員登用の実績（過去３年間） 就業形態派遣・請負ではない,求人に関する特記事項 ＊月平均所定労働時間は１７２時間です。 ＊応募者本人からの直接の電話連絡はご遠慮下さい。安定所職員の 方から電話連絡をお願いします。 ＊その他業務の詳細については面接時にお問い合せ下さい。 より労働条件の明示を受けてください。,2026年9月7日求人票（宮崎県住宅リフォーム）_1.pdf,17
＜業界外＞介護・看護・給食,介護職員（住宅型有料老人ホーム桜華園）【送迎業務なし】,イリョウホウジンアツキココロオオカエン 医療法人あつきこころ桜華園,宮崎,老人福祉・介護事業,〒882-0836 宮崎県延岡市恒富町３丁目５番地６ 『住宅型有料老人ホーム桜華園』 南延岡駅から車8分,188000,188000,True,False,必要な経験・知識・技能等不問,ホームヘルパー２級必須 介護職員初任者研修修了者必須 介護福祉士あれば尚可 いずれかの免許・資格所持で可,,,入所者に対する訪問介護業務全般を行っていただきます 身体・入浴・食事介助、おむつ交換等 ※調理、送迎などの業務は有りません 「変更範囲：変更なし」 正社員 正社員登用 正社員登用の実績（過去３年間） 就業形態派遣・請負ではない,求人に関する特記事項 ＊昇給・賞与は規定により支給します。 ＊有給休暇は取りやすい環境です。 ＊面接前の見学可能です。ハローワークを通じてご相談下さい。 ＊シニアの方の応募も歓迎します より労働条件の明示を受けてください。,2026年9月7日求人票（宮崎県住宅リフォーム）_1.pdf,18
住宅・リフォーム営業（提案営業）,住宅リフォーム営業（小林店）,カブシキガイシャヤマサキ 株式会社山崎,宮崎,他に分類されない小売業,〒886-0003 宮崎県小林市堤３２３５－１ 小林本店 小林駅から車10分,186000,253000,True,True,必要な経験・知識・技能等不問,普通自動車運転免許必須 （AT限定可）,エクセル、ワードの入力程度,,リフォーム、リノベーション、新築の営業です。 お客様の住環境向上を支える大事な仕事です。 基本的な流れは、ショールームご来店のお客様のお困りごとに寄り 添って、ヒヤリング （例えば「お風呂が壊れた。」「キッチンを入れ替えたい」など） →現場調査→商品や改装の提案→契約となります。 その他に集金業務、アフターフォローがあります。 未経験の方には、丁寧に指導いたします。安心して御応募下さい。 お客様宅や現場訪問のため普通自動車免許が必須です。 変更範囲：変更なし 正社員 正社員登用 正社員登用の実績（過去３年間） 就業形態派遣・請負ではない,求人に関する特記事項 賃金は経験・能力等を考慮の上、決まります 通勤手当は距離に応じて、規程により支給します ショールーム当番、イベントで日曜出勤をお願いすることがありま す（振替休日あり） 『仕事と子育てを両立しやすい求人』 ・子供が病気の時に休みが取れる（時間休を含む） ・学校、保育園等の行事や乳幼児健診等の休みが可能 ・学校、保育園からの急な呼び出し等での対応が可能 「オンライン自主応募可」自主応募の場合、紹介状は不要です より労働条件の明示を受けてください。,2026年9月7日求人票（宮崎県住宅リフォーム）_1.pdf,19
住宅・リフォーム営業（提案営業）,注文住宅営業（宮崎県都城市）※経験者,カブシキガイシャヤマダホームズ 株式会社ヤマダホームズ,宮崎,一般土木建築工事業,〒885-0006 宮崎県都城市吉尾町２－２ テックランド都城店駐車場内 株式会社ヤマダホームズ都城店,275000,349340,False,True,必要な経験・知識・技能等必須 営業経験（２年以上）または 建売・分譲経験（２年以上） リフォーム営業経験者歓迎,普通自動車運転免許必須 （AT限定可）,,,注文住宅、戸建分譲住宅等の営業職です。 ・住宅展示場へご来場されたお客様の接客対応 （主に、土・日がメインになります） ・平日は、アポイントのあるお客様への資料作成および お客様の建設予定地の調査や契約関連の事務作業 ・平日は取引業者等への訪問活動 【変更範囲】会社の定める業務 正社員 正社員登用 正社員登用の実績（過去３年間） 就業形態派遣・請負ではない,求人に関する特記事項 ★昇給：定期での昇給はなし。人事評価による役職の変更で昇給。 ★賞与：歩合としての支給。 個人の営業成績によって金額が変わります。 ＊土日祝日勤務可能な方 ＊通勤手当は会社規定により支給。 ＊マイカー通勤は規定内の車種に限定されます。 応募書類（履歴書・職務経歴書・紹介状）を郵送、またはメールで お送り下さい。 応募前の事前連絡は不要です。 書類選考後、面接日時及び適性検査のご連絡を致します。 なお、不採用の場合は結果を通知の上、応募書類は当方の責任で破 棄致します。 ※メールアドレスをお持ちの方は必ず履歴書にご記入下さい。 ※応募の際は、必ず紹介状（表裏）の添付をお願いいたします。 ※お問い合わせはメールにてお願いいたします。 ＊応募にはハローワークの紹介状が必要となります。 より労働条件の明示を受けてください。,2026年9月7日求人票（宮崎県住宅リフォーム）_1.pdf,20
事務・営業事務・広報,住宅メーカー向けプレゼン資料作成（契約社員）,パーソルビジネスプロセスデザインカブシキガイシャミヤザキダイイチアウトソーシングセンター パーソルビジネスプロセスデザイン株式会社宮崎第１アウトソー シングセンター,宮崎,他に分類されない事業サー,〒880-0811 宮崎県宮崎市錦町１－１０宮崎グリーンスフィア壱番館６Ｆ 宮崎駅から徒歩1分,180000,200000,False,False,必要な経験・知識・技能等あれば尚可 営業事務やインテリアデザイナーなどでの資料作成経験 住宅メーカーでの勤務経験,不不問問,・パソコンの基本操作（タッチタイプなど） ・パワーポイント、フォトショップの実務使用経験,,土日祝休み、業務習得後は在宅ワーク可能！ 住宅メーカー向けの提案資料作成業務となります。 パワーポイントやフォトショップにて、住宅設備の提案資料作成・ 修正を行います。（キッチン・バス・洗面・建材など） 提案書や仕様書の作成、画像加工や編集がメインとなります。 約１か月の研修後、習熟に応じて在宅勤務へ移行します。 ※資料には納期があり、スピード感をもった対応が必要となります 。 変更範囲：変更なし 管理番号【Ｓ０１７７２４３】 正社員以外 正社員以外の名称契約社員 正社員登用あありり 正社員登用の実績（過去３年間） ２０２５年：２３名、２０２４年：約２１名（宮崎のみ） 就業形態派遣・請負ではない,求人に関する特記事項 本ポンジョンにおいては、派遣としての勤務や 受託事業への従事は想定していません。 ＊応募書類はメールで送付をお願いいたします。 ※入社手続きの都合上、郵送でお送りいただいた場合、 ご希望の入社日に間に合わなくなる可能性がございます。 予めご了承ください。 ＊現在、会社説明会は２通りの方法がございます。 【１】職場見学会社説明会※随時開催しております。 【２】ＺＯＯＭを使用し会社説明会と選考を行っております。 ・選考方法：その他はＷｅｂ適性検査・タイピングテストになりま す。 ＊残業代（時間外手当）は別途支給 ＊車通勤可（駐車場は自己手配・駐車場代は一部会社補助あり） ＊年間休日数は、当該雇用期間内の休日を年間に換算 オンライン自主応募可 オンライン自主応募の場合は紹介状を不要とする より労働条件の明示を受けてください。,2026年9月7日求人票（宮崎県住宅リフォーム）_1.pdf,21
＜業界外＞介護・看護・給食,【正社員】介護職／住宅型施設および訪問,シャカイフクシホウジンタイジュカイソーシャルワークニチナン 社会福祉法人大樹会ＳｏｃｉａｌＷｏｒｋ日南,宮崎,障害者福祉事業,〒889-3202 宮崎県日南市南郷町中村甲３５２８番地４ 住宅型有料老人ホーム「南風の丘」 ＪＲ日南線南郷駅から車5分,167500,218000,True,True,必要な経験・知識・技能等不問,介護福祉士あれば尚可 普通自動車運転免許必須 （AT限定可）,,,＜訪問介護及びサービス付き高齢者向け住宅における介護業務＞ 利用者は併設するサービス付き高齢者向け住宅入居者及び在宅者。 受診時の付き添いなどでの送迎有り。 （エリアは日南市内。ＡＴ軽〜普通社用車）【介護】 ※応募について経験・資格は問いません。 （介護福祉士あれば尚可。有資格者には手当を支給します） ※夜勤は月４〜５回程度。１名体制。別に宿直者も勤務する為、 仮眠は入居者の状況をみながら取ることができます。 【変更範囲：変更なし】 正社員 正社員登用 正社員登用の実績（過去３年間） 就業形態派遣・請負ではない,求人に関する特記事項 ＊マイカー通勤をする場合、任意保険への加入は必須です。 ＊昇給・賞与は会社業績等により変動します。 ＊退職金共済には試用期間終了後加入します。 ＊宿直は月４〜５回程度。勤務１回につき４５００円の手当を支給 します。 ●希望により職場見学も可能。 ハローワークを通じてお申込み下さい。 ●令和７年４月より年次公休１０８日から１２０日へ増加しました また、職員の大事な希望日に取得できるアニバーサリー休暇を１日 付与します。（年間休日は１２１日になります） より労働条件の明示を受けてください。,2026年9月7日求人票（宮崎県住宅リフォーム）_1.pdf,22
事務・営業事務・広報,派）住宅会社での総合事務／宮崎市,カブシキガイシャスープルミヤザキシテン 株式会社スープル宮崎支店,宮崎,労働者派遣業,〒880-0212 宮崎県宮崎市佐土原町下那珂 佐土原町駅から徒歩20分,210528,210528,True,False,必要な経験・知識・技能等不問,不不問問,・ｗｉｎｄｏｗｓ基本操作 ・Ｗｏｒｄ、Ｅｘｃｅｌ基本操作,,・データ入力（売上、顧客情報） ・書類作成（見積、伝票、請求書、領収書、契約書作成等） ・顧客と業者間の調整業務 ・電話、来客応対 ・経費精算 ・勤怠管理 ・発注、納品 ・工事スケジュール調整、管理 ・その他不随する業務 ＊変更範囲：変更なし 有期雇用派遣労働者 正社員登用ななしし 正社員登用の実績（過去３年間） 就業形態派遣,求人に関する特記事項 ※派遣先事業者を離職して１年以内の方は対象となりません ※年間休日数は当該雇用期間内の休日数を年間に換算 ※職務経歴書またはジョブカードいずれかの提出で可 ※来社、オンラインでの登録も可能 ※就業前に職場見学できます より労働条件の明示を受けてください。,2026年9月7日求人票（宮崎県住宅リフォーム）_1.pdf,23
事務・営業事務・広報,ＷＥＢマーケティング・広報★住宅事業の集客ブランディング,カブシキガイシャピースホーム 株式会社ピースホーム,宮崎,一般土木建築工事業,〒880-0051 宮崎県宮崎市江平西１丁目１番２１号 宮崎神宮駅から車5分,250000,350000,False,True,必要な経験・知識・技能等必須 ・Ｗｅｂマーケティングの実務運用経験（１年以上） ・数字（ＣＰＡ／ＣＶＲ／集客数など）を意識したマーケティング 施策や改善アプローチができる方,普通自動車運転免許必須 （AT限定可）,,,お客様に「ピースホームの家づくり」を知っていただき、 満足・感動をもたらす出会いを創出する 非常にやりがいのあるお仕事です。 ・Ｗｅｂ広告・各種施策の運用・最適化 ┗Ｍｅｔａ広告（Ｆａｃｅｂｏｏｋ／Ｉｎｓｔａｇｒａｍ）、 Ｇｏｏｇｌｅ広告をはじめとするＷｅｂ広告の運用および数値管理 ┗公式ＳＮＳ（Ｉｎｓｔａｇｒａｍ／ＹｏｕＴｕｂｅ）や Ｗｅｂサイトを活用したコンテンツ施策の企画・運用 ・プロモーション・イベント企画の推進 ・分析および改善提案 ・チームマネジメント・後輩育成 正社員 正社員登用 正社員登用の実績（過去３年間） 就業形態派遣・請負ではない,求人に関する特記事項 ＊ご希望があればキャリアアップのためのサポートも行います。 ＊有給休暇が取得しやすい会社です。 ＊仕事と家庭の両立応援宣言企業です。ワークライフバランスを重 視した働き方ができます。 ＊宮崎県認定の働きやすい職場「ひなたの極」取得事業所です。 ＊服装はオフィスカジュアルです。 ※昇給：評価制度により昇給・降給があります。 ※賞与：会社業績、評価によります。 ＊変更範囲：変更なし ホームページもございますので、是非ご覧下さい。 ｈｔｔｐｓ：／／ｗｗｗ．ｐｅａｃｅｈｏｍｅ．ｊｐ オンライン自主応募可（自主応募の場合は紹介状を不要とします） より労働条件の明示を受けてください。,2026年9月7日求人票（宮崎県住宅リフォーム）_1.pdf,24
住宅・リフォーム営業（提案営業）,新築住宅の営業スタッフ／宮崎市,カブシキガイシャニチダイケンチク 株式会社日大建築,宮崎,木造建築工事業,〒880-0951 宮崎県宮崎市大塚町樋ノ口１９３３ー３ 宮崎駅から車10分,252000,302000,False,True,必要な経験・知識・技能等必須 住宅営業の経験,普通自動車運転免許必須 （AT限定可）,簡易的なパソコン作業,,【事業拡大につき、増員募集します！】 ハウスメーカーでの営業経験をお持ちの方、 これまでの経験を活かして即戦力として活躍しませんか？ ご来店されたお客様やモデルハウス・住宅イベントに参加された方 へ、以下の業務をお任せします。 ・土地の紹介 ・間取りプランのご提案 ・資金計画、ライフプランのご提案 ・引き渡しまでのサポート ・社有車または自家用車使用（自家用車：ガソリン代支給） ＊変更範囲：変更無し 正社員 正社員登用 正社員登用の実績（過去３年間） 就業形態派遣・請負ではない,求人に関する特記事項 ＜想定年収＞４８０万円ー７５０万円 ※昨年度営業担当年収実績６８０万ー８２０万 ★「仕事とプライベート両立させ充実させる」ことを大切にします ★業務拡大の為、共に働く仲間を募集します。 ★４０代前後の先輩社員がサポート。質問しやすく、安心して成長 できる環境です 『ライフスタイルに合わせた家づくり』をコンセプトにお客様の 夢を共に叶えたい方、家づくりを楽しめる方、歓迎いたします。 ＊マイカー通勤可 ＊自家用車を利用して移動の場合は、ガソリン代は全額負担します ＊昇給・賞与あり ＊住宅営業の経験はなくても歓迎します ＊もちろん、経験者や宅建所有者歓迎！ オンライン自主応募可 より労働条件の明示を受けてください。,2026年9月7日求人票（宮崎県住宅リフォーム）_1.pdf,25
住宅・リフォーム営業（提案営業）,新築住宅の営業スタッフ／高鍋店,カブシキガイシャニチダイケンチク 株式会社日大建築,宮崎,木造建築工事業,〒884-0002 宮崎県児湯郡高鍋町大字北高鍋１３６５ 「高鍋店」 高鍋駅から車5分,252000,302000,True,True,必要な経験・知識・技能等不問,普通自動車運転免許必須 （AT限定可）,簡易的なパソコン作業,,ご来店されたお客様や、モデルハウスや住宅イベントに 参加された方へ、住宅のご提案をしていただきます。 ・土地の紹介 ・間取りプランのご提案 ・資金計画、ライフプランのご提案 ・引き渡しまでのサポート ・社有車または自家用車使用（自家用車：ガソリン代支給） ※入社後どちらになるか決定 ＊未経験の方も安心してスタートできます ＊経験豊富な先輩社員に同行して実務を学ぶ研修期間があります ＊研修後は、当社の建売住宅の営業から始めていただきます ※飛び込み営業は一切ありません＊変更範囲：変更なし 正社員 正社員登用 正社員登用の実績（過去３年間） 就業形態派遣・請負ではない,求人に関する特記事項 ＜想定年収＞４８０万円〜７５０万円 ※昨年度営業担当年収実績６８０万〜８２０万 ★「仕事とプライベート両立させ充実させる」ことを大切にします ★業務拡大の為、共に働く仲間を募集します。 ★４０代前後の先輩社員がサポート。質問しやすく、安心して成長 できる環境です 『ライフスタイルに合わせた家づくり』をコンセプトにお客様の 夢を共に叶えたい方、家づくりを楽しめる方、歓迎いたします。 ＊マイカー通勤可 ＊自家用車を利用して移動の場合は、ガソリン代は全額負担します ＊昇給・賞与あり ＊住宅営業の経験はなくても歓迎します！ ＊もちろん、経験者や宅建所有者歓迎！ ＊オンライン自主応募可 より労働条件の明示を受けてください。,2026年9月7日求人票（宮崎県住宅リフォーム）_1.pdf,26
住宅・リフォーム営業（提案営業）,住宅営業／タマホーム延岡店,タマホームカブシキガイシヤ タマホーム株式会社,宮崎,木造建築工事業,〒882-0862 宮崎県延岡市浜町４０８－２０ タマホーム延岡店,211000,467000,False,True,必要な経験・知識・技能等あれば尚可 住宅営業経験、他業種での営業経験,宅地建物取引士（旧：宅地建物取引主任者）あれば尚可 普通自動車運転免許必須 （AT限定可）,,,モデルハウスに来場されたお客様へ、タマホームの住宅を提 案していただきます。一方的な飛び込み営業は禁止のため、 お客様と一緒にじっくりと「理想の家づくり」が可能！ 主な業務内容は、下記のとおりです。 ●住宅に関するご希望のヒアリング、プラン作成 ●住宅建設地の敷地調査、現地調査、役所調査 ●住宅ローンのご相談等 変更範囲：変更なし 正社員 正社員登用 正社員登用の実績（過去３年間） 就業形態派遣・請負ではない,求人に関する特記事項 ＊全国転勤ありの求人です。 ＊賃金は経験により決定します。 ＊賞与は業績により変動いたします。 ＊応募書類は返送いたしません。 ＊有給休暇については入社時に前倒しで１０日付与となります。 ＜選考の流れ書類選考→面接＞ 質問がない場合、ハローワークの紹介を受ければ事前連絡がなくて も応募可能です。応募希望の方は、履歴書（写真貼付）・職歴があ る方は職務経歴書・ハローワークの紹介状をお送り下さい。 書類到着後、１０営業日程度でご連絡いたします。 〈モデル年収〉 入社７年目－４０歳・全国社員年収１，０６０万円 入社４年目－３５歳・地域限定社員年収７４０万円 ※２０２０年度全職種平均年収６９３万円（前年比３８万円増） より労働条件の明示を受けてください。,2026年9月7日求人票（宮崎県住宅リフォーム）_1.pdf,27
住宅・リフォーム営業（提案営業）,住宅営業／タマホーム延岡店／エリア限定社員,タマホームカブシキガイシヤ タマホーム株式会社,宮崎,木造建築工事業,〒882-0862 宮崎県延岡市浜町４０８－２０ タマホーム延岡店,197000,454000,False,True,必要な経験・知識・技能等あれば尚可 住宅営業経験、他業種での営業経験,宅地建物取引士（旧：宅地建物取引主任者）あれば尚可 普通自動車運転免許必須 （AT限定可）,,,モデルハウスに来場されたお客様へ、タマホームの住宅を提 案していただきます。一方的な飛び込み営業は禁止のため、 お客様と一緒にじっくりと「理想の家づくり」が可能！ 主な業務内容は、下記のとおりです。 ●住宅に関するご希望のヒアリング、プラン作成 ●住宅建設地の敷地調査、現地調査、役所調査 ●住宅ローンのご相談等 変更範囲：変更なし 正社員 正社員登用 正社員登用の実績（過去３年間） 就業形態派遣・請負ではない,求人に関する特記事項 ＊下記エリア内で転勤の可能性がある求人です。 九州・沖縄エリア：福岡県、佐賀県、長崎県、大分県、熊本県、 宮崎県、鹿児島県、沖縄県 ＊賃金は経験により決定します。 ＊賞与は業績により変動いたします。 ＊応募書類は返送いたしません。 ＊有給休暇については入社時に前倒しで１０日付与となります。 ＜選考の流れ書類選考→面接＞ 質問がない場合、ハローワークの紹介を受ければ事前連絡がなくて も応募可能です。応募希望の方は、履歴書（写真貼付）・職歴があ る方は職務経歴書・ハローワークの紹介状をお送り下さい。 書類到着後、１０営業日程度でご連絡いたします。 〈モデル年収〉 入社７年目－４０歳・全国社員年収１，０６０万円 入社４年目－３５歳・地域限定社員年収７４０万円 ※２０２０年度全職種平均年収６９３万円（前年比３８万円増） より労働条件の明示を受けてください。,2026年9月7日求人票（宮崎県住宅リフォーム）_1.pdf,28
住宅・リフォーム営業（提案営業）,住宅営業／タマホーム延岡店／地域限定社員,タマホームカブシキガイシヤ タマホーム株式会社,宮崎,木造建築工事業,〒882-0862 宮崎県延岡市浜町４０８－２０ タマホーム延岡店,195000,441000,False,True,必要な経験・知識・技能等あれば尚可 住宅営業経験、他業種での営業経験,宅地建物取引士（旧：宅地建物取引主任者）あれば尚可 普通自動車運転免許必須 （AT限定可）,,,モデルハウスに来場されたお客様へ、タマホームの住宅を提 案していただきます。一方的な飛び込み営業は禁止のため、 お客様と一緒にじっくりと「理想の家づくり」が可能！ 主な業務内容は、下記のとおりです。 ●住宅に関するご希望のヒアリング、プラン作成 ●住宅建設地の敷地調査、現地調査、役所調査 ●住宅ローンのご相談等 変更範囲：変更なし 正社員 正社員登用 正社員登用の実績（過去３年間） 就業形態派遣・請負ではない,求人に関する特記事項 ＊転居をしない範囲で、転勤の可能性がある求人です。 ＊賃金は経験により決定します。 ＊賞与は業績により変動いたします。 ＊応募書類は返送いたしません。 ＊有給休暇については入社時に前倒しで１０日付与となります。 ＜選考の流れ書類選考→面接＞ 質問がない場合、ハローワークの紹介を受ければ事前連絡がなくて も応募可能です。応募希望の方は、履歴書（写真貼付）・職歴があ る方は職務経歴書・ハローワークの紹介状をお送り下さい。 書類到着後、１０営業日程度でご連絡いたします。 〈モデル年収〉 入社７年目－４０歳・全国社員年収１，０６０万円 入社４年目－３５歳・地域限定社員年収７４０万円 ※２０２０年度全職種平均年収６９３万円（前年比３８万円増） より労働条件の明示を受けてください。,2026年9月7日求人票（宮崎県住宅リフォーム）_1.pdf,29
住宅・リフォーム営業（提案営業）,住宅営業／タマホーム宮崎店,タマホームカブシキガイシヤ タマホーム株式会社,宮崎,木造建築工事業,〒880-0841 宮崎県宮崎市吉村町下り松甲２４８５—２ タマホーム宮崎店,211000,467000,False,True,必要な経験・知識・技能等あれば尚可 住宅営業経験、他業種での営業経験,宅地建物取引士（旧：宅地建物取引主任者）あれば尚可 普通自動車運転免許必須 （AT限定可）,,,モデルハウスに来場されたお客様へ、タマホームの住宅を提 案していただきます。一方的な飛び込み営業は禁止のため、 お客様と一緒にじっくりと「理想の家づくり」が可能！ 主な業務内容は、下記のとおりです。 ●住宅に関するご希望のヒアリング、プラン作成 ●住宅建設地の敷地調査、現地調査、役所調査 ●住宅ローンのご相談等 変更範囲：変更なし 正社員 正社員登用 正社員登用の実績（過去３年間） 就業形態派遣・請負ではない,求人に関する特記事項 ＊全国転勤ありの求人です。 ＊賃金は経験により決定します。 ＊賞与は業績により変動いたします。 ＊応募書類は返送いたしません。 ＊有給休暇については入社時に前倒しで１０日付与となります。 ＜選考の流れ書類選考→面接＞ 質問がない場合、ハローワークの紹介を受ければ事前連絡がなくて も応募可能です。応募希望の方は、履歴書（写真貼付）・職歴があ る方は職務経歴書・ハローワークの紹介状をお送り下さい。 書類到着後、１０営業日程度でご連絡いたします。 〈モデル年収〉 入社７年目－４０歳・全国社員年収１，０６０万円 入社４年目－３５歳・地域限定社員年収７４０万円 ※２０２０年度全職種平均年収６９３万円（前年比３８万円増） より労働条件の明示を受けてください。,2026年9月7日求人票（宮崎県住宅リフォーム）_1.pdf,30
住宅・リフォーム営業（提案営業）,住宅営業／タマホーム宮崎店／エリア限定社員,タマホームカブシキガイシヤ タマホーム株式会社,宮崎,木造建築工事業,〒880-0841 宮崎県宮崎市吉村町下り松甲２４８５－２ タマホーム宮崎店,197000,454000,False,True,必要な経験・知識・技能等あれば尚可 住宅営業経験、他業種での営業経験,宅地建物取引士（旧：宅地建物取引主任者）あれば尚可 普通自動車運転免許必須 （AT限定可）,,,モデルハウスに来場されたお客様へ、タマホームの住宅を提 案していただきます。一方的な飛び込み営業は禁止のため、 お客様と一緒にじっくりと「理想の家づくり」が可能！ 主な業務内容は、下記のとおりです。 ●住宅に関するご希望のヒアリング、プラン作成 ●住宅建設地の敷地調査、現地調査、役所調査 ●住宅ローンのご相談等 変更範囲：変更なし 正社員 正社員登用 正社員登用の実績（過去３年間） 就業形態派遣・請負ではない,求人に関する特記事項 ＊下記エリア内で転勤の可能性がある求人です。 九州・沖縄エリア：福岡県、佐賀県、長崎県、大分県、熊本県、 宮崎県、鹿児島県、沖縄県 ＊賃金は経験により決定します。 ＊賞与は業績により変動いたします。 ＊応募書類は返送いたしません。 ＊有給休暇については入社時に前倒しで１０日付与となります。 ＜選考の流れ書類選考→面接＞ 質問がない場合、ハローワークの紹介を受ければ事前連絡がなくて も応募可能です。応募希望の方は、履歴書（写真貼付）・職歴があ る方は職務経歴書・ハローワークの紹介状をお送り下さい。 書類到着後、１０営業日程度でご連絡いたします。 〈モデル年収〉 入社７年目－４０歳・全国社員年収１，０６０万円 入社４年目－３５歳・地域限定社員年収７４０万円 ※２０２０年度全職種平均年収６９３万円（前年比３８万円増） より労働条件の明示を受けてください。,2026年9月7日求人票（宮崎県住宅リフォーム）_1.pdf,31
住宅・リフォーム営業（提案営業）,住宅営業／タマホーム宮崎店／地域限定社員,タマホームカブシキガイシヤ タマホーム株式会社,宮崎,木造建築工事業,〒880-0841 宮崎県宮崎市吉村町下り松甲２４８５－２ タマホーム宮崎店,195000,441000,False,True,必要な経験・知識・技能等あれば尚可 住宅営業経験、他業種での営業経験,宅地建物取引士（旧：宅地建物取引主任者）あれば尚可 普通自動車運転免許必須 （AT限定可）,,,モデルハウスに来場されたお客様へ、タマホームの住宅を提 案していただきます。一方的な飛び込み営業は禁止のため、 お客様と一緒にじっくりと「理想の家づくり」が可能！ 主な業務内容は、下記のとおりです。 ●住宅に関するご希望のヒアリング、プラン作成 ●住宅建設地の敷地調査、現地調査、役所調査 ●住宅ローンのご相談等 変更範囲：変更なし 正社員 正社員登用 正社員登用の実績（過去３年間） 就業形態派遣・請負ではない,求人に関する特記事項 ＊転居をしない範囲で、転勤の可能性がある求人です。 ＊賃金は経験により決定します。 ＊賞与は業績により変動いたします。 ＊応募書類は返送いたしません。 ＊有給休暇については入社時に前倒しで１０日付与となります。 ＜選考の流れ書類選考→面接＞ 質問がない場合、ハローワークの紹介を受ければ事前連絡がなくて も応募可能です。応募希望の方は、履歴書（写真貼付）・職歴があ る方は職務経歴書・ハローワークの紹介状をお送り下さい。 書類到着後、１０営業日程度でご連絡いたします。 〈モデル年収〉 入社７年目－４０歳・全国社員年収１，０６０万円 入社４年目－３５歳・地域限定社員年収７４０万円 ※２０２０年度全職種平均年収６９３万円（前年比３８万円増） より労働条件の明示を受けてください。,2026年9月7日求人票（宮崎県住宅リフォーム）_1.pdf,32
＜業界外＞介護・看護・給食,介護職員（遅番夜勤）／住宅型有料老人ホーム風のガーデン,,宮崎,老人福祉・介護事業,〒 宮崎県宮崎市,186000,226000,False,False,必要な経験・知識・技能等あれば尚可 介護職経験,不不問問,,,定員４５床の施設での介護業務全般に従事していただきます。 夜勤の場合深夜１２時迄は４人勤務、早朝６時までは２人勤務とな ります。 夜間には主治医の先生も対応をしていただいています。 残業はありません。 変更範囲：変更なし 正社員 正社員登用 正社員登用の実績（過去３年間） 就業形態派遣・請負ではない,求人に関する特記事項 ・施設入居者２階２０人、３階２０人の介護です。 ・夜１２時迄は準夜専任者２名います。 ・朝６時には早出勤務者が出勤します。 ・２４時間体制で、かかりつけの先生が対応されます。 ・看護職員３名勤務しています。 ＊応募前の施設見学もできます。事前にお問い合わせください。 ＊直接のお問い合わせはご遠慮ください。 ハローワークからの連絡をお願いいたします。 より労働条件の明示を受けてください。,2026年9月7日求人票（宮崎県住宅リフォーム）_1.pdf,33
＜業界外＞介護・看護・給食,介護員（早出専従）／住宅型有料老人ホーム風のガーデン,,宮崎,老人福祉・介護事業,〒 宮崎県宮崎市,186000,198000,True,False,必要な経験・知識・技能等不問,介護職員初任者研修修了者必須 ホームヘルパー２級あれば尚可 介護福祉士あれば尚可 いずれかの免許・資格所持で可,,,定員４５床の施設での早出介護業務となります。 ・食事、トイレ、入浴の介助、オムツ交換等の介護業務全般を行っ て頂きます。 ＊看護職員が３名勤務しています。 ＊年齢応相談可 ＊変更範囲：変更なし 正社員 正社員登用 正社員登用の実績（過去３年間） 就業形態派遣・請負ではない,求人に関する特記事項 ＊マイカー通勤については任意保険必須。 ・賞与は勤務６か月経過した職員が対象、但し期末手当（３月）は 対象となります。 ・高齢者の方も歓迎します。 【仕事と子育て両立応援求人】 より労働条件の明示を受けてください。,2026年9月7日求人票（宮崎県住宅リフォーム）_1.pdf,34
住宅・リフォーム営業（提案営業）,リフォームの営業,リフィックスカブシキカイシャ ＬＩＦＩＸ株式会社,宮崎,その他の職別工事業,〒885-0064 宮崎県都城市今町８９５３番地１ 西都城駅から車10分,160000,350000,False,True,必要な経験・知識・技能等あれば尚可 建設・不動産関係の営業業務経験者は優遇します。,普通自動車運転免許必須 （AT限定可）,,,＊主にリフォーム工事の営業業務全般 ＊社用車あり（普通車（ＡＴ）） 【変更範囲：変更なし】 正社員 正社員登用 正社員登用の実績（過去３年間） 就業形態派遣・請負ではない,求人に関する特記事項 より労働条件の明示を受けてください。,2026年9月7日求人票（宮崎県住宅リフォーム）_1.pdf,35
事務・営業事務・広報,リフォーム作業／事務所,オカベセツビコウギョウ 岡部設備工業,宮崎,管工事業（さく井工事業を,〒880-2116 宮崎県宮崎市大字細江１７５７ 「事務所」 宮崎南駅から車20分,184800,184800,True,True,必要な経験・知識・技能等不問,普通自動車運転免許必須 （AT限定不可）,,,リフォーム作業及び作業の補助業務を行います。 ＊現場範囲：宮崎県内 ＊社用車有り ＊未経験の方でも応募可能です。丁寧に指導致します。 ＊変更範囲：変更なし 正社員 正社員登用 正社員登用の実績（過去３年間） 就業形態派遣・請負ではない,求人に関する特記事項 より労働条件の明示を受けてください。,2026年9月7日求人票（宮崎県住宅リフォーム）_1.pdf,36
＜業界外＞介護・看護・給食,介護職員（住宅型有料老人ホーム・サンマリン日向）,カブシキガイシャミワジュウタクガタユウリョウロウジンホームサンマリンヒュウガ 株式会社美和（住宅型有料老人ホーム・サンマリン日向）,宮崎,老人福祉・介護事業,〒883-0022 宮崎県日向市大字平岩４５６－１ 日豊本線南日向駅から車1分,183000,218000,True,False,必要な経験・知識・技能等不問,ホームヘルパー２級必須 介護職員初任者研修修了者必須 介護福祉士必須 いずれかの免許・資格所持で可,,,『住宅型有料老人ホーム・サンマリン日向』において 高齢者の介護業務全般（施設入居者３３名程度） 生活介助（食事、入浴、排泄の介助等） 月の総支給額は夜勤手当（４回の場合）含め、 ２１５，０００円〜２５０，０００円程度です。 職場見学可。 【介護】 【変更範囲：変更なし】 正社員 正社員登用 正社員登用の実績（過去３年間） 就業形態派遣・請負ではない,求人に関する特記事項 【中高年層（ミドルシニア）歓迎求人】 「中高年層（概ね３５歳以上６０歳未満の者）で正社員雇用機会に 恵まれなかった方歓迎」 ＊６０歳以上の方も積極的にご応募下さい。 ＊夜勤は慣れてきた１ヶ月〜２ヶ月経過後より開始。 ＊夜勤の有無、回数については面接時に相談可。 より労働条件の明示を受けてください。,2026年9月7日求人票（宮崎県住宅リフォーム）_1.pdf,37
＜業界外＞介護・看護・給食,介護職員（デイサービス・住宅型有料老人ホーム）夜勤なし可,カブシキカイシャヒメノ 株式会社姫野,宮崎,老人福祉・介護事業,〒889-0611 宮崎県東臼杵郡門川町大字門川尾末７７３番地５ 日豊本線門川駅から車5分,182400,185000,True,True,必要な経験・知識・技能等不問,介護福祉士必須 普通自動車運転免許必須 （AT限定可）,,,日勤専門または日勤＋夜勤（週１回）で相談できます。 食事介助、入浴介助、排泄介助等。 利用者の身の回りの援助等。 レクレーション実施。生活支援記録作成（手書き）。 通所者送迎業務（現在送迎はありませんが必要時にお願いする場 合があります。） 夜勤の出来る方には住宅型有料老人ホームでの利用者の身の回りの 支援、夜間の見守り業務をお願いします。 【介護】 「変更範囲：変更無し」 正社員 正社員登用 正社員登用の実績（過去３年間） 就業形態派遣・請負ではない,求人に関する特記事項 興味のある方はホームページ閲覧下さい。 ｈｔｔｐ：／／ｗｗｗ．ｓａｋｕｒａｎｂｏ‐ｃａｒｅ．ｃｏｍ ＊６０歳以上の方も積極的にご応募下さい。 ＊職場見学可能です。ぜひご覧になってご応募ください。 見学は事前にハローワークを通じてお問い合わせください。 より労働条件の明示を受けてください。,2026年9月7日求人票（宮崎県住宅リフォーム）_1.pdf,38
＜業界外＞介護・看護・給食,介護スタッフ／住宅型有料老人ホーム,カブシキガイシャユズリハ 株式会社ゆずり葉,宮崎,老人福祉・介護事業,〒880-0124 宮崎県宮崎市大字新名爪４４５０－１ 日向住吉駅から車8分,189000,218000,False,False,必要な経験・知識・技能等あれば尚可 施設などでの介護業務,ホームヘルパー２級必須 介護福祉士あれば尚可 普通自動車運転免許あれば尚可（AT限定可）,簡単な入力作業あり,,住宅型有料老人ホーム（２７床）での介護業務全般 ・食事、入浴、排泄などの介護業務 ・生活援助、相談援助 ・簡単な記録作業 ※未経験の方も安心して働ける研修制度が充実しています。 ※夜勤あり ＊変更範囲：変更なし 正社員 正社員登用 正社員登用の実績（過去３年間） 就業形態派遣・請負ではない,求人に関する特記事項 ゆずり葉のスタッフは、皆笑顔が素敵です。 ※「ゆずり葉新名爪」で検索し、ホームページをご覧ください。 ゆずり葉ミッション ＊＊「おもんぱかる心の種をまき、世界に広げる」＊＊ ＊月の平均所定労働時間１７２時間 より労働条件の明示を受けてください。,2026年9月7日求人票（宮崎県住宅リフォーム）_1.pdf,39
住宅・リフォーム営業（提案営業）,住宅アドバイザー,カブシキガイシャモリケンチク 株式会社森建築,宮崎,木造建築工事業,〒880-2104 宮崎県宮崎市大字浮田９２２番地３ 宮崎駅から車20分,260000,340000,True,True,必要な経験・知識・技能等不問,普通自動車運転免許必須 （AT限定可）,,,・ホームページやお電話で問い合わせのあったお客様の対応や完成 見学会を行い、新規顧客獲得をしていただきます。 ・ヒアリング、融資のお手伝い、プレゼン、契約、上棟引渡し、 アフターフォローまで設計や工務と協力しながら一貫して担当し ていただきます。 ＊外出することがあります。主に宮崎市内。 社有車あり（ＡＴ限定可） ＊変更範囲：変更なし 正社員 正社員登用 正社員登用の実績（過去３年間） 就業形態派遣・請負ではない,求人に関する特記事項 ＊応募者本人からの直接の電話連絡はご遠慮下さい。 安定所職員の方から電話連絡をお願いします。 より労働条件の明示を受けてください。,2026年9月7日求人票（宮崎県住宅リフォーム）_1.pdf,40
＜業界外＞介護・看護・給食,夜勤専任介護職（住宅型有料老人ホームこもれびの里）,ユウゲンガイシャヒダマリノイエジュウタクガタユウリョウロウジンホームコモレビノサト 有限会社ひだまりの家住宅型有料老人ホームこもれびの里,宮崎,老人福祉・介護事業,〒882-0033 宮崎県延岡市川原崎町９７番地 延岡駅から徒歩15分,180000,230000,True,False,必要な経験・知識・技能等不問,不不問問,,,住宅型有料老人ホームこもれびの里における介護業務全般を行って いただきます。定期巡視、起床支援、食事介助、就寝支援、日常生 活上の必要な見守り、介助等を行います。 こもれびの里は比較的自立した高齢者を入居対象とした小規模の施 設です。令和７年９月８日に定員を２０名に増設し、リニューアル オープンしました。 施設での勤務がなくてもサポート・指導を丁寧にさせていただきま すので、安心してご応募下さい。 夜勤は月に８〜１０回程度です。 ※月に１回、日曜日に７：００〜１６：００の勤務があります。 【変更範囲：変更なし】 正社員 正社員登用 正社員登用の実績（過去３年間） 就業形態派遣・請負ではない,求人に関する特記事項 【中高年齢層（ミドルシニア）歓迎求人】 「中高年層（概ね３５歳以上から６０歳未満）で正社員雇用の機会 に恵まれなかった方歓迎」 より労働条件の明示を受けてください。,2026年9月7日求人票（宮崎県住宅リフォーム）_1.pdf,41
住宅・リフォーム営業（提案営業）,リフォームスタッフ（未経験も可）,,宮崎,一般土木建築工事業,〒 宮崎県都城市(cid:0),228000,252000,False,True,必要な経験・知識・技能等あれば尚可 木造住宅のリフォームに関する経験・知識があれば尚可,普通自動車運転免許必須 （AT限定可）,Ｗｏｒｄ、Ｅｘｃｅｌ 建築ＣＡＤ（あれば尚可）,,＊主に住宅のリノベーション・リフォームの見積・設計・積算業務 ・現場工程管理 ※ＯＪＴ（マネージャーの指示による）で徐々に業務範囲を広げて いってもらいます。 ※経験・知識がなくても出来ることから覚えていただきます。 「変更範囲：変更なし」 正社員 正社員登用 正社員登用の実績（過去３年間） 就業形態派遣・請負ではない,求人に関する特記事項 ＊制服貸与 ＊マイカー通勤：無料駐車場あり ＊年１回社員研修旅行あり ＊年１回誕生日前後に最長９日間のリフレッシュ休暇取得（取得率 １００％） ＊事前に履歴書、職務経歴書、紹介状を郵送（Ｅメール・マイペー ジも可。持参不可）して下さい。応募書類到着後、３日以内に面 接日を連絡いたします（安定所からの連絡が必要です）。 ※オンラインハローワーク紹介の場合の応募書類は、紙・データど ちらでも受付可能です。 ※オンライン自主応募可（自主応募の場合、ハローワーク紹介状は 不要です。） より労働条件の明示を受けてください。,2026年9月7日求人票（宮崎県住宅リフォーム）_1.pdf,42
＜業界外＞介護・看護・給食,看護職／住宅型有料老人ホームさくらの里（夜勤あり）,カブシキガイシヤマルヨシサクラノサト 株式会社丸喜さくらの里,宮崎,老人福祉・介護事業,〒889-1302 宮崎県児湯郡川南町大字平田９１１－６,175956,225000,True,True,必要な経験・知識・技能等不問,看護師必須 普通自動車運転免許必須 （AT限定可）,,,利用者の病院送迎や服薬管理がメインの仕事です。 その他日中は隣接するデイサービス利用者の看護業務、夕方以降は 老人ホームで介護職と一緒に夕食・トイレ介助・夜間見守り等があ ります。 ●利用者は約４０名です。日中は隣接しているデイサービスを利用 されます ●病院送迎は社用車を使用します（軽のＡＴ車） ●胃ろうや吸引はありません。夜勤は２名体制で慣れるまで、１か 月間はペア職員と一緒に業務を覚えます（マニュアルあり） ●現在は、看護職員が１名在籍しています 【変更範囲：変更なし】 正社員 正社員登用 正社員登用の実績（過去３年間） 就業形態派遣・請負ではない,求人に関する特記事項 ●高台にあり、隣接しているデイサービスの利用者は施設（さくら の里）の方がほとんどです。時期になると紫陽花や桜も満開にな り、海も見ることができる。とても景色が良い場所にあります ●幅広い世代が活躍しています ●６０歳以上の方も活躍しています ●画像情報あり ハローワークインターネットシステムで事業所画像が見られます 「求人検索結果」→「詳細を表示」→仕事内容の下に表示 ●ホームページにも施設写真が掲載されているのでご覧ください ＊制服あり（貸与） ＊無料駐車場あり ＊事業所チラシをハローワーク高鍋ロビー掲載中 より労働条件の明示を受けてください。,2026年9月7日求人票（宮崎県住宅リフォーム）_1.pdf,43
＜業界外＞介護・看護・給食,介護職員（住宅型有料老人ホームさくらの里）【経験不問】,カブシキガイシヤマルヨシサクラノサト 株式会社丸喜さくらの里,宮崎,老人福祉・介護事業,〒889-1301 宮崎県児湯郡川南町大字川南１５０１６－２９ 『住宅型有料老人ホームさくらの里』,175956,228500,True,False,必要な経験・知識・技能等不問,ホームヘルパー２級必須 介護福祉士必須 介護職員初任者研修修了者必須 いずれかの免許・資格所持で可,,,・住宅型有料老人ホームさくらの里における食事介助、排泄介助 や生活相談等 （利用者は約４０名。日中は、日曜と年始以外は隣接しているデイ サービスを利用されています） ・その他付随業務 ＊詳細は面接時説明します。 ＊変更範囲：変更なし 正社員 正社員登用 正社員登用の実績（過去３年間） 就業形態派遣・請負ではない,求人に関する特記事項 ＊制服：あり ＊無料駐車場あり ＊希望休相談可 ＊昇給について：今年度は実績あり ＊賞与について：事業所実績により変更あり、今年度は支給あり ＊夜勤時の休憩時間（２２〜２３時、２〜３時） ＊紹介時要連絡 【幅広い世代が活躍しています】 ６０歳以上の方も活躍できます ＊高台にあり、利用者は隣接している施設の方がほとんどです。 時期になるとあじさいや桜も満開になり、海も見ることができ とても景色が良い場所にあります。 事業所チラシをハローワーク高鍋ロビー掲載中 より労働条件の明示を受けてください。,2026年9月7日求人票（宮崎県住宅リフォーム）_1.pdf,44
＜業界外＞介護・看護・給食,介護職／住宅型有料老人ホーム加納の里,イリョウホウジンシャダンリョウウンカイジュウタクガタユウリョウロウジンホームカノウノサトスズラン 医療法人社団凌雲会住宅型有料老人ホーム加納の里すずらん,宮崎,老人福祉・介護事業,〒889-1607 宮崎県宮崎市清武町加納２丁目５１－１ 加納駅から徒歩10分,210000,220000,True,False,必要な経験・知識・技能等不問,ホームヘルパー２級必須 ホームヘルパー１級必須 介護職員初任者研修修了者必須 いずれかの免許・資格所持で可,,,ご利用者様の介護業務。食事や入浴、排泄等をはじめ、掃除、洗濯 等の生活支援等の業務を行います。 ・その他、介護サービスの付随業務を行っていただきます。 ＊利用者定員４８名 ＊夜勤は月に４〜５回 ＊変更範囲：法人の指定する業務 正社員 正社員登用 正社員登用の実績（過去３年間） 就業形態派遣・請負ではない,求人に関する特記事項 ＊賞与は、夏冬以外に５月に処遇改善加算金賞与があります。 ＊月平均所定労働時間は１７２時間です。 より労働条件の明示を受けてください。,2026年9月7日求人票（宮崎県住宅リフォーム）_1.pdf,45
住宅・リフォーム営業（提案営業）,新築住宅アドバイザー／小林スタジオ,カブシキガイシャピースホーム 株式会社ピースホーム,宮崎,一般土木建築工事業,〒886-0004 宮崎県小林市細野４６６－８ 「小林スタジオ」 吉都線小林駅から車5分,227000,349000,False,True,必要な経験・知識・技能等あれば尚可 ・住宅、不動産業界 ・ハウスメーカーでの勤務経験 ・接客業（販売や飲食店など）,宅地建物取引士（旧：宅地建物取引主任者）あれば尚可 普通自動車運転免許必須 （AT限定可）,Ｗｏｒｄ・Ｅｘｃｅｌ・ＰｏｗｅｒＰｏｉｎｔの基本的な操作,,【お仕事内容】 ピースホームの新築戸建住宅の アドバイザーとして、お客様のご相談や ご要望に対応していただきます。 ━━━━━【対象のお客様】━━━━━ モデルハウス見学会や住宅相談会にご来場のお客様 ホームページやＳＮＳからお問い合わせいただいたお客様 ━━━━━【お仕事の魅力】━━━━━━ 「アドバイザー」という職種のため、営業というよりもお客様の相 談役として活躍できます！ お客様の理想の住まいづくりをサポートするやりがいのあるお仕事 です 正社員 正社員登用 正社員登用の実績（過去３年間） 就業形態派遣・請負ではない,求人に関する特記事項 ＊ブランクのある方でも段階を踏んで丁寧に指導、 サポートしますので、安心して勤務して頂けます。 先輩社員による、実務に取り組みながら知識、スキルを身につけ ていくための研修など新人教育が充実しております。 ＊新人研修以外にも研修制度が充実しています。 ご希望があればキャリアアップのためのサポートも行います。 ＊有給が取得しやすい会社です。 ＊仕事と家庭の両立応援宣言企業です。 ワークライフバランスを重視した働き方ができます。 ＊宮崎県認定の働きやすい職場「ひなたの極」取得事業所です。 ＊子育て世代が活躍中。服装はオフィスカジュアルです。 ※昇給：評価制度により昇給・降給があります。 ※賞与：実績・評価によります。 お客様の夢を叶えるお手伝いをしたい方、人との会話や接客が得意 な方、スケジュール管理が得意な方に最適なお仕事です。 ホームページもございますので、是非ご覧下さい。 ｈｔｔｐｓ：／／ｗｗｗ．ｐｅａｃｅｈｏｍｅ．ｊｐ より労働条件の明示を受けてください。,2026年9月7日求人票（宮崎県住宅リフォーム）_1.pdf,46
住宅・リフォーム営業（提案営業）,新築住宅アドバイザー／江平本社,カブシキガイシャピースホーム 株式会社ピースホーム,宮崎,一般土木建築工事業,〒880-0051 宮崎県宮崎市江平西１丁目１番２１号 宮崎神宮駅から車5分,227000,349000,False,True,必要な経験・知識・技能等あれば尚可 ・住宅、不動産業界 ・ハウスメーカーでの勤務経験 ・接客業（販売や飲食店など）,宅地建物取引士（旧：宅地建物取引主任者）あれば尚可 普通自動車運転免許必須 （AT限定可）,Ｗｏｒｄ・Ｅｘｃｅｌ・ＰｏｗｅｒＰｏｉｎｔの基本的な操作,,【お仕事内容】 ━━━━━━━━━━━━━━━━━━━ ピースホームの新築戸建住宅のアドバイザーとして、 お客様のご相談やご要望に対応していただきます。 ━━━━━【対象のお客様】━━━━━ モデルハウス見学会や住宅相談会にご来場のお客様 ホームページやＳＮＳからお問い合わせいただいたお客様 ━━━━━【お仕事の魅力】━━━━━━ 「アドバイザー」という職種のため、営業というよりもお客様の相 談役として活躍できます！ お客様の理想の住まいづくりをサポートするやりがいのあるお仕事 ◎ 正社員 正社員登用 正社員登用の実績（過去３年間） 就業形態派遣・請負ではない,求人に関する特記事項 ＊ブランクのある方でも段階を踏んで丁寧に指導、 サポートしますので、安心して勤務して頂けます。 先輩社員による、実務に取り組みながら知識、スキルを身につけ ていくための研修など新人教育が充実しております。 ＊新人研修以外にも研修制度が充実しています。 ご希望があればキャリアアップのためのサポートも行います。 ＊有給が取得しやすい会社です。 ＊仕事と家庭の両立応援宣言企業です。 ワークライフバランスを重視した働き方ができます。 ＊宮崎県認定の働きやすい職場「ひなたの極」取得事業所です。 ＊子育て世代が活躍中。服装はオフィスカジュアルです。 ※昇給：評価制度により昇給・降給があります。 ※賞与：実績・評価によります。 お客様の夢を叶えるお手伝いをしたい方、人との会話や接客が得意 な方、スケジュール管理が得意な方に最適なお仕事です。 ホームページもございますので、是非ご覧下さい。 ｈｔｔｐｓ：／／ｗｗｗ．ｐｅａｃｅｈｏｍｅ．ｊｐ より労働条件の明示を受けてください。,2026年9月7日求人票（宮崎県住宅リフォーム）_1.pdf,47
住宅・リフォーム営業（提案営業）,リフォーム営業,カブシキカイシャマツモトケンセツ 株式会社松元建設,宮崎,その他の職別工事業,〒885-0016 宮崎県都城市早水町２１－１１－２ 都城駅から車10分,210000,250000,True,True,必要な経験・知識・技能等不問,普通自動車運転免許必須 （AT限定可）,,,＊主に住宅リフォームの現地調査・お客様との打ち合わせ・建築士 と共にご提案・見積作成・補助金申請・現場管理・引き渡しまで担 当して頂きます。 ＊現場：都城市内と周辺が主 「変更範囲：変更なし」 正社員 正社員登用 正社員登用の実績（過去３年間） 就業形態派遣・請負ではない,求人に関する特記事項 ≪就職支度金を１ヶ月分支給します。≫ 詳細は面接時に説明します。 無料駐車場あり。 より労働条件の明示を受けてください。,2026年9月7日求人票（宮崎県住宅リフォーム）_1.pdf,48
＜業界外＞介護・看護・給食,介護職／住宅型有料老人ホーム【夜勤なし】,ユウゲンガイシャコダマショウジ 有限会社小玉商事,宮崎,老人福祉・介護事業,〒887-0015 宮崎県日南市大字平野４１９５－１ 住宅型有料老人ホーム 「ＣａｌｍＨｏｕｓｅ（カルムハウス）心の家」※２４床 ＪＲ日南線油津駅から徒歩5分,180000,185000,True,True,必要な経験・知識・技能等不問,介護職員初任者研修修了者必須 ホームヘルパー２級必須 介護福祉士あれば尚可 いずれかの免許・資格所持で可 普通自動車運転免許必須 （AT限定可）,簡単なパソコン操作（入力程度） ※できない方も指導します。安心してご応募ください。,,＜住宅型有料老人ホームでの介護職員の募集です＞ 入所された方への食事や排泄、就寝、起床、巡視、受診時の同行な どの介護支援を行います。 （入居定員は２４名）。 介護施設での経験を問わず、今の介護現場に満足していない方、こ れから介護の現場で活躍したい、頑張ってみたいと考えている方、 人が好きな方。どんな形でも構わないので自社に貢献して下さる方 を強く希望します。【介護】 【変更範囲：変更なし】 正社員 正社員登用 正社員登用の実績（過去３年間） 就業形態派遣・請負ではない,求人に関する特記事項 ＊お盆、お正月の出勤時は別途手当を支給します。 ８月１３日〜８月１５日、１２月３１日〜１月３日 （１回／５，０００円） ＊業績に応じ、夏季冬季の賞与と別に決算手当を支給します。 （１０月） ＜想定月収＞ 【基本給】１７５，０００〜１８０，０００円 【資格手当】５，０００円 【介護職員処遇改善手当】３，０００〜８，０００円 【合計】１８３，０００円〜１９３，０００円 【ハローワーク以外の職業紹介事業者、無料情報誌掲載等の勧誘の 連絡は固くお断りします】 より労働条件の明示を受けてください。,2026年9月7日求人票（宮崎県住宅リフォーム）_1.pdf,49
＜業界外＞介護・看護・給食,施設長候補／住宅型有料老人ホームしんとみ,ゴウドウカイシャリンクケア 合同会社リンクケア,宮崎,老人福祉・介護事業,〒889-1406 宮崎県児湯郡新富町大字新田１６８１ 『住宅型有料老人ホームしんとみ』,300000,340000,True,True,必要な経験・知識・技能等不問,介護福祉士必須 看護師必須 准看護師必須 いずれかの免許・資格所持で可 普通自動車運転免許必須 （AT限定可）,,,『住宅型有料老人ホームしんとみ』にて、介護業務及び訪問介護業 務、運営全般を行っていただきます。 ・食事介助、入浴介護、排泄介助等 ・ご利用者様やご家族様の対応、ご利用者様の受け入れや調整 ・スタッフの採用や育成、シフト管理 ・関係機関連携や行政対応 ・その他、付随業務 ＊変更範囲：会社の定める業務 ＊管理者経験がある方も歓迎 正社員 正社員登用 正社員登用の実績（過去３年間） 就業形態派遣・請負ではない,求人に関する特記事項 ＊制服：貸与 ＊昇給、賞与は業績に応じて支給あり ＊通勤手当は距離に応じて支給（規定あり） ＊事前に書類送付していただき、書類到着後本人へ面接日の連絡を いたします。 より労働条件の明示を受けてください。,2026年9月7日求人票（宮崎県住宅リフォーム）_1.pdf,50
配送・ドライバー,住宅資材の組立配送職（＊日向庄内駅から車で約７分）,カブシキガイシャミライフ 株式会社みらいふ,宮崎,建築材料卸売業,〒885-0004 宮崎県都城市都北町３５５１－１ 「株式会社みらいふ都城支店」 ＪＲ吉都線日向庄内駅から車7分,220000,220000,True,False,必要な経験・知識・技能等不問,５トン限定準中型自動車免許必須 準中型自動車免許必須 ５ｔ限＝Ｈ２９．３以前に取得の普免（※但しＡＴ限定不可） いずれかの免許・資格所持で可,,,◎知識や技術は入社後に丁寧に教えますので経験は一切不問です！ 弊社各支店では未経験で入社した方も多数活躍しています。 ◎主に【組立・配送・取付】を担当していただきます。 ・倉庫にて窓サッシの組立作業や網戸の張替 ・新築現場やリフォーム現場への商品配達 ※原則二人一組／〜１．５ｔトラック使用 ・慣れてきたら現場で一部取付作業 ＊仕事内容の変更範囲：変更なし 正社員 正社員登用 正社員登用の実績（過去３年間） 就業形態派遣・請負ではない,求人に関する特記事項 ★弊社各支店では１０代で入社した社員から７０代社員まで 幅広く活躍しています。知識や技術は入社後にしっかりと 身につきますので、未経験の方もぜひご検討ください！ ◎雇用・労災・社会保険は入社日から加入します。 ◎年次有給休暇付与後は半日単位での取得も可能です。 ＊事前連絡の上、履歴書・ハローワーク紹介状を右記指定住所へ 郵送してください。 書類到着後１０日以内に選考結果と面接日時をご連絡致します。 ◆ハローワークマイページからの「オンライン自主応募」機能での 受付も行っております。その場合、紹介状は不要です。 より労働条件の明示を受けてください。,2026年9月7日求人票（宮崎県住宅リフォーム）_2.pdf,1
＜業界外＞介護・看護・給食,正・准看護師（日勤）／住宅型有料老人ホームべにたけ荘,イリョウホウジンシュウワカイベニタケソウ・デイサービス・ホウモンカイゴ・キョタクカイゴシエンコサイ 医療法人就和会べにたけ荘・デイサービス・訪問介護・居宅介 護支援こさい,宮崎,老人福祉・介護事業,〒880-0121 宮崎県宮崎市大字島之内字野入６７３３番地 ＪＲ日豊本線日向住吉駅から車5分,215000,264000,True,True,必要な経験・知識・技能等不問,看護師必須 准看護師必須 いずれかの免許・資格所持で可 普通自動車運転免許必須 （AT限定可）,,,介護施設での看護・介護業務を担当していただきます。 ・健康チェックや健康相談及び指導、服薬管理他 ・併設のこさい胃腸科外科との連携、記録等 ＊３０床の施設です。 ＊オンコールはありません。 ＊現在、看護師が２名います。 ＊社有車あり ＊変更範囲：変更なし 正社員 正社員登用 正社員登用の実績（過去３年間） 就業形態派遣・請負ではない,求人に関する特記事項 ＊月の平均所定労働時間は１７３時間となります。 ＊有給の取得しやすい職場です。 ＊施設見学可。事前に（０９８５－７８－３１１１）にお電話くだ さい。 ＊介護職員処遇改善加算制度に取り組んでいます。 【仕事と子育て両立応援求人】 より労働条件の明示を受けてください。,2026年9月7日求人票（宮崎県住宅リフォーム）_2.pdf,2
＜業界外＞介護・看護・給食,介護職員／住宅型有料老人ホームべにたけ荘,イリョウホウジンシュウワカイベニタケソウ・デイサービス・ホウモンカイゴ・キョタクカイゴシエンコサイ 医療法人就和会べにたけ荘・デイサービス・訪問介護・居宅介 護支援こさい,宮崎,老人福祉・介護事業,〒880-0121 宮崎県宮崎市大字島之内字野入６７３３番地 ＪＲ日豊本線日向住吉駅から車5分,192000,224000,True,False,必要な経験・知識・技能等不問,介護職員初任者研修修了者必須 介護職員実務者研修修了者必須 介護福祉士必須 いずれかの免許・資格所持で可,,,住宅型有料老人ホームで、介護業務全般を担当していただきます。 ・食事介助、排泄介助、入浴介助、生活全般の介助等 ・簡単なパソコン入力あり ＊同施設内の『訪問介護こさい』も兼務していただきます。 ＊３０床の施設です。 ＊夜勤は２名体制 ＊夜勤回数は希望に応じます。 ＊変更範囲：変更なし 正社員 正社員登用 正社員登用の実績（過去３年間） 就業形態派遣・請負ではない,求人に関する特記事項 ＊月の平均所定労働時間は１７３時間です。 ＊有給休暇の取得しやすい職場です。 ＊施設見学可。事前に（０９８５－７８－３１１１）にお電話くだ さい。 ＊介護職員処遇改善加算制度に取り組んでいます。 【仕事と子育て両立応援求人】 より労働条件の明示を受けてください。,2026年9月7日求人票（宮崎県住宅リフォーム）_2.pdf,3
＜業界外＞介護・看護・給食,介護職員（日勤）／住宅型有料老人ホームべにたけ荘,イリョウホウジンシュウワカイベニタケソウ・デイサービス・ホウモンカイゴ・キョタクカイゴシエンコサイ 医療法人就和会べにたけ荘・デイサービス・訪問介護・居宅介 護支援こさい,宮崎,老人福祉・介護事業,〒880-0121 宮崎県宮崎市大字島之内字野入６７３３番地 ＪＲ日豊本線日向住吉駅から車5分,192000,224000,True,False,必要な経験・知識・技能等不問,介護職員初任者研修修了者必須 介護職員実務者研修修了者必須 介護福祉士必須 いずれかの免許・資格所持で可,,,住宅型有料老人ホームで、介護業務全般を担当していただきます。 ・食事介助、排泄介助、入浴介助、生活全般の介助等 ・簡単なパソコン入力あり ＊同施設内の『訪問介護こさい』も兼務していただきます。 ＊３０床の施設です。 ＊変更範囲：変更なし 正社員 正社員登用 正社員登用の実績（過去３年間） 就業形態派遣・請負ではない,求人に関する特記事項 ＊月の平均所定労働時間は１７３時間です。 ＊有給休暇の取得しやすい職場です。 ＊施設見学可。事前に（０９８５－７８－３１１１）にお電話くだ さい。 【仕事と子育て両立応援求人】 より労働条件の明示を受けてください。,2026年9月7日求人票（宮崎県住宅リフォーム）_2.pdf,4
施工管理・現場監督（工務）,工務（新築・アパート・貸家・リフォーム等）／建設部,カブシキカイシャミヤザキミナミフドウサン（アパマンショップ） 株式会社宮崎南不動産（アパマンショップ）,宮崎,不動産賃貸業（貸家業，貸,〒880-0951 宮崎県宮崎市大塚町樋ノ口１９２８－２ 「株式会社宮崎南不動産建設部」 宮崎駅から車15分,173000,200000,False,True,必要な経験・知識・技能等あれば尚可 建設業及びリフォーム業経験,二級建築士あれば尚可 ２級建築施工管理技士あれば尚可 普通自動車運転免許必須 （AT限定不可）,入力程度,,・木造住宅の新築、建売、リフォーム等の『現場管理』『軽作業』 ・アパート、貸家の維持管理、オーナー様対応 ・新築物件、リフォームのデザイン等に関わっていただく事もあり ます。 ※業務範囲は県内一円 ※社用車あり ※変更範囲：変更なし 正社員 正社員登用 正社員登用の実績（過去３年間） 就業形態派遣・請負ではない,求人に関する特記事項 ※通勤手当は別途支給（上限あり） ※保有資格によっては資格手当支給 ＊弊社の母体が不動産会社ですので、賃貸物件のリフォームやリノ ベーションも多く手掛けています。 ＊建設業及びリフォーム業経験者は採用面優遇 ＊経験者優遇いたします。 ＊重量物等を運ぶ作業などがあります。 ＊建設業に興味のある未経験者の方もご応募下さい。 ＊《年次有給休暇について》 入社初月から有給休暇が付与されます。付与日数は入社月により 異なります。 ＊通常の年間休日以外に誕生日は特別休暇となります。 より労働条件の明示を受けてください。,2026年9月7日求人票（宮崎県住宅リフォーム）_2.pdf,5
建材・住宅設備の法人／ルート営業,住宅用アルミサッシ営業員,カブシキガイシャメイクス 株式会社メイクス,宮崎,家具・建具・畳小売業,〒882-0855 宮崎県延岡市卸本町６番６号 延岡駅から車10分,210000,250000,True,True,必要な経験・知識・技能等不問,普通自動車運転免許必須 （AT限定不可）,エクセル・ワード,,住宅用アルミサッシの営業業務を行っていただきます 飛び込み営業はありません 既存のお客様との打合せ業務が主となります ＊営業範囲：県北一円社用車（ＭＴ車）を使用 ＊未経験の方には仕事の指導及びフォローアップをしていきます 「変更範囲：変更なし」 正社員 正社員登用 正社員登用の実績（過去３年間） 就業形態派遣・請負ではない,求人に関する特記事項 ＊履歴書、紹介状を郵送して下さい【郵送のみ】 書類選考後、面接日時をご連絡いたします。 ＊賃金は本人の経験、能力により決定します。 ＊賞与は勤続１年以上の方が対象になります。 ＊昇給・賞与は会社の業績によります。 ＊応募は必ず、ハローワーク紹介担当からお願いします。 より労働条件の明示を受けてください。,2026年9月7日求人票（宮崎県住宅リフォーム）_2.pdf,6
＜業界外＞介護・看護・給食,介護職（住宅型有料老人ホーム）【夜勤あり、無資格でも可】,カブシキガイシャサクマツハナホタル 株式会社作松花ほたる,宮崎,老人福祉・介護事業,〒889-1301 宮崎県児湯郡川南町大字川南２０２０８番地１,178956,188000,False,False,必要な経験・知識・技能等あれば尚可 介護職経験,介護福祉士あれば尚可 介護職員初任者研修修了者あれば尚可 ホームヘルパー２級あれば尚可 ホームヘルパー１級あれば尚可,,,住宅型有料老人ホーム（４１室）での入居者の日常生活の支援業務 ・食事介助、排泄介助、見守りなど ・その他、付随業務 ＊変更範囲：会社内の業務 ＊夜勤あり６〜８回／月 ＊送迎・パソコン入力なし 正社員 正社員登用 正社員登用の実績（過去３年間） 就業形態派遣・請負ではない,求人に関する特記事項 ＊制服：貸与 ＊休日の変更：相談可（事前申告） ＊無資格者の方でも応募できますのでご相談下さい。 より労働条件の明示を受けてください。,2026年9月7日求人票（宮崎県住宅リフォーム）_2.pdf,7
施工管理・現場監督（工務）,建築施工管理技術者（リフォーム）,ヨシハラケンセツカブシキガイシャ 吉原建設株式会社,宮崎,一般土木建築工事業,〒885-0032 宮崎県都城市中原町３２－１ 都城本店 日豊本線都城駅から車3分,200000,380000,False,True,必要な経験・知識・技能等あれば尚可 リフォーム・新築の施工管理経験があれば尚可,１級建築施工管理技士あれば尚可 ２級建築施工管理技士あれば尚可 二級建築士あれば尚可 普通自動車運転免許必須 （AT限定可）,Ｅｘｃｅｌ・Ｗｏｒｄの基本操作,,地域に根差し、無理なく長く働ける建築施工管理の募集です。 住宅の新築及びリフォーム増改築工事などを中心に安定した受注 があり、安心して働ける環境です。 ・住宅の新築及びリフォーム増改築工事の施工管理業務 ・見積り・積算・発注業務 ・お客様との打合せ、施工計画の提案 ・工程管理、品質管理、原価管理、安全管理 ・住宅の他に工場、病院などの物件もあり 未経験の方は補助業務から始め、約５年で小規模工事の主担当を目 指します。ＩＣＴ・デジタルツールを導入し業務効率化や安全性向 上を進め、社員の働きやすい職場づくりを推進しています。 「変更範囲：変更なし」転勤なし時間休取得可 正社員 正社員登用 正社員登用の実績（過去３年間） 就業形態派遣・請負ではない,求人に関する特記事項 ＊基本給は、これまでの経験及び能力等を考慮して決定します。 ＊役職に任命する場合は、会社規程により役職手当を別途支給 します。時間外勤務手当は実績に応じて別途支給します。 ＊業務に応じて、各店社、工事現場等を訪問する場合があります。 ＊全社の前年度有給休暇取得率は７３％台です。 ＊無料駐車場あり ＊団体保険加入（個人負担なし） ３大疾病サポート保険（長期療養サポート特約付）と養老保険に 加入し、社員本人とご家族の安心を支えます。 ＊オンライン自主応募可。オンライン自主応募の場合、紹介状は 不要です。 より労働条件の明示を受けてください。,2026年9月7日求人票（宮崎県住宅リフォーム）_2.pdf,8
住宅・リフォーム営業（提案営業）,住宅営業職（宮崎市）,ヨシハラケンセツカブシキガイシャ 吉原建設株式会社,宮崎,一般土木建築工事業,〒880-0925 宮崎県宮崎市本郷北方２５２０－５ 宮崎本社 日豊本線加納駅から車5分,210000,400000,False,True,必要な経験・知識・技能等あれば尚可 建築、不動産営業経験者 （建築工事担当経験あれば尚可）,宅地建物取引士（旧：宅地建物取引主任者）あれば尚可 ２級ファイナンシャル・プランニング技能士あれば尚可 普通自動車運転免許必須 （AT限定可）,Ｅｘｃｅｌ・Ｗｏｒｄの基本操作 （ＣＡＤ操作経験あれば尚可）,,住宅建築工事（新築注文住宅、戸建建売住宅、中古住宅リノベ、リ フォーム等）の営業として、集客の企画から来場客の接客・追客、 ＯＢ施主や不動産業者への訪問などを通じて受注活動（営業）を 行っていただきます。 経験者はもちろんのこと、未経験者の方でも入社後は先輩社員との 同行を通じて業務全体を把握して頂き、経験に応じて担当業務の幅 を広げて頂きます。 ・モデルハウス、完成邸等の見学会の企画 ・イベント来場者への接客、来場者名簿の管理と追客、商談化 ・リフォーム工事、メンテ工事への対応 ・プラン提案（一部）、見積書作成・提案、契約、引渡し対応など 変更範囲：変更なし転勤なし時間単位の有給休暇取得可 正社員 正社員登用 正社員登用の実績（過去３年間） 就業形態派遣・請負ではない,求人に関する特記事項 ＊基本給は、これまでの経験及び能力等を考慮して決定します。 ＊役職に任命する場合は、会社規程により役職手当を別途支給 します。 ＊全社の前年度有給休暇取得率は７３％台です。 ＊団体保険加入（個人負担なし） ３大疾病サポート保険（長期療養サポート特約付）と養老保険に 加入し、社員本人とご家族の安心を支えます。 ＊オンライン自主応募可。オンライン自主応募の場合、紹介状は 不要です。 吉原建設は１９５４年創業、宮崎県都城市に本店を構え、 九州全域で様々な建築・土木工事を手がける総合建設会社です。 「九州で転勤なく働きたい」「安定した会社で長く働きたい」 「建設業を通じて地域に貢献したい」そんな皆さんの想いに 応えられる会社です。 より労働条件の明示を受けてください。,2026年9月7日求人票（宮崎県住宅リフォーム）_2.pdf,9
施工管理・現場監督（工務）,戸建住宅施工管理技術者（宮崎市）,ヨシハラケンセツカブシキガイシャ 吉原建設株式会社,宮崎,一般土木建築工事業,〒880-0925 宮崎県宮崎市本郷北方２５２０－５ 宮崎本社 日豊本線加納駅から車5分,200000,380000,False,True,必要な経験・知識・技能等あれば尚可 木造住宅施工管理経験者歓迎,１級建築施工管理技士あれば尚可 ２級建築施工管理技士あれば尚可 二級建築士あれば尚可 普通自動車運転免許必須 （AT限定可）,Ｅｘｃｅｌ・Ｗｏｒｄの基本操作,,木造住宅施工管理経験者歓迎。戸建住宅（新築）やリフォームの 施工管理業務を担当していただきます。これまで培った経験や 提案力を活かせる環境です。 経験に応じて案件を担当するため、無理のない体制で働けます。 ◆担当現場の施工計画の立案および工程・原価・品質・安全の管理 ◆協力業者との打合せ、発注手配、現場巡回、進捗確認 ◆お客様対応、完成引渡し、引渡後メンテナンス対応など 現場ごとの裁量も大きく、経験を活かして主体的に働けます。デジ タルツールを導入し業務効率化や安全性向上を進め、社員の働きや すい職場づくりを推進しています。お客様に直接感謝の言葉をいた だける、やりがいのある仕事です。 「変更範囲：変更なし」転勤なし時間休取得可 正社員 正社員登用 正社員登用の実績（過去３年間） 就業形態派遣・請負ではない,求人に関する特記事項 ＊基本給は、これまでの経験及び能力等を考慮して決定します。 ＊役職に任命する場合は、会社規程により役職手当を別途支給 します。時間外勤務手当は実績に応じて別途支給します。 ＊業務に応じて、各店社、工事現場等を訪問する場合があります。 ＊全社の前年度有給休暇取得率は７３％台です。 ＊無料駐車場あり ＊団体保険加入（個人負担なし） ３大疾病サポート保険（長期療養サポート特約付）と養老保険に 加入し、社員本人とご家族の安心を支えます。 ＊オンライン自主応募可。オンライン自主応募の場合、紹介状は 不要です。 より労働条件の明示を受けてください。,2026年9月7日求人票（宮崎県住宅リフォーム）_2.pdf,10
住宅・リフォーム営業（提案営業）,営業（住宅）,カブシキガイシヤクドウコウムテン 株式会社工藤工務店,宮崎,一般土木建築工事業,〒882-1621 宮崎県西臼杵郡高千穂町大字岩戸１４２－２ 延岡駅から車49分,200000,400000,False,True,必要な経験・知識・技能等あれば尚可 現場管理,１級建築施工管理技士あれば尚可 二級建築士あれば尚可 普通自動車運転免許必須 （AT限定不可）,,,住宅建設に関する営業を行っていただきます。 住宅ローンの紹介も行います。 営業エリアは西臼杵管内及び県北エリア（高森・山都町含む） 営業には社用車を使用します。 ノルマはありません。 上記に関し、付随する業務全般。 自社設計、自社施工で行っています。 労働条件に関しては個別に相談に応じます。 意欲のある方、資格なしの方歓迎します。 「変更範囲：変更なし」 正社員 正社員登用 正社員登用の実績（過去３年間） 就業形態派遣・請負ではない,求人に関する特記事項 【応募書類】履歴書に写真貼付不要です ＊設計に関しての相談等もお受けすることがあります。 その際は、設計担当が同行し対応いたします。 ＊地域に根付いた信頼・信用のある家造りがモットーです。 社員一同、向上心を持ち、更なる飛躍を目指しています。 より労働条件の明示を受けてください。,2026年9月7日求人票（宮崎県住宅リフォーム）_2.pdf,11
＜業界外＞介護・看護・給食,介護職／住宅型有料老人ホームしんとみ,ゴウドウカイシャリンクケア 合同会社リンクケア,宮崎,老人福祉・介護事業,〒889-1406 宮崎県児湯郡新富町大字新田１６８１ 『住宅型有料老人ホームしんとみ』,225000,300000,True,True,必要な経験・知識・技能等不問,介護職員初任者研修修了者必須 介護職員実務者研修修了者必須 介護福祉士必須 いずれかの免許・資格所持で可 普通自動車運転免許必須 （AT限定可）,,,・住宅型有料老人ホームでの介護業務での訪問介護及び施設業務 （食事介助、入浴介護、排泄介助等） ・その他、付随業務 【変更範囲：会社の定める業務】 正社員 正社員登用 正社員登用の実績（過去３年間） 就業形態派遣・請負ではない,求人に関する特記事項 ＊制服：貸与 ＊各種保険は採用後加入（労災、雇保、健康、厚生あり） ＊昇給、賞与は業績に応じて支給あり ＊通勤手当は距離に応じて支給（規定あり） ＊紹介時連絡不要 事前に書類送付していただき、書類到着後本人へ面接日の連絡を いたします。 より労働条件の明示を受けてください。,2026年9月7日求人票（宮崎県住宅リフォーム）_2.pdf,12
住宅・リフォーム営業（提案営業）,住宅営業（宮崎市）,カブシキガイシャイチジョウコウムテン 株式会社一条工務店,宮崎,一般土木建築工事業,〒880-0024 宮崎県宮崎市祇園２－６０（ＵＭＫハウジングパーク内） 【宮崎ＵＭＫ展示場】,291500,291500,False,True,必要な経験・知識・技能等あれば尚可 業界未経験者歓迎 研修制度有り（福岡九州工場にて集合研修）,普通自動車運転免許必須 （AT限定可）,,,モデルハウスへ来場されるお客様に家づくりのアドバイスをするこ とから始まり、地盤調査・プラン作成・資金計画から上棟・お引渡 しまで、全ての窓口を担当します。設計担当・工事担当などの専門 スタッフと協力しながら、お客様のご要望を一つ一つ叶えていきま す。そのお客様のためだけに建てる世界にたった一つの「家」です 。お客様にご満足頂いた時の喜びは、必ずあなたの‘やりがい・自 信‘につながっていきます。家族の一員のように一緒になって家の 完成を喜び合える、そんな信頼関係を築き上げてください。 変更範囲：変更なし 正社員 正社員登用 正社員登用の実績（過去３年間） 就業形態派遣・請負ではない,求人に関する特記事項 【ＣＣＵＳ登録事業所】 ＊マイカーでの営業業務となります。通勤・営業業務で使用 したガソリン代は会社負担（上限３５，０００円） ※無料駐車場あり※入社後当面は転勤はありません ＊第２新卒も積極募集中 ＊営業手当は１年間保障し通常勤務の場合続きます。 応募前の職場見学：可（質問等なければ、事前電話連絡不要） ＊事前に履歴書（写貼）・職務経歴書（パソコンのメールアドレス 記入）・紹介状を郵送願います。 ＊ホームページ（ｈｔｔｐ：／／ｉｃｈｉｊｏ．ｃｏ．ｊｐ／） の採用情報をご覧ください。 「応募にはハローワークの紹介状が必要です」 【オンライン自主応募可求人】オンライン自主応募の際は、「自主 応募」ボタンから応募してください。 ◆オンライン自主応募に関することは当事者間で対応してください ◆オンライン自主応募の場合、ハローワーク等の職業紹介を要件と する助成金［特定求職者雇用開発助成金・トライアル雇用助成金・ 雇用保険の再就職手当等］は対象外です！ より労働条件の明示を受けてください。,2026年9月7日求人票（宮崎県住宅リフォーム）_2.pdf,13
施工技能職（大工・内外装・基礎・足場ほか）,新築戸建て住宅基礎工事一式（契約社員）（宮崎市）,カブシキガイシャイチジョウコウムテン 株式会社一条工務店,宮崎,一般土木建築工事業,〒880-0032 宮崎県宮崎市霧島２－２１０－５ｋａｚｕｗｉｎ霧島１０２ 【宮崎工事センター】,270000,300000,True,True,必要な経験・知識・技能等必須 【必須経験】 住宅基礎工事経験（５年以上）※経験年数応相談 車両系建設機械（整地）経験（年数不問）,車両系建設機械（整地・運搬・積込用及び掘削用）運転技能者あれば尚可 ※求人に関する特記事項参照 普通自動車運転免許必須 （AT限定可）,,,当社新築戸建住宅の基礎施工。 一年を通じて同県内で安定した仕事が出来ます。 （作業着貸与） （車両系建設機械の資格がない場合は入社後に取得して いただきます。） 面接は最寄りの事業所等で行うか、遠方の場合は交通費を当社負担 にて実施いたします。 変更範囲：変更なし 正社員以外 正社員以外の名称契約社員 正社員登用ななしし 正社員登用の実績（過去３年間） 就業形態派遣・請負ではない,求人に関する特記事項 【ＣＣＵＳ登録事業所】 【必須資格】 普通自動車運転免許 （車両系建設機械がない場合は入社後に取得していただきます。） ※以下は、賃金（ｄ）欄の続き （固定残業手当３００００円は、時間外労働の有無にかかわらず、 １２．６４〜１４．０４時間相当の手当として支給し、それを超え た分は追加支給します。 但し研修期間中かつ時間外労働が発生しない月は支給されません。 ＊基本給が３０万円の場合：１２．６４時間、２７万円の場合：１ ４．０４時間） 「応募にはハローワークの紹介状が必要です」 【オンライン自主応募可求人】オンライン自主応募の際は、「自主 応募」ボタンから応募してください。 ◆オンライン自主応募に関することは当事者間で対応してください ◆オンライン自主応募の場合、ハローワーク等の職業紹介を要件と する助成金［特定求職者雇用開発助成金・トライアル雇用助成金・ 雇用保険の再就職手当等］は対象外です！ より労働条件の明示を受けてください。,2026年9月7日求人票（宮崎県住宅リフォーム）_2.pdf,14
＜業界外＞介護・看護・給食,介護福祉士／高齢者共同住宅みんなの家,ミヤザキイリョウセイカツキョウドウクミアイ 宮崎医療生活協同組合,宮崎,病院,〒880-0824 宮崎県宮崎市大島町国草１４２－２ 宮崎神宮駅から車5分,187700,229900,False,True,必要な経験・知識・技能等あれば尚可 介護実務経験,介護福祉士必須 普通自動車運転免許必須 （AT限定可）,,,・食事、入浴、排泄等のケア、見守り、レクリエーション ・送迎業務（小規模多機能ホーム事業所のみ） ＊送迎車（軽自動車）あり ※スタッフが丁寧に指導いたします。 ※施設見学も随時行っています。 【変更範囲】変更なし 正社員 正社員登用 正社員登用の実績（過去３年間） 就業形態派遣・請負ではない,求人に関する特記事項 ※就職支援支度金および正式採用手当（入社３ヶ月後、１年後）が 支給されます。（８万円／２回） ※基本給は資格や経験年齢等で異なります。 ※月の平均所定労働時間は１６８時間 ※オンライン自主応募の場合ハローワーク紹介状は不要です。 オンライン自主応募可 より労働条件の明示を受けてください。,2026年9月7日求人票（宮崎県住宅リフォーム）_2.pdf,15
住宅・リフォーム営業（提案営業）,【宮崎市】住宅のリフォーム営業※未経験可,カブシキガイシャニホンハウスホールディングスミヤザキシテン 株式会社日本ハウスホールディングス宮崎支店,宮崎,土木建築サービス業,〒880-0024 宮崎県宮崎市祇園２－６０ 宮崎駅から車12分,243000,283000,True,True,必要な経験・知識・技能等不問,普通自動車運転免許必須 （AT限定可）,,,【モデル年収４４５万円】 既客訪問を対象としたルート営業及び住宅展示場案内で、 お客様から要望を聞きリフォームの提案・見積書を作成します。 教育・同行・支援があり、未経験者でも働きやすい職場です。 ・契約の９０％以上は既客。ルート営業のため未経験者でも安心。 ・携帯電話支給、自家用車借り上げ、役職者登用制度有り。 ・東証プライム企業、研修等継続的なスキルアップをサポート。 ・営業エリアは宮崎市内及び宮崎市近郊です。 ※変更範囲：会社の定める業務 正社員 正社員登用 正社員登用の実績（過去３年間） 就業形態派遣・請負ではない,求人に関する特記事項 各種手当の詳しい内訳等は、面接時にお伝えいたします。 より労働条件の明示を受けてください。,2026年9月7日求人票（宮崎県住宅リフォーム）_2.pdf,16
住宅・リフォーム営業（提案営業）,【宮崎市】住宅のリフォーム営業主任※管理職候補,カブシキガイシャニホンハウスホールディングスミヤザキシテン 株式会社日本ハウスホールディングス宮崎支店,宮崎,土木建築サービス業,〒880-0024 宮崎県宮崎市祇園２－６０ 宮崎駅から車12分,299000,346000,False,True,必要な経験・知識・技能等必須 営業経験５年以上かつ管理職経験者,宅地建物取引士（旧：宅地建物取引主任者）必須 ２級ファイナンシャル・プランニング技能士必須 二級建築士必須 いずれかの免許・資格所持で可 普通自動車運転免許必須 （AT限定可）,,,【主任職採用：モデル年収６０７万円】 既客訪問を対象としたルート営業及び住宅展示場案内。前職の ご経験やスキルを存分に発揮し、管理職登用を目指してください。 成果がしっかりと給与・賞与に反映される評価制度です。 ・契約の９０％以上は既客。 ・携帯電話支給、自家用車借り上げ、役職者登用制度有り。 ・東証プライム企業、研修等継続的なスキルアップをサポート。 ・営業エリアは宮崎市内及び宮崎市近郊です。 ※変更範囲：会社の定める業務 正社員 正社員登用 正社員登用の実績（過去３年間） 就業形態派遣・請負ではない,求人に関する特記事項 各種手当の詳しい内訳等は、面接時にお伝えいたします。 より労働条件の明示を受けてください。,2026年9月7日求人票（宮崎県住宅リフォーム）_2.pdf,17
住宅・リフォーム営業（提案営業）,【宮崎市】住宅のリフォーム営業係長※管理職候補,カブシキガイシャニホンハウスホールディングスミヤザキシテン 株式会社日本ハウスホールディングス宮崎支店,宮崎,土木建築サービス業,〒880-0024 宮崎県宮崎市祇園２－６０ 宮崎駅から車12分,351000,398000,False,True,必要な経験・知識・技能等必須 営業経験５年以上かつ管理職経験者,宅地建物取引士（旧：宅地建物取引主任者）必須 ２級ファイナンシャル・プランニング技能士必須 二級建築士必須 いずれかの免許・資格所持で可 普通自動車運転免許必須 （AT限定可）,,,【係長職採用：モデル年収６９３万円】 既客訪問を対象としたルート営業及び住宅展示場案内。前職の ご経験やスキルを存分に発揮し、管理職登用を目指してください。 成果がしっかりと給与・賞与に反映される評価制度です。 ・契約の９０％以上は既客。 ・携帯電話支給、自家用車借り上げ、役職者登用制度有り。 ・東証プライム企業、研修等継続的なスキルアップをサポート。 ・営業エリアは宮崎市内及び宮崎市近郊です。 ※変更範囲：会社の定める業務 正社員 正社員登用 正社員登用の実績（過去３年間） 就業形態派遣・請負ではない,求人に関する特記事項 各種手当の詳しい内訳等は、面接時にお伝えいたします。 より労働条件の明示を受けてください。,2026年9月7日求人票（宮崎県住宅リフォーム）_2.pdf,18
住宅・リフォーム営業（提案営業）,【宮崎市】住宅のリフォーム営業課長※管理職候補,カブシキガイシャニホンハウスホールディングスミヤザキシテン 株式会社日本ハウスホールディングス宮崎支店,宮崎,土木建築サービス業,〒880-0024 宮崎県宮崎市祇園２－６０ 宮崎駅から車12分,411000,458000,False,True,必要な経験・知識・技能等必須 営業経験５年以上かつ管理職経験者,宅地建物取引士（旧：宅地建物取引主任者）必須 ２級ファイナンシャル・プランニング技能士必須 二級建築士必須 いずれかの免許・資格所持で可 普通自動車運転免許必須 （AT限定可）,,,【課長職採用：モデル年収７８４万円】 既客訪問を対象としたルート営業及び住宅展示場案内。前職の ご経験やスキルを存分に発揮した、管理職をお任せします。 成果がしっかりと給与・賞与に反映される評価制度です。 ・契約の９０％以上は既客。 ・携帯電話支給、自家用車借り上げ、役職者登用制度有り。 ・東証プライム企業、研修等継続的なスキルアップをサポート。 ・営業エリアは宮崎市内及び宮崎市近郊です。 ※変更範囲：会社の定める業務 正社員 正社員登用 正社員登用の実績（過去３年間） 就業形態派遣・請負ではない,求人に関する特記事項 各種手当の詳しい内訳等は、面接時にお伝えいたします。 より労働条件の明示を受けてください。,2026年9月7日求人票（宮崎県住宅リフォーム）_2.pdf,19
住宅・リフォーム営業（提案営業）,住宅営業（分譲）／タマホーム宮崎支店,タマホームカブシキガイシヤ タマホーム株式会社,宮崎,木造建築工事業,〒880-0841 宮崎県宮崎市吉村町下り松甲２４８５－２ タマホーム宮崎支店,211000,467000,False,True,必要な経験・知識・技能等必須 住宅営業経験又は分譲住宅販売経験又は用地仕入経験,宅地建物取引士（旧：宅地建物取引主任者）あれば尚可 普通自動車運転免許必須 （AT限定可）,,,主な業務内容は、下記のとおりです。 ●土地仕入れ ●分譲住宅販売 ●住宅に関するご希望のヒアリング、プラン作成 ●住宅建設地の敷地調査、現地調査、役所調査 ●住宅ローンのご相談等 ＊入社後６カ月は契約社員といたします。 その後、原則として正社員登用いたします。 契約期間中の基本的な待遇は正社員と同様です。 変更範囲：変更なし 正社員以外 正社員以外の名称契約期間満了後、原則として正社員登用 正社員登用あありり 正社員登用の実績（過去３年間） ２４名登用（全国実績） 就業形態派遣・請負ではない,求人に関する特記事項 ＊全国転勤ありの求人です。 ＊賃金は経験により決定します。 ＊賞与は業績により変動いたします。 ＊正社員登用の場合、定年は６５歳となります。 ＊応募書類は返送いたしません。 ＊有給休暇については入社時に前倒しで１０日付与となります。 ＜選考の流れ書類選考→面接＞ 質問がない場合、ハローワークの紹介を受ければ事前連絡がなくて も応募可能です。応募希望の方は、履歴書（写真貼付）・職務経歴 書・ハローワークの紹介状をお送り下さい。書類到着後、１０営業 日程度でご連絡いたします。 ＜モデル年収＞ 入社７年目・４０歳・全国社員年収１，０６０万円 入社４年目・３５歳・地域限定社員年収７４０万円 ※２０２０年度全職種平均年収６９３万円（前年比３８万円増） より労働条件の明示を受けてください。,2026年9月7日求人票（宮崎県住宅リフォーム）_2.pdf,20
住宅・リフォーム営業（提案営業）,住宅営業（分譲）／タマホーム宮崎支店／エリア限定,タマホームカブシキガイシヤ タマホーム株式会社,宮崎,木造建築工事業,〒880-0841 宮崎県宮崎市吉村町下り松甲２４８５－２ タマホーム宮崎支店,197000,454000,False,True,必要な経験・知識・技能等必須 住宅営業経験又は分譲住宅販売経験又は用地仕入経験,宅地建物取引士（旧：宅地建物取引主任者）あれば尚可 普通自動車運転免許必須 （AT限定可）,,,主な業務内容は、下記のとおりです。 ●土地仕入れ ●分譲住宅販売 ●住宅に関するご希望のヒアリング、プラン作成 ●住宅建設地の敷地調査、現地調査、役所調査 ●住宅ローンのご相談等 ＊入社後６カ月は契約社員といたします。 その後、原則として正社員登用いたします。 契約期間中の基本的な待遇は正社員と同様です。 変更範囲：変更なし 正社員以外 正社員以外の名称契約期間満了後、原則として正社員登用 正社員登用あありり 正社員登用の実績（過去３年間） ２４名登用（全国実績） 就業形態派遣・請負ではない,求人に関する特記事項 ＊下記エリア内で転勤の可能性がある求人です。 九州・沖縄エリア：福岡県、佐賀県、長崎県、大分県、熊本県、宮 崎県、鹿児島県、沖縄県 ＊賃金は経験により決定します。 ＊賞与は業績により変動いたします。 ＊正社員登用の場合、定年は６５歳となります。 ＊応募書類は返送いたしません。 ＊有給休暇については入社時に前倒しで１０日付与となります。 ＜選考の流れ書類選考→面接＞ 質問がない場合、ハローワークの紹介を受ければ事前連絡がなくて も応募可能です。応募希望の方は、履歴書（写真貼付）・職務経歴 書・ハローワークの紹介状をお送り下さい。書類到着後、１０営業 日程度でご連絡いたします。 ＜モデル年収＞ 入社７年目・４０歳・全国社員年収１，０６０万円 入社４年目・３５歳・地域限定社員年収７４０万円 ※２０２０年度全職種平均年収６９３万円（前年比３８万円増） より労働条件の明示を受けてください。,2026年9月7日求人票（宮崎県住宅リフォーム）_2.pdf,21
住宅・リフォーム営業（提案営業）,住宅営業（分譲）／タマホーム宮崎支店／地域限定社員,タマホームカブシキガイシヤ タマホーム株式会社,宮崎,木造建築工事業,〒880-0841 宮崎県宮崎市吉村町下り松甲２４８５－２ タマホーム宮崎支店,195000,441000,False,True,必要な経験・知識・技能等必須 住宅営業経験又は分譲住宅販売経験又は用地仕入経験,宅地建物取引士（旧：宅地建物取引主任者）あれば尚可 普通自動車運転免許必須 （AT限定可）,,,主な業務内容は、下記のとおりです。 ●土地仕入れ ●分譲住宅販売 ●住宅に関するご希望のヒアリング、プラン作成 ●住宅建設地の敷地調査、現地調査、役所調査 ●住宅ローンのご相談等 ＊入社後６カ月は契約社員といたします。 その後、原則として正社員登用いたします。 契約期間中の基本的な待遇は正社員と同様です。 変更範囲：変更なし 正社員以外 正社員以外の名称契約期間満了後、原則として正社員登用 正社員登用あありり 正社員登用の実績（過去３年間） ２４名登用（全国実績） 就業形態派遣・請負ではない,求人に関する特記事項 ＊転居をしない範囲で、転勤の可能性がある求人です。 ＊賃金は経験により決定します。 ＊賞与は業績により変動いたします。 ＊正社員登用の場合、定年は６５歳となります。 ＊応募書類は返送いたしません。 ＊有給休暇については入社時に前倒しで１０日付与となります。 ＜選考の流れ書類選考→面接＞ 質問がない場合、ハローワークの紹介を受ければ事前連絡がなくて も応募可能です。応募希望の方は、履歴書（写真貼付）・職務経歴 書・ハローワークの紹介状をお送り下さい。書類到着後、１０営業 日程度でご連絡いたします。 ＜モデル年収＞ 入社７年目・４０歳・全国社員年収１，０６０万円 入社４年目・３５歳・地域限定社員年収７４０万円 ※２０２０年度全職種平均年収６９３万円（前年比３８万円増） より労働条件の明示を受けてください。,2026年9月7日求人票（宮崎県住宅リフォーム）_2.pdf,22
住宅管理・不動産事務,賃貸住宅管理業務,カブシキガイシャアルテマイスター 株式会社アルテマイスター,宮崎,建物売買業，土地売買業,〒880-0864 宮崎県宮崎市吾妻町１５１－８ 宮崎駅から車5分,220000,305000,True,True,必要な経験・知識・技能等不問,普通自動車運転免許必須 （AT限定可）,エクセル・ワードの簡単な操作,,＊賃貸マンションの管理業務全般 ・入居者からの問い合わせ対応 ・取引業者からの問い合わせ対応 ・退去立ち会い ・その他上記に付随する業務 ＊社用車あり ＊明るい対応ができる方、向上心のある方のご応募を歓迎します。 ＊変更範囲：変更なし 正社員 正社員登用 正社員登用の実績（過去３年間） 就業形態派遣・請負ではない,求人に関する特記事項 ＊労働保険に加え、あんしん財団の保険に加入します。 オンライン自主応募可 より労働条件の明示を受けてください。,2026年9月7日求人票（宮崎県住宅リフォーム）_2.pdf,23
住宅・リフォーム営業（提案営業）,住宅営業／タマホーム都城店,タマホームカブシキガイシヤ タマホーム株式会社,宮崎,木造建築工事業,〒885-0006 宮崎県都城市吉尾町７３番１ タマホーム都城店,211000,467000,False,True,必要な経験・知識・技能等あれば尚可 住宅営業経験、他業種での営業経験,宅地建物取引士（旧：宅地建物取引主任者）あれば尚可 普通自動車運転免許必須 （AT限定可）,,,モデルハウスに来場されたお客様へ、タマホームの住宅を提 案していただきます。一方的な飛び込み営業は禁止のため、 お客様と一緒にじっくりと「理想の家づくり」が可能！ 主な業務内容は、下記のとおりです。 ●住宅に関するご希望のヒアリング、プラン作成 ●住宅建設地の敷地調査、現地調査、役所調査 ●住宅ローンのご相談等 変更範囲：変更なし 正社員 正社員登用 正社員登用の実績（過去３年間） 就業形態派遣・請負ではない,求人に関する特記事項 ＊全国転勤ありの求人です。 ＊賃金は経験により決定します。 ＊賞与は業績により変動いたします。 ＊応募書類は返送いたしません。 ＊有給休暇については入社時に前倒しで１０日付与となります。 ＜選考の流れ書類選考→面接＞ 質問がない場合、ハローワークの紹介を受ければ事前連絡がなくて も応募可能です。 応募希望の方は、履歴書（写真貼付）・職歴がある方は職務経歴書 ・ハローワークの紹介状をお送り下さい。書類到着後、１０営業日 程度でご連絡いたします。 より労働条件の明示を受けてください。,2026年9月7日求人票（宮崎県住宅リフォーム）_2.pdf,24
住宅・リフォーム営業（提案営業）,住宅営業／タマホーム都城店／エリア限定,タマホームカブシキガイシヤ タマホーム株式会社,宮崎,木造建築工事業,〒885-0006 宮崎県都城市吉尾町７３番１ タマホーム都城店,197000,454000,False,True,必要な経験・知識・技能等あれば尚可 住宅営業経験、他業種での営業経験,宅地建物取引士（旧：宅地建物取引主任者）あれば尚可 普通自動車運転免許必須 （AT限定可）,,,モデルハウスに来場されたお客様へ、タマホームの住宅を提 案していただきます。一方的な飛び込み営業は禁止のため、 お客様と一緒にじっくりと「理想の家づくり」が可能！ 主な業務内容は、下記のとおりです。 ●住宅に関するご希望のヒアリング、プラン作成 ●住宅建設地の敷地調査、現地調査、役所調査 ●住宅ローンのご相談等 変更範囲：変更なし 正社員 正社員登用 正社員登用の実績（過去３年間） 就業形態派遣・請負ではない,求人に関する特記事項 ＊下記エリア内で転勤の可能性がある求人です。 九州・沖縄エリア：福岡県、佐賀県、長崎県、大分県、熊本県、宮 崎県、鹿児島県、沖縄県 ＊賃金は経験により決定します。 ＊賞与は業績により変動いたします。 ＊応募書類は返送いたしません。 ＊有給休暇については入社時に前倒しで１０日付与となります。 ＜選考の流れ書類選考→面接＞ 質問がない場合、ハローワークの紹介を受ければ事前連絡がなくて も応募可能です。応募希望の方は、履歴書（写真貼付）・職歴があ る方は職務経歴書・ハローワークの紹介状をお送り下さい。書類到 着後、１０営業日程度でご連絡いたします。 より労働条件の明示を受けてください。,2026年9月7日求人票（宮崎県住宅リフォーム）_2.pdf,25
住宅・リフォーム営業（提案営業）,住宅営業／タマホーム都城店／地域限定,タマホームカブシキガイシヤ タマホーム株式会社,宮崎,木造建築工事業,〒885-0006 宮崎県都城市吉尾町７３番１ タマホーム都城店,195000,441000,False,True,必要な経験・知識・技能等あれば尚可 住宅営業経験、他業種での営業経験,宅地建物取引士（旧：宅地建物取引主任者）あれば尚可 普通自動車運転免許必須 （AT限定可）,,,モデルハウスに来場されたお客様へ、タマホームの住宅を提 案していただきます。一方的な飛び込み営業は禁止のため、 お客様と一緒にじっくりと「理想の家づくり」が可能！ 主な業務内容は、下記のとおりです。 ●住宅に関するご希望のヒアリング、プラン作成 ●住宅建設地の敷地調査、現地調査、役所調査 ●住宅ローンのご相談等 変更範囲：変更なし 正社員 正社員登用 正社員登用の実績（過去３年間） 就業形態派遣・請負ではない,求人に関する特記事項 ＊転居をしない範囲で、転勤の可能性がある求人です。 ＊賃金は経験により決定します。 ＊賞与は業績により変動いたします。 ＊応募書類は返送いたしません。 ＊有給休暇については入社時に前倒しで１０日付与となります。 ＜選考の流れ書類選考→面接＞ 質問がない場合、ハローワークの紹介を受ければ事前連絡がなくて も応募可能です。応募希望の方は、履歴書（写真貼付）・職歴があ る方は職務経歴書・ハローワークの紹介状をお送り下さい。書類到 着後、１０営業日程度でご連絡いたします。 より労働条件の明示を受けてください。,2026年9月7日求人票（宮崎県住宅リフォーム）_2.pdf,26
＜業界外＞介護・看護・給食,看護職員／住宅型有料老人ホーム風のガーデン,,宮崎,老人福祉・介護事業,〒 宮崎県宮崎市,196000,226000,True,False,必要な経験・知識・技能等不問,准看護師必須 看護師必須 いずれかの免許・資格所持で可,,,定員４５床、施設での看護業務全般の仕事です。 ＊残業はほとんどありません。 ＊未経験の方も資格があれば応募できます。 ＊シニア世代の方も応募できます。 ※現在、正・准看護師が３名在職中です。 ＊変更範囲：変更なし 正社員 正社員登用 正社員登用の実績（過去３年間） 就業形態派遣・請負ではない,求人に関する特記事項 ＊マイカー通勤については任意加入必須 ＊賞与は勤務１年経過した職員が対象、但し期末手当（３月）は対 象となります。 ＊お子様の学校行事や病気等でのお休みについてもご相談ください ＊応募前の施設見学もできます。事前にお問い合わせください。 【仕事と子育て両立応援求人】 より労働条件の明示を受けてください。,2026年9月7日求人票（宮崎県住宅リフォーム）_2.pdf,27
＜業界外＞介護・看護・給食,介護職員／住宅型有料老人ホーム風のガーデン,カブシキガイシャサン・シティミヤザキ 株式会社サン・シティ宮崎,宮崎,老人福祉・介護事業,〒880-0951 宮崎県宮崎市大塚町水流５１２４－１ 「住宅型有料老人ホーム風のガーデン」 宮崎駅から車10分,186000,196000,True,False,必要な経験・知識・技能等不問,ホームヘルパー１級あれば尚可 介護職員初任者研修修了者必須 介護福祉士あれば尚可 いずれかの免許・資格所持で可,,,日勤勤務の職員の募集です。 ・食事、トイレ、入浴の介助、オムツ交換等の介護業務全般を行っ て頂きます。 ＊４５床の定員です。 ＊看護職員３名勤務していますので医療的ケアは補助となります ＊変更範囲：変更なし 正社員 正社員登用 正社員登用の実績（過去３年間） 就業形態派遣・請負ではない,求人に関する特記事項 ・賞与は勤務１年経過した職員が対象、但し期末手当（３月）は対 象となります。 ＊お子様の学校行事や病気等でのお休みについてもご相談ください ＊応募前の施設見学もできます。事前にお問い合わせください。 ＊夜勤希望の場合は１６時〜翌日１０時（１６時間）勤務になりま す。 ※夜勤手当あり 【仕事と子育て両立応援求人】 より労働条件の明示を受けてください。,2026年9月7日求人票（宮崎県住宅リフォーム）_2.pdf,28
＜業界外＞介護・看護・給食,介護職員（夜勤あり）／住宅型有料老人ホーム童,カブシキガイシャカイコーポレーション 株式会社カイコーポレーション,宮崎,老人福祉・介護事業,〒889-1602 宮崎県宮崎市清武町今泉甲３７８５番地１ 「住宅型有料老人ホーム童」 清武駅から車10分,187000,230000,False,False,必要な経験・知識・技能等あれば尚可 介護実務経験,ホームヘルパー２級必須 介護職員初任者研修修了者必須 いずれかの免許・資格所持で可,,,施設見学随時受け付けております！ 清武インターから車で５分程の有料老人ホームでのお仕事です。 【有料老人ホーム、デイサービス、訪問介護併設施設】 ★有料老人ホーム・訪問介護業務内容 巡視、カルテ記入、トイレ介助、オムツ交換、食事介助、入浴介助 、バイタルチェック、シーツ交換、洗濯等 ★デイサービスのみの業務 上記業務に加え、利用者様へのレクレーション業務あり ＊夜勤回数３〜４回※夜勤回数は増減可能です。 ＊利用定員３０名 変更範囲：変更なし 正社員 正社員登用 正社員登用の実績（過去３年間） 就業形態派遣・請負ではない,求人に関する特記事項 ＊希望者はお昼の社食があります。 ＊通勤手当は、片道２キロ以上から事務所規定により支給。 ＊昇給、賞与については、会社実績によります。 ＊月の平均所定労働時間は１７３時間です。 ◎上位資格取得の支援制度あります！ ＊応募で迷われている方、是非一度見学にいらしてください。 見学は随時受け付けております。 ★車で宮崎市内から２５分程、日南北郷インターから２０分程、清 武インターから５分程の所にあります。 【仕事と子育て両立応援求人】 参観日や学校行事などに参加しやすい職場環境を整えています！ より労働条件の明示を受けてください。,2026年9月7日求人票（宮崎県住宅リフォーム）_2.pdf,29
施工管理・現場監督（工務）,住宅建築に関わる工務全般,カブシキガイシャサクラホームミヤザキ 株式会社さくらホーム宮崎,宮崎,建築リフォーム工事業,〒880-0924 宮崎県宮崎市大字郡司分甲２８６６番地２ 日南線南方駅から徒歩10分,250000,300000,False,True,必要な経験・知識・技能等必須 建築に関わる実務経験,二級建築士あれば尚可 普通自動車運転免許必須 （AT限定可）,,,住宅建築に関わる工務全般 ・注文住宅での施主との打合せなど、お客様との応対業務に携わっ ていただきます。 ・現場管理、現地調査、見積書の提供など住宅建築に不随する業務 全般を行います。 ・パソコンを使用します。 ＊社有車あり（ＡＴ車） ＊変更範囲：変更なし 正社員 正社員登用 正社員登用の実績（過去３年間） 就業形態派遣・請負ではない,求人に関する特記事項 より労働条件の明示を受けてください。,2026年9月7日求人票（宮崎県住宅リフォーム）_2.pdf,30
施工技能職（大工・内外装・基礎・足場ほか）,＜急募＞住宅湿気対策工事等／宮崎出張所,カブシキガイシャピコイ 株式会社ピコイ,宮崎,その他の職別工事業,〒889-1605 宮崎県宮崎市清武町加納甲１７３３－３１１２号 当社宮崎出張所,270000,400000,True,True,必要な経験・知識・技能等不問,普通自動車運転免許必須 （AT限定不可）,,,●防水シート、床下換気扇の設置 ●テクノガード（硬化樹脂被膜工法）の施工 ●シロアリ等害虫駆除工事、断熱工事など 業界Ｎｏ．１の給与を目指しており、努力すればするほど昇給する ことができます。上記の業務以外にも、ハウスメーカー・工務店を 通じての敷地調達、地盤調査、地盤改良・床暖房・瑕疵担保取次、 防水・断熱・シロアリ駆除・リフォーム工事等を行っております。 これら業務全般を手伝っていただくこともあります。 ○経験のない業務でも、丁寧に指導・教育いたします。 ※変更範囲：変更なし 正社員 正社員登用 正社員登用の実績（過去３年間） 就業形態派遣・請負ではない,求人に関する特記事項 ・制服、作業服あり。 ・業務上、車を使用する場合、社有車有。 ・試用期間は勤務態度、能力により早まる可能性あり。 ・３６協定特別条項締結済み ＊当社は上場会社フリージアマクロスのグループ企業です。 ＊グループ全体３，２００名、資本金９０億円、年商８８０億円、 純資産５００億円（グループ合計ベース） ＊業績急拡大につき増員します。＊平均年齢は２０代です。 ・特に質問等がなければ、事前連絡なくても紹介状をお受取りの上 応募書類を東京本社（東京都千代田区）担当：井上宛に送付して 下さい。 ■次のような方歓迎 ＊元気な会社に入社して出世のチャンスを狙っている。 ＊がんばりをちゃんと評価してもらえる会社で働きたい。 ＊急成長する会社で一発逆転、稼いでいきたい。 ※１人１人の頑張りを毎月、透明なルールで還元する会社で働きた い。 ・応募にはハローワークの紹介状が必要となります。 より労働条件の明示を受けてください。,2026年9月7日求人票（宮崎県住宅リフォーム）_2.pdf,31
住宅・リフォーム営業（提案営業）,リフォーム訪問営業,カブシキガイシャタテヤマトケン 株式会社立山塗建,宮崎,塗装工事業,〒899-5111 鹿児島県霧島市隼人町姫城７１０－５ または「霧島営業所」「鹿児島営業所」「宮崎営業所」,180000,180000,True,True,必要な経験・知識・技能等不問,普通自動車運転免許必須 （AT限定可）,,,○リフォーム工事の営業全般に従事します。 ・その他付随する業務 ＊営業範囲は、鹿児島県内一円です。 直行直帰、乗り合わせで向かう場合もあります。 ＊社用車（ＡＴ）使用 ＊従事すべき業務の変更の範囲：変更なし ≪トライアル雇用併用求人（トライアル雇用対象者の選考について は、面接選考とする）≫ 正社員 正社員登用 正社員登用の実績（過去３年間） 就業形態派遣・請負ではない,求人に関する特記事項 ＊マイカー通勤可：駐車場：敷地内／本人負担なし ＊応募にはハローワーク紹介状が必要です。 ◆トライアル雇用併用求人（期間３ヶ月：労働条件不変） ※営業所住所 「霧島営業所」：鹿児島県霧島市国分野口町２－１８－２Ｆ 「鹿児島営業所」：鹿児島県鹿児島市城西１丁目１－１－１Ｆ 「宮崎営業所」：宮崎県宮崎市清武町加納４丁目３９番地 より労働条件の明示を受けてください。,2026年9月7日求人票（宮崎県住宅リフォーム）_2.pdf,32
＜業界外＞介護・看護・給食,夜勤専従看護職（住宅型有料老人ホーム）,カブシキガイシャキズナ 株式会社絆,宮崎,老人福祉・介護事業,〒885-0085 宮崎県都城市平塚町９９６５－１ 日豊本線五十市駅から車5分,185000,210000,False,False,必要な経験・知識・技能等あれば尚可 福祉施設等で経験があれば尚可,看護師必須 准看護師必須 いずれかの免許・資格所持で可,,,＊住宅型有料老人ホームにて看護・介護の夜勤勤務 ・食事介助、排泄介助、オムツ交換、服薬管理等 ・月に１０回（２０日）程度の勤務になります。 【変更範囲：変更なし】 正社員 正社員登用 正社員登用の実績（過去３年間） 就業形態派遣・請負ではない,求人に関する特記事項 より労働条件の明示を受けてください。,2026年9月7日求人票（宮崎県住宅リフォーム）_2.pdf,33
住宅・リフォーム営業（提案営業）,分譲住宅の企画営業／宮崎営業所,カブシキガイシャアーネストワン 株式会社アーネストワン,宮崎,建物売買業，土地売買業,〒880-0805 宮崎県宮崎市橘通東３－１－４７宮崎プレジデントビル１０１ 当社「宮崎営業所」 ＪＲ宮崎駅から徒歩14分,285000,415000,False,True,必要な経験・知識・技能等必須 業界問わず営業経験１年以上 ハウスメーカー、不動産業経験者尚良し,宅地建物取引士（旧：宅地建物取引主任者）あれば尚可 建築士，施工管理技士をお持ちの方も優遇します。 普通自動車運転免許必須 （AT限定可）,エクセル初級レベル ※関数等の知識は問いません。,,当社戸建分譲住宅（クレイドルガーデン）の事業・企画営業 ＊戸建分譲地の企画 ＊戸建用地の仕入れ ＊土地の区割り及び建物のプランニング ＊仲介業者との打合せ（販売は外部業者へ委託） ＊契約および完成物件の引渡しに同席 ※仲介、販売業務ではありません。 ◆業務変更範囲：会社の定める業務 転勤の可能性；あり／法人内の事業所 正社員 正社員登用 正社員登用の実績（過去３年間） 就業形態派遣・請負ではない,求人に関する特記事項 ＊住宅手当は自己名義で契約（共同名義可）し、 世帯主である場合に支給します。 ＊応募時は、応募書類を本社へ郵送又は データ添付の上メールをご送付下さい。 求人に関するお問合わせは 極力メールにてお願い致します。 【アドレス】ｊｉｎｊｉ＠ａｒｎｅｓｔ１．ｃｏ．ｊｐ ＊応募時の事前連絡は不要です。 求人についての詳細など、当社ホームページ【求人情報】でもご覧 いただけます。ご覧下さい。 ｈｔｔｐｓ：／／ｗｗｗ．ａｒｎｅｓｔ．ｃｏ．ｊｐ／ｒｅｃｒｕ ｉｔ／ より労働条件の明示を受けてください。,2026年9月7日求人票（宮崎県住宅リフォーム）_2.pdf,34
メンテナンス・アフターサービス・点検,住宅メンテナンス工事／宮崎出張所,カブシキガイシャピコイ 株式会社ピコイ,宮崎,その他の職別工事業,〒889-1605 宮崎県宮崎市清武町加納甲１７３３－３１１２号 当社宮崎出張所,270000,400000,True,True,必要な経験・知識・技能等不問,普通自動車運転免許必須 （AT限定不可）,,,●住宅の基礎の補強・補修工事 ●内外装のリフォーム・塗装・防湿工事 ●防水・断熱・シロアリ駆除工事など 業界Ｎｏ．１の給与を目指しており、努力すればするほど昇給する ことができます。上記の業務以外にも、ハウスメーカー・工務店を 通じての敷地調査、地盤調査、地盤改良、床暖房、瑕疵担保取次、 防水・断熱・シロアリ駆除・リフォーム工事等を行っております。 これら業務全般を手伝っていただくこともあります。 ＊経験のない業務でも、丁寧に指導・教育いたします。 ※変更範囲：変更なし 正社員 正社員登用 正社員登用の実績（過去３年間） 就業形態派遣・請負ではない,求人に関する特記事項 ・制服、作業服あり。 ・業務上、車を使用する場合、社有車あり。 ・試用期間は、勤務態度・能力により早まる可能性あり。 ・３６協定特別条項締結済み ＊当社は上場会社フリージアマクロスのグループ企業です。 ※グループ全体３，２００名、資本金９０億円、年商８８０億円、 純資産５００億円（グループ合計ベース） ＊業績急拡大につき増員します。※平均年齢は２０代です。 ・特に質問等がなければ、事前連絡なくても紹介状をお受け取りの うえ、応募書類を東京本社（東京都千代田区）担当井上宛に郵送 して下さい。 ■次のような方歓迎 ＊元気な会社に入社して出世のチャンスを狙っている。 ＊がんばりをちゃんと評価してもらえる会社で働きたい。 ＊急成長する会社で一発逆転、稼いでいきたい。 ＊１人１人の頑張りを毎月、透明なルールで還元する会社で働きた い。 ・応募にはハローワークの紹介状が必要となります。 より労働条件の明示を受けてください。,2026年9月7日求人票（宮崎県住宅リフォーム）_2.pdf,35
住宅・リフォーム営業（提案営業）,新築住宅アドバイザー／都城スタジオ,カブシキガイシャピースホーム 株式会社ピースホーム,宮崎,一般土木建築工事業,〒885-0012 宮崎県都城市上川東１－１２－５ 「都城スタジオ」 日豊本線都城駅から車4分,227000,349000,False,True,必要な経験・知識・技能等あれば尚可 ・住宅、不動産業界 ・ハウスメーカーでの勤務経験 ・接客業（販売や飲食店など）,宅地建物取引士（旧：宅地建物取引主任者）あれば尚可 普通自動車運転免許必須 （AT限定可）,Ｗｏｒｄ・Ｅｘｃｅｌ・ＰｏｗｅｒＰｏｉｎｔの基本的な操作,,【お仕事内容】 ピースホームの新築戸建住宅の アドバイザーとして、お客様のご相談や ご要望に対応していただきます。 ━━━━━【対象のお客様】━━━━━ モデルハウス見学会や住宅相談会にご来場のお客様 ホームページやＳＮＳからお問い合わせいただいたお客様 ━━━━━【お仕事の魅力】━━━━━━ 「アドバイザー」という職種のため、営業というよりもお客様の相 談役として活躍できます！ お客様の理想の住まいづくりをサポートするやりがいのあるお仕事 です 正社員 正社員登用 正社員登用の実績（過去３年間） 就業形態派遣・請負ではない,求人に関する特記事項 ＊ブランクのある方でも段階を踏んで丁寧に指導、 サポートしますので、安心して勤務して頂けます。 先輩社員による、実務に取り組みながら知識、スキルを身につけ ていくための研修など新人教育が充実しております。 ＊新人研修以外にも研修制度が充実しています。 ご希望があればキャリアアップのためのサポートも行います。 ＊有給が取得しやすい会社です。 ＊仕事と家庭の両立応援宣言企業です。 ワークライフバランスを重視した働き方ができます。 ＊宮崎県認定の働きやすい職場「ひなたの極」取得事業所です。 ＊子育て世代が活躍中。服装はオフィスカジュアルです。 ※昇給：評価制度により昇給・降給があります。 ※賞与：実績・評価によります。 お客様の夢を叶えるお手伝いをしたい方、人との会話や接客が得意 な方、スケジュール管理が得意な方に最適なお仕事です。 ホームページもございますので、是非ご覧下さい。 ｈｔｔｐｓ：／／ｗｗｗ．ｐｅａｃｅｈｏｍｅ．ｊｐ より労働条件の明示を受けてください。,2026年9月7日求人票（宮崎県住宅リフォーム）_2.pdf,36
施工管理・現場監督（工務）,新築住宅アドバイザー／ひなた工務店（宮崎大橋店）,カブシキガイシャピースホーム 株式会社ピースホーム,宮崎,一般土木建築工事業,〒880-0022 宮崎県宮崎市大橋２丁目１４２－１ 「ひなた工務店（宮崎大橋店）」 日豊本線宮崎駅から車8分,240000,360000,False,True,必要な経験・知識・技能等あれば尚可 ・不動産業界・接客業（販売や飲食店など）・ハウスメーカーでの 勤務経験 ・ＣＡＤ（ＷＩＨ）の操作経験,宅地建物取引士（旧：宅地建物取引主任者）あれば尚可 普通自動車運転免許必須 （AT限定可）,ワード・エクセル・パワーポイントの操作,,＊お客様の夢の詰まった新築戸建住宅のアドバイザーとして お客様のご相談、ご要望にお応えし、サポートするお仕事です。 ＊モデルハウス見学会・住宅相談会にお越しのお客様やホームペー ジからお問い合わせ頂いたお客様に対応して頂きます。 ・土地や間取りの相談、現地の確認 ・資金計画や土地購入に必要な書類作成 ・地鎮祭などのイベントのサポート ・完成後の引き渡し、アフターケアなど ＊社有車あり ＊エリア：主に宮崎県内 ＊変更範囲：変更なし 正社員 正社員登用 正社員登用の実績（過去３年間） 就業形態派遣・請負ではない,求人に関する特記事項 ＊未経験の方やブランクのある方でも段階を踏んで丁寧に指導、 サポートしますので、安心して勤務して頂けます。 先輩社員による、実務に取り組みながら知識、スキルを身につけ ていくための研修など新人教育が充実しております。 ＊新人研修以外にもリーダー研修等の研修制度が充実しています。 ご希望があればキャリアアップのためのサポートも行います。 ＊有給が取得しやすい会社です。 ＊仕事と家庭の両立応援宣言企業です。ワークライフバランスを重 視した働き方ができます。 ＊宮崎県認定の働きやすい職場「ひなたの極」取得事業所です。 ＊子育て世代が活躍中。服装はオフィスカジュアルです。 ※昇給：評価制度により昇給・降給があります。 ※賞与：実績・評価によります。 ※オンライン自主応募可 お客様の夢を叶えるお手伝いをしたい方、人との会話や接客が得意 な方、スケジュール管理が得意な方に最適なお仕事です。 ホームページもございますので、是非ご覧下さい。 ｈｔｔｐｓ：／／ｗｗｗ．ｐｅａｃｅｈｏｍｅ．ｊｐ より労働条件の明示を受けてください。,2026年9月7日求人票（宮崎県住宅リフォーム）_2.pdf,37
施工管理・現場監督（工務）,新築住宅アドバイザー／ひなた工務店（都城上川東店）,カブシキガイシャピースホーム 株式会社ピースホーム,宮崎,一般土木建築工事業,〒885-0012 宮崎県都城市上川東３丁目８－１ 「ひなた工務店（都城上川東店）」 日豊本線都城駅から車4分,240000,360000,False,True,必要な経験・知識・技能等あれば尚可 ・不動産業界・接客業（販売や飲食店など）・ハウスメーカーでの 勤務経験 ・ＣＡＤ（ＷＩＨ）の操作経験,宅地建物取引士（旧：宅地建物取引主任者）あれば尚可 普通自動車運転免許必須 （AT限定可）,ワード・エクセル・パワーポイントの操作,,＊新ブランドオープニングスタッフを募集します。 ＊お客様の夢の詰まった新築戸建住宅のアドバイザーとして お客様のご相談、ご要望にお応えし、サポートするお仕事です。 ＊モデルハウス見学会・住宅相談会にお越しのお客様やホームペー ジからお問い合わせ頂いたお客様に対応して頂きます。 ・土地や間取りの相談、現地の確認 ・資金計画や土地購入に必要な書類作成、ＣＡＤでの図面作成 ・地鎮祭などのイベントのサポート ・完成後の引き渡し、アフターケアなど ＊社有車あり＊エリア：主に宮崎県内 変更範囲：会社の定める業務 正社員 正社員登用 正社員登用の実績（過去３年間） 就業形態派遣・請負ではない,求人に関する特記事項 ＊未経験の方やブランクのある方でも段階を踏んで丁寧に指導、 サポートしますので、安心して勤務して頂けます。 先輩社員による、実務に取り組みながら知識、スキルを身につけ ていくための研修など新人教育が充実しております。 ＊新人研修以外にもリーダー研修等の研修制度が充実しています。 ご希望があればキャリアアップのためのサポートも行います。 ＊有給が取得しやすい会社です。 ＊仕事と家庭の両立応援宣言企業です。ワークライフバランスを重 視した働き方ができます。 ＊宮崎県認定の働きやすい職場「ひなたの極」取得事業所です。 ＊子育て世代が活躍中。服装はオフィスカジュアルです。 ※昇給：評価制度により昇給・降給があります。 ※賞与：実績・評価によります。 お客様の夢を叶えるお手伝いをしたい方、人との会話や接客が得意 な方、スケジュール管理が得意な方に最適なお仕事です。 ホームページもございますので、是非ご覧下さい。 ｈｔｔｐｓ：／／ｗｗｗ．ｐｅａｃｅｈｏｍｅ．ｊｐ より労働条件の明示を受けてください。,2026年9月7日求人票（宮崎県住宅リフォーム）_2.pdf,38
住宅・リフォーム営業（提案営業）,準社員／リフォーム営業／ヤマダデンキ都城店／０１１６,カブシキガイシャヤマダデンキ 株式会社ヤマダデンキ,宮崎,機械器具小売業（自動車，,〒885-0006 宮崎県都城市吉尾町１番地１ ヤマダデンキテックランド都城店 都城駅から徒歩10分,216543,262683,False,True,必要な経験・知識・技能等あれば尚可 ※リフォーム営業経験者歓迎！,普通自動車運転免許必須 （AT限定可）,,,●仕事内容 リフォーム商品販売営業 １日２〜３件のアポイント済のお客様宅に訪問し提案。 難しい改築リフォームなどは、建築士がアドバイスや上司 が同行応援してくれるので未経験者をサポート。安心して 提案できるお仕事です。 ●仕事内容補足 若手からシニアの方まで幅広く活躍頂ける職場環境です！ 未経験者には、マニュアル・研修完備！経験者は特別優遇！ 【変更の範囲：リフォーム営業事務及び当社が定める業務】 正社員以外 正社員以外の名称準社員 正社員登用ななしし 正社員登用の実績（過去３年間） 就業形態派遣・請負ではない,求人に関する特記事項 ※リフォーム営業職務手当１５，６１７円〜２１，６５７円 （固定残業代とリフォーム営業職務手当の合計額は５０，０００円 です） ※最低賃金法を遵守します。 ※雇止めは満６５歳迄です。 ※履歴書、紹介状、職務経歴書を 人事部人事課（群馬県高崎市） 宛てに郵送下さい。事前連絡は不要です。 ※質問等はハローワークの窓口を通じて行って下さい。 ※応募書類は返却致しません。 ※応募書類より取得した個人情報は 採用以外の目的には使用致しません。 ※応募にはハローワークの紹介状が必要となります。 より労働条件の明示を受けてください。,2026年9月7日求人票（宮崎県住宅リフォーム）_2.pdf,39
施工技能職（大工・内外装・基礎・足場ほか）,＜急募＞リフォーム工事等／宮崎出張所,カブシキガイシャピコイ 株式会社ピコイ,宮崎,その他の職別工事業,〒889-1605 宮崎県宮崎市清武町加納甲１７３３－３１１２号 当社宮崎出張所,270000,400000,True,True,必要な経験・知識・技能等不問,普通自動車運転免許必須 （AT限定不可）,,,●外装・水廻りのリフォーム工事 ●防水・断熱工事、シロアリ等害虫駆除工事 ●改装・改築、増築、増改築工事など 業界Ｎｏ．１の給与を目指しており、努力すればするほど昇給する ことができます。上記の業務以外にも、ハウスメーカー・工務店を 通じての敷地調査、地盤調査、地盤改良、床暖房、瑕疵担保取次、 防水・断熱・シロアリ駆除等を行っております。これら業務全般を 手伝っていただくこともあります ※経験のない業務でも、丁寧に指導・教育いたします。 変更範囲：変更なし 正社員 正社員登用 正社員登用の実績（過去３年間） 就業形態派遣・請負ではない,求人に関する特記事項 ・制服、作業服あり。 ・業務上、車を使用する場合、社用車有。 ・試用期間は勤務態度、能力により早まる可能性あり。 ・３６協定特別条項締結済み ＊当社は上場会社フリージアマクロスのグループ企業です。 ＊グループ全体３，２００名、資本金９０億円、年商８８０億円、 純資産５００億円（グループ合計ベース） ＊業績急拡大につき増員します。＊平均年齢は２０代です。 ・特に質問等がなければ、事前連絡なくても紹介状をお受取りの上 応募書類を東京本社（東京都千代田区）担当：井上宛に送付して 下さい。 ■次のような方歓迎 ＊元気な会社に入社して出世のチャンスを狙っている。 ＊がんばりをちゃんと評価してもらえる会社で働きたい。 ＊急成長する会社で一発逆転、稼いでいきたい。 ＊１人１人の頑張りを毎月、透明なルールで還元する会社で働きた い。 ・応募にはハローワークの紹介状が必要となります。 より労働条件の明示を受けてください。,2026年9月7日求人票（宮崎県住宅リフォーム）_2.pdf,40
住宅管理・不動産事務,公営住宅指定管理業務スタッフ／パティオ柳丸支店,カブシキガイシャマエムラ 株式会社マエムラ,宮崎,貸家業，貸間業,〒880-0844 宮崎県宮崎市柳丸町１５３番地１ パティオ柳丸Ｂ棟１－１ 「株式会社マエムラパティオ柳丸支店」 ＪＲ宮崎駅から車5分,273000,273000,True,True,必要な経験・知識・技能等不問,普通自動車運転免許必須 （AT限定可）,パソコン（ワード・エクセル）の基本的な操作,,宮崎市内の県営住宅および賃貸物件の退去立会等のお仕事です。 １．入退去者の窓口業務及び募集業務 ２．入居者管理業務及び各種申請書対応並びに文書配布 ３．家賃及び駐車場使用料の徴収及び滞納整理業務 変更範囲：変更なし 正社員 正社員登用 正社員登用の実績（過去３年間） 就業形態派遣・請負ではない,求人に関する特記事項 経験がなくても大丈夫です。 経験者が指導しますので心配要りません。 社用車あり。 より労働条件の明示を受けてください。,2026年9月7日求人票（宮崎県住宅リフォーム）_2.pdf,41
＜業界外＞介護・看護・給食,正・准看護師／住宅型有料老人ホーム加納の里すずらん,イリョウホウジンシャダンリョウウンカイジュウタクガタユウリョウロウジンホームカノウノサトスズラン 医療法人社団凌雲会住宅型有料老人ホーム加納の里すずらん,宮崎,老人福祉・介護事業,〒889-1607 宮崎県宮崎市清武町加納２丁目５１－１ 「住宅型有料老人ホーム加納の里すずらん」 加納駅から車5分,234100,261400,True,False,必要な経験・知識・技能等不問,看護師必須 准看護師必須 いずれかの免許・資格所持で可,,,有料老人ホームにおけるご利用者様の介護・看護業務全般を行って いただきます。 ・食事介助、入浴介助、排泄介助 ・医師の指示による看護業務 ＊日勤のみ ＊利用者定員４８名 ＊変更範囲：法人の指定する業務 正社員 正社員登用 正社員登用の実績（過去３年間） 就業形態派遣・請負ではない,求人に関する特記事項 ＊月平均所定労働時間は１７２時間です。 より労働条件の明示を受けてください。,2026年9月7日求人票（宮崎県住宅リフォーム）_2.pdf,42
住宅管理・不動産事務,公営住宅（県営・市営）維持保全業務（正社員）／宮崎市,ミヤザキタクチタテモノトリヒキギョウキョウドウクミアイ 宮崎宅地建物取引業協同組合,宮崎,他に分類されない非営利的,〒880-0874 宮崎県宮崎市昭和町８６－２昭和町ビル 「宅建業協会住宅管理部」 宮崎駅から車5分,280000,300000,True,True,必要な経験・知識・技能等不問,一級建築士必須 二級建築士必須 １級建築施工管理技士必須 ２級建築施工管理技士必須 いずれかの免許・資格所持で可 普通自動車運転免許必須 （AT限定可）,パソコン操作（ワード、エクセル表計算）,,・県営住宅、市営住宅等の維持保全業務（修繕内容調査・設計・ 監理・検査など） ・県、市の担当部署との協議連絡調整 ＊業務上の外出あり（主に宮崎市内、国富町、西都市、高鍋町） ＊社用車あり ＊変更範囲：変更なし 正社員 正社員登用 正社員登用の実績（過去３年間） 就業形態派遣・請負ではない,求人に関する特記事項 ・駐車場は自己手配、自己負担 ・賞与は、雇用開始から６ヶ月を経過後、支給の対象となります。 なお、勤務期間が６ヶ月以上１年未満の場合は基準額の５０％を 支給します。 ・通勤手当（上限あり月額１１，３００円まで）は給与規定に基づ き距離（片道）に応じて支給。 ＊書類受付は郵送のみ（持参不可） より労働条件の明示を受けてください。,2026年9月7日求人票（宮崎県住宅リフォーム）_2.pdf,43
建材・住宅設備の法人／ルート営業,建築資材・住宅資材販売の営業／宮崎営業所,カブシキガイシャフクエイ 株式会社福栄,宮崎,建築材料卸売業,〒889-1602 宮崎県宮崎市清武町今泉字平山２４１８番地１ 宮崎営業所,222192,320944,True,True,必要な経験・知識・技能等不問,普通自動車運転免許必須 （AT限定不可）,パソコン（Ｅｘｃｅｌ・Ｗｏｒｄ・電子メール）あれば尚可,,〇工務店様・ハウスメーカー様・大工様への建築資材・住宅設備機 器等の販売営業です。 ＊各営業所にＶＲスタジオを設置しており、建てる前の住宅を体感 できる等、営業ツールとして役立つものを巡視しております。 ＊先輩営業マンが指導しますし、営業事務もしっかりサポートいた しますので、未経験の方も安心してご応募ください。 ※変更範囲：変更なし ※働き方改革関連認定企業 ※面接の際は安定所の紹介状が必要です。 正社員 正社員登用 正社員登用の実績（過去３年間） 就業形態派遣・請負ではない,求人に関する特記事項 ＊事前に応募書類一式を営業所へご郵送ください。 面接の前にＷｅｂ上で適性検査を受検していただきます。 メールにて受検ＵＲＬをお送りいたしますので、 履歴書にメールアドレスをご記載ください。 面接日時などは後日連絡いたします。 ＊ビジネスカジュアル（希望者には制服支給あり） ＊試用期間終了後、割増手当の適用あり。 ＊通勤手当は通勤距離より計算、上限２０，０００円。 ＊奇抜な染髪・髪型は禁止 ＊夏・冬２回の賞与で４．２箇月分を支給。 業績により決算賞与を支給。 ＊４５歳以上の業界経験者・営業職経験者の応募は要相談。 ※副業禁止 より労働条件の明示を受けてください。,2026年9月7日求人票（宮崎県住宅リフォーム）_2.pdf,44
住宅・リフォーム営業（提案営業）,注文住宅営業（宮崎）,カブシキガイシャコクブハウジング 株式会社国分ハウジング,宮崎,建物売買業，土地売買業,〒880-0055 宮崎県宮崎市南花ケ島町３２６番７,230000,500000,False,True,必要な経験・知識・技能等あれば尚可 営業経験２年以上あれば尚可,宅地建物取引士（旧：宅地建物取引主任者）あれば尚可 普通自動車運転免許必須 （AT限定可）,パソコン（エクセル・ワード）基本操作可能な方,,【注文住宅営業として理想の住まいを提案するお仕事です】 ■業界未経験歓迎！ ■展示場・モデルハウスでの住宅提案・コンサルティング ■顧客誘致からプラン作成、ご契約までのサポート ■反響型営業で、飛び込み営業や過度なテレアポはありません ■専属メンター（トレーナー）が付き、成長を全面サポート。 投げ出されない環境づくりに注力 ■自家用車持ち込み可能な方 ■自家用車使用（ガソリンカード・ＥＴＣカード支給） 正社員 正社員登用 正社員登用の実績（過去３年間） 就業形態派遣・請負ではない,求人に関する特記事項 ＊事業拡大による増員 ＊昇給・賞与は会社実績により支給 ＊簡易な適性検査有 ＊休日出勤有（振替休日取得可） ＊マイカー通勤：駐車場敷地内、自己負担なし ＊フレックスタイム制は、部門毎に異なります。 ＊従事すべき業務の変更の範囲：会社の規定で定める業務 ＊応募にはハローワーク紹介状が必要です より労働条件の明示を受けてください。,2026年9月7日求人票（宮崎県住宅リフォーム）_2.pdf,45
住宅・リフォーム営業（提案営業）,注文住宅営業（都城）,カブシキガイシャコクブハウジング 株式会社国分ハウジング,宮崎,建物売買業，土地売買業,〒885-0002 宮崎県都城市太郎坊町６０８３番１号,230000,500000,False,True,必要な経験・知識・技能等あれば尚可 営業経験２年以上あれば尚可,宅地建物取引士（旧：宅地建物取引主任者）あれば尚可 普通自動車運転免許必須 （AT限定可）,パソコン（エクセル・ワード）基本操作可能な方,,【注文住宅営業として理想の住まいを提案するお仕事です】 ■業界未経験歓迎！ ■展示場・モデルハウスでの住宅提案・コンサルティング ■顧客誘致からプラン作成、ご契約までのサポート ■反響型営業で、飛び込み営業や過度なテレアポはありません ■専属メンター（トレーナー）が付き、成長を全面サポート。 投げ出されない環境づくりに注力 ■自家用車持ち込み可能な方 ■自家用車使用（ガソリンカード・ＥＴＣカード支給） 正社員 正社員登用 正社員登用の実績（過去３年間） 就業形態派遣・請負ではない,求人に関する特記事項 ＊事業拡大による増員 ＊昇給・賞与は会社実績により支給 ＊簡易な適性検査有 ＊休日出勤有（振替休日取得可） ＊マイカー通勤：駐車場敷地内、自己負担なし ＊フレックスタイム制は、部門毎に異なります。 ＊従事すべき業務の変更の範囲：会社の規定で定める業務 ＊応募にはハローワーク紹介状が必要です より労働条件の明示を受けてください。,2026年9月7日求人票（宮崎県住宅リフォーム）_2.pdf,46
住宅・リフォーム営業（提案営業）,注文住宅営業（延岡）,カブシキガイシャコクブハウジング 株式会社国分ハウジング,宮崎,建物売買業，土地売買業,〒882-0856 宮崎県延岡市出北４丁目３２０１ー１ 南延岡駅から車5分,230000,500000,False,True,必要な経験・知識・技能等あれば尚可 営業経験２年以上あれば尚可,宅地建物取引士（旧：宅地建物取引主任者）あれば尚可 普通自動車運転免許必須 （AT限定可）,パソコン（エクセル・ワード）基本操作可能な方,,【注文住宅営業として理想の住まいを提案するお仕事です】 ■業界未経験歓迎！ ■展示場・モデルハウスでの住宅提案・コンサルティング ■顧客誘致からプラン作成、ご契約までのサポート ■反響型営業で、飛び込み営業や過度なテレアポはありません ■専属メンター（トレーナー）が付き、成長を全面サポート。 投げ出されない環境づくりに注力 ■自家用車持ち込み可能な方 ■自家用車使用（ガソリンカード・ＥＴＣカード支給） 正社員 正社員登用 正社員登用の実績（過去３年間） 就業形態派遣・請負ではない,求人に関する特記事項 ＊事業拡大による増員 ＊昇給・賞与は会社実績により支給 ＊簡易な適性検査有 ＊休日出勤有（振替休日取得可） ＊マイカー通勤：駐車場敷地内、自己負担なし ＊フレックスタイム制は、部門毎に異なります。 ＊従事すべき業務の変更の範囲：会社の規定で定める業務 ※応募にはハローワーク紹介状が必要です より労働条件の明示を受けてください。,2026年9月7日求人票（宮崎県住宅リフォーム）_2.pdf,47
設計・ＣＡＤオペレーター,注文住宅設計（都城）,カブシキガイシャコクブハウジング 株式会社国分ハウジング,宮崎,建物売買業，土地売買業,〒885-0002 宮崎県都城市太郎坊町６０８３番１号,250001,500001,False,False,必要な経験・知識・技能等あれば尚可 住宅・不動産業経験あれば尚可,二級建築士あれば尚可,パソコン（エクセル・ワード）基本操作可能な方,,【新築一戸建て住宅の設計のお仕事です】 モデルハウスにご来場いただいたお客様の住宅の設計業務全般をお 任せします。 ■敷地調査 ■プランニング ■建築図面作成 ■打合せ（お施主様・営業・工事等） ■専属メンター（トレーナー）が付き、成長を全面サポート。 正社員 正社員登用 正社員登用の実績（過去３年間） 就業形態派遣・請負ではない,求人に関する特記事項 ＊事業拡大による増員 ＊昇給・賞与は会社実績により支給 ＊簡易な適性検査有 ＊休日出勤有（振替休日取得可） ＊マイカー通勤：駐車場敷地内、自己負担なし ＊フレックスタイム制は部門毎に異なる ＊従事すべき業務の変更の範囲：会社の規定で定める業務 ＊応募にはハローワーク紹介状が必要です より労働条件の明示を受けてください。,2026年9月7日求人票（宮崎県住宅リフォーム）_2.pdf,48
設計・ＣＡＤオペレーター,注文住宅設計（宮崎）,カブシキガイシャコクブハウジング 株式会社国分ハウジング,宮崎,建物売買業，土地売買業,〒880-0055 宮崎県宮崎市南花ケ島町３２６番７ 宮崎神宮駅から徒歩10分,250001,500001,False,False,必要な経験・知識・技能等あれば尚可 住宅・不動産業経験あれば尚可,二級建築士あれば尚可,パソコン（エクセル・ワード）基本操作可能な方,,【新築一戸建て住宅の設計（幹部候補）のお仕事です】 モデルハウスにご来場いただいたお客様の住宅の設計業務全般をお 任せします。 ■敷地調査 ■プランニング ■建築図面作成 ■打合せ（お施主様・営業・工事等） ■専属メンター（トレーナー）が付き、成長を全面サポート 正社員 正社員登用 正社員登用の実績（過去３年間） 就業形態派遣・請負ではない,求人に関する特記事項 ＊事業拡大による増員 ＊昇給・賞与は会社実績により支給 ＊簡易な適性検査有 ＊休日出勤有（振替休日取得可） ＊マイカー通勤：駐車場敷地内、自己負担なし ＊フレックスタイム制は部門毎に異なる ＊従事すべき業務の変更の範囲：会社の規定で定める業務 ＊応募にはハローワーク紹介状が必要です より労働条件の明示を受けてください。,2026年9月7日求人票（宮崎県住宅リフォーム）_2.pdf,49
設計・ＣＡＤオペレーター,注文住宅設計（延岡）,カブシキガイシャコクブハウジング 株式会社国分ハウジング,宮崎,建物売買業，土地売買業,〒882-0856 宮崎県延岡市出北４丁目３２０１ー１ 南延岡駅から車5分,250001,500001,False,False,必要な経験・知識・技能等あれば尚可 住宅・不動産業経験あれば尚可,二級建築士あれば尚可,パソコン（エクセル・ワード）基本操作可能な方,,【新築一戸建て住宅の設計（幹部候補）のお仕事です】 モデルハウスにご来場いただいたお客様の住宅の設計業務全般をお 任せします。 ■敷地調査 ■プランニング ■建築図面作成 ■打合せ（お施主様・営業・工事等） ■専属メンター（トレーナー）が付き、成長を全面サポート 正社員 正社員登用 正社員登用の実績（過去３年間） 就業形態派遣・請負ではない,求人に関する特記事項 ＊事業拡大による増員 ＊昇給・賞与は会社実績により支給 ＊簡易な適性検査有 ＊休日出勤有（振替休日取得可） ＊マイカー通勤：駐車場敷地内、自己負担なし ＊フレックスタイム制は部門毎に異なる ＊従事すべき業務の変更の範囲：会社の規定で定める業務 ＊応募にはハローワーク紹介状が必要です より労働条件の明示を受けてください。,2026年9月7日求人票（宮崎県住宅リフォーム）_2.pdf,50
＜業界外＞介護・看護・給食,正・准看護師（正社員）／住宅型有料老人ホーム,カブシキガイシャリンゴノサト 株式会社りんごの里,宮崎,老人福祉・介護事業,〒880-0841 宮崎県宮崎市吉村町西田甲６４７番地１７ 宮崎駅から車8分,190000,250000,True,True,必要な経験・知識・技能等不問,看護師必須 准看護師必須 いずれかの免許・資格所持で可 普通自動車運転免許必須 （AT限定可）,,,＊入居者様の看護業務をお願いします。 ・バイタル測定、服薬管理 ・栄養・食事摂取のケア ・往診対応、病院・医師との連携業務など。 ・利用者様の様子観察、介護 ＊夜勤あり（相談に応じます） ＊先輩スタッフがフォローしますので、 未経験・ブランクのある方も大歓迎！ ＊当グループ内には保育施設があり、子育て中の方も 安心して働けます。 ＊社用車あり ＊変更範囲：変更なし 正社員 正社員登用 正社員登用の実績（過去３年間） 就業形態派遣・請負ではない,求人に関する特記事項 ＊月の平均所定労働時間：１７３時間 ・社員教育にも力を注いでいます。（研修あり） ・楽しくやりがいを持って、皆仲良く仕事しています。 ・託児所があるので子育て中の方も安心して働けます ・保育園、学校行事の際の休みの相談可能です。 【仕事と子育て両立応援求人】 より労働条件の明示を受けてください。,2026年9月7日求人票（宮崎県住宅リフォーム）_3.pdf,1
＜業界外＞介護・看護・給食,介護福祉士（夜勤専従）／住宅型有料老人ホーム／職場見学可,ユゲンガイシャマゴコロサービスミヤコノジョウ 有限会社まごころサービス都城,宮崎,老人福祉・介護事業,〒885-0094 宮崎県都城市都原町７２７９番地 有料老人ホーム桜テラス 西都城駅から徒歩5分,196350,224400,True,False,必要な経験・知識・技能等不問,介護福祉士必須 普通自動車運転免許あれば尚可（AT限定可）,,,◆住宅型有料老人ホームご入居者への介護業務全般（食事介助、起 床介助、排泄介助、介護関係書類（日報）の記入など） ◆未経験者には研修有 「変更範囲：会社の定める業務」【介護】 ◆月額は月１０回程度の夜勤専従等で算出（月１３回まで勤務可能 、詳しくは特記事項参照） ◆面接時要相談 正社員以外 正社員以外の名称常勤パート 正社員登用あありり 正社員登用の実績（過去３年間） １２名 就業形態派遣・請負ではない,求人に関する特記事項 ＊昇給・賞与は、会社の業績と本人の能力によります。 ＊マイカー通勤：無料駐車場あり。 ＊インフルエンザ予防接種補助金制度があります。 （１０月〜１１月） ＊協力的で働きやすい職場です。研修制度充実 ＊夜勤の回数については相談に応じることができます。 実際は、月に１３回夜勤（日勤なし）を希望される方が多いです その場合、割増賃金等を含むと２３８，８７５円〜２７３，００ ０円くらいの賃金額になります。 より労働条件の明示を受けてください。,2026年9月7日求人票（宮崎県住宅リフォーム）_3.pdf,2
＜業界外＞介護・看護・給食,介護職員（夜勤専従）／住宅型有料老人ホーム／職場見学可,ユゲンガイシャマゴコロサービスミヤコノジョウ 有限会社まごころサービス都城,宮崎,老人福祉・介護事業,〒885-0094 宮崎県都城市都原町７２７９番地 有料老人ホーム桜テラス 西都城駅から徒歩5分,196350,224400,True,False,必要な経験・知識・技能等不問,介護職員初任者研修修了者あれば尚可 ホームヘルパー２級あれば尚可 普通自動車運転免許あれば尚可（AT限定可）,,,◆住宅型有料老人ホームご入居者への介護業務全般（食事介助、起 床介助、排泄介助、介護関係書類（日報）の記入など） ◆未経験者には研修有 「変更範囲：会社の定める業務」【介護】 ◆月額は月１０回程度の夜勤専従等で算出（月１３回まで勤務可能 、詳しくは特記事項参照） ◆面接時要相談 正社員以外 正社員以外の名称常勤パート 正社員登用あありり 正社員登用の実績（過去３年間） １２名 就業形態派遣・請負ではない,求人に関する特記事項 ＊昇給・賞与は、会社の業績と本人の能力によります。 ＊マイカー通勤：無料駐車場あり。 ＊インフルエンザ予防接種補助金制度があります。 （１０月〜１１月） ＊協力的で働きやすい職場です。研修制度充実 ＊夜勤の回数については相談に応じることができます。 実際は、月に１３回夜勤（日勤なし）を希望される方が多いです その場合、 割増賃金等を含むと２３８，８７５円〜２７３，０００円くらい の賃金額になります。 ＊資格なしの方は、相談ください。 より労働条件の明示を受けてください。,2026年9月7日求人票（宮崎県住宅リフォーム）_3.pdf,3
＜業界外＞介護・看護・給食,看護職員（夜勤専従）住宅型有料老人ホーム／職場見学可,ユゲンガイシャマゴコロサービスミヤコノジョウ 有限会社まごころサービス都城,宮崎,老人福祉・介護事業,〒885-0094 宮崎県都城市都原町７２７９番地 有料老人ホーム桜テラス 西都城駅から徒歩5分,196350,224400,True,False,必要な経験・知識・技能等不問,看護師必須 准看護師必須 【看護】 いずれかの免許・資格所持で可 普通自動車運転免許あれば尚可（AT限定可）,,,◆有料老人ホームご入居者等への看護および介護業務全般（食事介 助、起床介助、排泄介助、バイタル測定、たん吸引、介護関係書類 （日報）の記入など）◆月１０回程度の夜勤（月１３回まで勤務可 能、詳しくは特記事項を参照） 【看護・介護】 「変更範囲：会社の定める業務」 正社員以外 正社員以外の名称常勤パート 正社員登用あありり 正社員登用の実績（過去３年間） １２名 就業形態派遣・請負ではない,求人に関する特記事項 ＊昇給・賞与は、会社の業績と本人の能力によります。 ＊マイカー通勤：無料駐車場あり。任意保険加入必須。 ＊インフルエンザ予防接種補助金制度があります。 （１０月〜１１月） ＊協力的な働きやすい職場です。研修制度充実 ＊制服を貸与します。勤務時間相談可。 ＊夜勤の回数については相談に応じることができます。 実際は、月に１３回夜勤（日勤なし）を希望される方が多いです その場合、割増賃金等を含めると２３８，８７５円〜 ２７３，０００円くらいの賃金額になります。 より労働条件の明示を受けてください。,2026年9月7日求人票（宮崎県住宅リフォーム）_3.pdf,4
＜業界外＞介護・看護・給食,生活相談員・介護職／グランデ櫻宴（住宅型有料老人ホーム）,イリョウホウジンジュウゼンカイケンナンビョウイン 医療法人十善会県南病院,宮崎,病院,〒888-0001 宮崎県串間市大字西方３７２８ 住宅型有料老人ホーム「グランデ櫻宴」,190000,210000,True,False,必要な経験・知識・技能等不問,不不問問,,,住宅型有料老人ホーム＜グランデ櫻宴＞でのお仕事です。 ・入居受入、契約の対応 ・利用料金の請求 ・生活相談・助言 ・食事の配膳・下膳 ・病院受診時の付き添い ・一部利用者の入浴介助、リハビリパンツ交換等【介護】 ※入所定員４２名。 【変更範囲：法人内の関連業務】 正社員 正社員登用 正社員登用の実績（過去３年間） 就業形態派遣・請負ではない,求人に関する特記事項 「中高年層（概ね３５歳以上６０歳未満の者）で正社員雇用の機会 に恵まれなかった方歓迎」 より労働条件の明示を受けてください。,2026年9月7日求人票（宮崎県住宅リフォーム）_3.pdf,5
住宅・リフォーム営業（提案営業）,リフォーム営業／宮崎支店,カブシキカイシャマルショウケンセツミヤザキシテン 株式会社丸商建設宮崎支店,宮崎,一般土木建築工事業,〒880-0021 宮崎県宮崎市清水２丁目６－１マルショウビル２階 宮崎駅から車5分,250000,300000,False,True,必要な経験・知識・技能等必須 リフォーム営業経験者,普通自動車運転免許必須 （AT限定可）,,,リフォーム工事の販売営業職（県内近郊） 丸商建設で建築された方をメインにリフォームの訪問販売をしても らいますので、飛び込み営業は不要です。 ・お客様からの問い合わせ発生→連絡・現地調査アポ ・ヒアリング・現調 ・見積書作成・提出 ・受注後の工事日確認 ・契約書の作成 ・発注処理（業者手配） ・工事前の連絡や申請、近隣の方への挨拶等 ・アフターフォロー ＊自家用車を使用（ガソリン代支給）変更範囲：変更なし 正社員 正社員登用 正社員登用の実績（過去３年間） 就業形態派遣・請負ではない,求人に関する特記事項 ＊有休取得のしやすさも自慢です。 前日までに申請いただけましたら１００％取得可能です。 ※取得には申請書を会社に提出するのみ ＊男性の育児休暇も積極推奨中です。 ※リフォーム営業をお考えの方、知名度、実績のある弊社で働きま せんか。 幅広い年齢層で和気あいあいとした営業スタッフです。 注文住宅宮崎県ナンバーワンです。 より労働条件の明示を受けてください。,2026年9月7日求人票（宮崎県住宅リフォーム）_3.pdf,6
住宅・リフォーム営業（提案営業）,リフォームエンジニア,,宮崎,一般土木建築工事業,〒 宮崎県都城市(cid:0),265000,417000,False,True,必要な経験・知識・技能等必須 住宅リフォーム・リノベーションの見積・設計・施工管理等の実務 経験がある方。,二級建築士あれば尚可 ２級建築施工管理技士あれば尚可 普通自動車運転免許必須 （AT限定可）,Ｗｏｒｄ、Ｅｘｃｅｌ ※ＣＡＤが利用できれば尚可 （当社利用ＣＡＤ：ＡＲＣＨＩＴＲＥＮＤ）,,＊住宅リノベーション・リフォームの見積提案、設計施工管理が主 となります。 ※その他にもスキルに応じて住宅新築工事・福祉施設などの改修工 事もあり。 ＊お客様との打ち合わせ、プラン提案 ＊見積、積算業務 ＊現場管理 ＊アフター点検 「変更範囲：変更なし」【建設】 正社員 正社員登用 正社員登用の実績（過去３年間） 就業形態派遣・請負ではない,求人に関する特記事項 ＊制服貸与 ＊マイカー通勤：無料駐車場あり ＊年１回社員研修旅行あり ＊年１回誕生日前後に最長９日間のリフレッシュ休暇取得（取得率 １００％） ＊事前に履歴書、職務経歴書、紹介状を郵送（Ｅメール・マイペー ジも可。持参不可）して下さい。応募書類到着後、３日以内に面 接日をご連絡いたします（安定所からの連絡が必要です。） ※オンラインハローワーク紹介の場合の応募書類は、紙・データ どちらでも受付可能です。 ※オンライン自主応募可 （自主応募の場合、ハローワーク紹介状は不要です。） より労働条件の明示を受けてください。,2026年9月7日求人票（宮崎県住宅リフォーム）_3.pdf,7
住宅・リフォーム営業（提案営業）,不動産業・リフォーム業,カブシキカイシャユーフーズ 株式会社ユーフーズ,宮崎,その他の食料品製造業,〒885-0019 宮崎県都城市祝吉３丁目１９－１５ 都城駅から車5分,200000,250000,False,True,必要な経験・知識・技能等あれば尚可 不動産業の経験があればなお可,宅地建物取引士（旧：宅地建物取引主任者）必須 普通自動車運転免許必須 （AT限定可）,ワード・エクセルがある程度使える方,,＊不動産の仲介・販売 その他リフォーム作業の補助等 ※不動産経験者は歓迎します。 未経験の方でもサポートいたします。 ※昇給は能力・成績等に応じて算定します。 【変更範囲：変更なし】 正社員 正社員登用 正社員登用の実績（過去３年間） 就業形態派遣・請負ではない,求人に関する特記事項 より労働条件の明示を受けてください。,2026年9月7日求人票（宮崎県住宅リフォーム）_3.pdf,8
配送・ドライバー,住宅資材、建築資材の配送／宮崎営業所,カブシキガイシャフクエイ 株式会社福栄,宮崎,建築材料卸売業,〒889-1602 宮崎県宮崎市清武町今泉字平山２４１８番地１ 宮崎営業所,220958,296256,True,True,必要な経験・知識・技能等不問,フォークリフト運転技能者あれば尚可 大型自動車免許あれば尚可 小型移動式クレーン・ユニック、玉掛け免許取得補助制度あり 普通自動車運転免許必須 （AT限定不可）,,,〇住宅全般の資材の配送・搬入のお仕事です。 ＊社有車（軽トラ〜３ｔトラック）で、取引先様の現場へ訪問。 ＊最初は先輩社員が同乗します。 ＊仕事の流れや商品知識から積み込み方、納品方法など一からしっ かりお教えいたします。 ＊未経験からスタートしたスタッフも活躍し、経験や知識豊富なス タッフも在籍。 ＊アフターフォローも社員全員で行っていきます。 ※変更範囲：変更なし※働き方改革関連認定企業 ※面接の際は安定所の紹介状が必要です。 正社員 正社員登用 正社員登用の実績（過去３年間） 就業形態派遣・請負ではない,求人に関する特記事項 ＊事前に応募書類一式を営業所へご郵送ください。 面接の前にＷｅｂ上で適性検査を受検していただきます。 メールにて受検ＵＲＬをお送りいたしますので、 履歴書にメールアドレスをご記載ください。 面接日時などは後日連絡いたします。 ＊制服支給あり。 ＊試用期間終了後、割増手当の適用あり。 ＊通勤手当は通勤距離から計算、上限２０，０００円。 ＊自動車免許について 平成２９年３月１２日以降に取得された方の場合は、準中型免許 が必要 ＊夏・冬２回の賞与で４．２箇月分を支給。 業績により決算賞与を支給。 ※副業禁止 より労働条件の明示を受けてください。,2026年9月7日求人票（宮崎県住宅リフォーム）_3.pdf,9
住宅・リフォーム営業（提案営業）,営業（リフォーム）［都城市］,ヤマサハウスカブシキガイシャ ヤマサハウス株式会社,宮崎,一般土木建築工事業,〒885-0015 宮崎県都城市千町５２１９番地４ ＪＲ都城駅から徒歩15分,219900,320700,False,False,必要な経験・知識・技能等あれば尚可 ＊未経験者も歓迎 ＊実務経験者優遇,二級建築士あれば尚可 １級建築施工管理技士あれば尚可 ２級建築施工管理技士あれば尚可 ＊特記事項欄参照,,,ヤマサハウスオーナー様・自社リフォームショールームにいらっし ゃるお客様を中心に、今のお住まいのお困りごと、「リフォームニ ーズ」をヒアリングいただきます。 ご提案からご契約、工事の工程管理、お引渡までの全ての工程を一 貫して担当できるお仕事です。 【リフォームへの想い】 リフォームは、地域の住宅・住まいを支え続ける事業です。 ヤマサハウスでは、７５年以上住まいづくりに携わってきました。 新築住宅を建てて終わりではなく、定期点検やメンテナンス、リフ ォームも自社で一貫して行うことで、ヤマサハウスを選んでくださ ったお客様に安心して暮らしていただくことが、地域貢献につなが ると考えています。 正社員 正社員登用 正社員登用の実績（過去３年間） 就業形態派遣・請負ではない,求人に関する特記事項 【未経験者／第二新卒歓迎】 【歓迎スキル】 ・建築士（１級・２級） ・建築施工管理技士（１級・２級） 【変更範囲】事業所の定める範囲 【転勤範囲】県内一円（離島を除く） ＊応募前職場見学可（ハローワークへお問い合わせください） ＊ハローワーク紹介後の流れ 書類選考後、不採用の場合は郵送にて通知致します。 ＊履歴書に必ずメールアドレスの記載をお願いします。 ＊面接の回数については、３回になる場合があります。 ＊面接日、入社日はご相談に応じます。 お気軽にお問い合わせください ＊自家用車通勤可（駐車場代別途） ・企業型拠出年金：会社から一部拠出 ・社員割引制度有（新築・リフォーム・リノベーション） ◆オンライン自主応募の場合、ハローワーク紹介状は不要です。 「オンライン自主応募可」 より労働条件の明示を受けてください。,2026年9月7日求人票（宮崎県住宅リフォーム）_3.pdf,10
住宅・リフォーム営業（提案営業）,住宅営業（延岡市）（延岡営業所）,カブシキガイシャイチジョウコウムテン 株式会社一条工務店,宮崎,一般土木建築工事業,〒882-0063 宮崎県延岡市紺屋町２－４－１０Ｃ－１０３ 【延岡事務所】,267500,267500,False,True,必要な経験・知識・技能等あれば尚可 ※業界未経験者歓迎 研修制度有り,普通自動車運転免許必須 （AT限定可）,,,モデルハウスへ来場されるお客様に家づくりのアドバイスをするこ とから始まり、地盤調査・プラン作成・資金計画から上棟・お引渡 しまで、全ての窓口を担当します。設計担当・工事担当・インテリ アアドバイザーなどの専門スタッフと協力しながら、お客様のご要 望を一つ一つ叶えていきます。そのお客様のためだけに建てる世界 にたった一つの「家」です。お客様にご満足いただいた時の喜びは 必ずあなたの‘やりがい・自信’につながっていきます。家族の一 員のように一緒になって家の完成を喜び合える、そんな信頼関係を 築き上げて下さい。 変更範囲：変更なし 正社員 正社員登用 正社員登用の実績（過去３年間） 就業形態派遣・請負ではない,求人に関する特記事項 【ＣＣＵＳ登録事業所】 ＊マイカーでの営業業務となります。通勤・営業業務で使用した ガソリン代は会社負担（上限３５０００円） ＊ホームページ（ｈｔｔｐ：／／ｉｃｈｉｊｏ．ｊｐ／）の採用情 報を是非ご覧下さい。（質問等がなければ、事前電話連絡不要） ＊職務経歴書には、パソコンのアドレスを記載してください。 ＊マイカー通勤：無料駐車場あり ＊応募前の職場見学：可 「応募にはハローワークの紹介状が必要です」 【オンライン自主応募可求人】オンライン自主応募の際は、「自主 応募」ボタンから応募してください。 ◆オンライン自主応募に関することは当事者間で対応してください ◆オンライン自主応募の場合、ハローワーク等の職業紹介を要件と する助成金［特定求職者雇用開発助成金・トライアル雇用助成金・ 雇用保険の再就職手当等］は対象外です！ より労働条件の明示を受けてください。,2026年9月7日求人票（宮崎県住宅リフォーム）_3.pdf,11
住宅・リフォーム営業（提案営業）,新築住宅営業／クライアントパートナー,カブシキガイシャトウヨウホーム 株式会社東洋ホーム,宮崎,建物売買業，土地売買業,〒880-0841 宮崎県宮崎市吉村町江田原甲２０７番地２ 宮崎駅から車15分,213890,374300,False,True,必要な経験・知識・技能等あれば尚可 宮崎県内外での営業職（住宅）経験,宅地建物取引士（旧：宅地建物取引主任者）あれば尚可 普通自動車運転免許必須 （AT限定可）,,,注文住宅を請け負う工務店の営業「クライアントパートナー」とし て、お客様の家づくりをトータルにサポートしていただきます。お 客様のご要望をしっかりお聞きし、資金計画や土地選び、間取りの 打ち合わせから、完成・お引渡しまでを一貫して担当。設計やイン テリアコーディネーター、現場監督と連携し、お客様の理想の家を 形にするお手伝いをしていきます。 ＊営業範囲：宮崎県内 ＊個人車を使用します（車輌手当、ガソリン代別途支給） ＊個人目標あり（歩足給の支給あり） ＊ノルマなし ＊変更範囲：変更なし 正社員 正社員登用 正社員登用の実績（過去３年間） 就業形態派遣・請負ではない,求人に関する特記事項 ・昇降格年３回、賞与年３回 ・出産祝い金、結婚祝い金 ・子育て支援制度 ・月平均所定労働時間：１５４時間 ＊当社では「ファースト・ワン・キャリアアップ制度」を導入し、 ４ヶ月毎の昇降格制度があります。業務実績によりチームリーダー ・マネージャーを目指す事も出来ます。 より労働条件の明示を受けてください。,2026年9月7日求人票（宮崎県住宅リフォーム）_3.pdf,12
設備工事（配管・電気・住宅設備）,住宅機器取り付け,テンジンジュウセツ 天神住設,宮崎,その他の設備工事業,〒889-1901 宮崎県北諸県郡三股町大字樺山５０５１－４ 三股駅から車5分,220000,250000,True,True,必要な経験・知識・技能等不問,普通自動車運転免許必須 （AT限定可）,,,大手メーカーからの受注で、ユニットバス・システムキッチン・シ ステム洗面取り付けを行います。 施工は個人宅が主です。 「変更範囲：変更なし」 ※未経験者には指導いたします。経験者も大歓迎！ 正社員 正社員登用 正社員登用の実績（過去３年間） 就業形態派遣・請負ではない,求人に関する特記事項 より労働条件の明示を受けてください。,2026年9月7日求人票（宮崎県住宅リフォーム）_3.pdf,13
設備工事（配管・電気・住宅設備）,住宅設備,サカエソウゴウジュウタクセツビカブシキガイシャ 栄総合住宅設備株式会社,宮崎,管工事業（さく井工事業を,〒885-0114 宮崎県都城市庄内町９０６７ 日向庄内駅から車10分,220000,320000,True,True,必要な経験・知識・技能等不問,普通自動車運転免許必須 （AT限定可）,,,新築・リフォーム現場でのユニットバス・キッチンの解体・組立。 その他、水回りのリフォームもあります。 【変更範囲：変更なし】 正社員 正社員登用 正社員登用の実績（過去３年間） 就業形態派遣・請負ではない,求人に関する特記事項 ＊年総労働時間：２，０００時間（月平均労働時間１６６．６時間 より労働条件の明示を受けてください。,2026年9月7日求人票（宮崎県住宅リフォーム）_3.pdf,14
住宅・リフォーム営業（提案営業）,【甲府】戸建リフォームの技術営業職★未経験者歓迎,スミトモフドウサンハウジングカブシキガイシャ 住友不動産ハウジング株式会社,山梨,建築リフォーム工事業,〒400-0854 山梨県甲府市中小河原町５３３－５ 住友不動産ハウジング（株）山梨営業所 甲斐住吉駅から徒歩10分,271000,334000,False,True,必要な経験・知識・技能等あれば尚可 住宅設計・建築施工管理・不動産業界の経験者歓迎,一級建築士あれば尚可 二級建築士あれば尚可 木造建築士あれば尚可 １・２級建築施工管理技士（あれば尚可） 普通自動車運転免許必須 （AT限定可）,,,リフォーム界のパイオニア「新築そっくりさん」のセールスエンジ ニア（技術営業）職。 一棟まるごとの戸建リフォームの建物診断、提案、設計、契約、工 事管理、引き渡しまですべての工程をご担当いただきます。 ※集客に関しては新規飛込みはありませんが、過去に問い合わせい ただいたお客さまへのアプローチなども行っていただきます。 やりがいはどの仕事よりも大きく、お客様が感じておられる家の不 満を解消し蘇らせる「住宅再生」の総合プロデューサーです。 変更範囲：会社の定める業務 正社員 正社員登用 正社員登用の実績（過去３年間） 就業形態派遣・請負ではない,求人に関する特記事項 【賃金目安】 未経験：２９万２千円（固定給２５万円＋定額歩合給４万２千円） 経験者：３３万４千円（固定給２５万円＋定額歩合給８万４千円） 経験者は入社日から１３ヶ月間限定 ※平均年収８９８万円（２０２４年度） 成績連動型の高率歩合給制粗利益金額×１０〜３０％ ※最長６カ月にわたる充実した研修あり 集合研修やＯＪＴ制度を通じて当社業務に精通いただきます。 ※フレックスタイム制（コアタイムなし）を適用 ※マイカー通勤：可否は採用エリアにより異なる ※勤続功労株式報酬制度あり ※質問はお受け致しますが、求人条件に合致している場合は、 事前連絡せずに、そのまま書類を送付して下さい。 ※ｃ欄に記載された時間数は固定残業代の積算根拠となるもので、 実際の時間外労働の時間数の見込みや実績を示すものではありま せん。 ※賃金（ｄ）欄の続き：月額＝年俸÷１２ヶ月、にて算出 より労働条件の明示を受けてください。,2026年9月7日求人票（山梨県住宅リフォーム）_1.pdf,1
設備工事（配管・電気・住宅設備）,（パート）住宅設備工事全般,ナナイロセツビ 七色設備,山梨,管工事業（さく井工事業を,〒400-0117 山梨県甲斐市西八幡３４８８－２,192326,207360,False,True,必要な経験・知識・技能等あれば尚可 住宅設備工事の実務経験がある方優遇。 現場での作業経験があり基本的な工具の取り扱いができる方尚可。,第二種電気工事士あれば尚可 石綿作業主任者あれば尚可 普通自動車運転免許必須 （AT限定不可）,,,一般住宅の住宅設備工事全般を行います。 ○給排水・給湯配管工事、キッチン・浴室・洗面台・トイレなどの 水回り設備の設置・交換 ○配管の新設・引き直し ○設備機器の取付・交換 ○エアコン取付・入替 ○リフォーム・解体工事など ※ご応募の際は、必ずハローワークを通してください。 【変更範囲：変更なし】 正社員以外 正社員以外の名称フルタイムパート 正社員登用あありり 正社員登用の実績（過去３年間） なし 就業形態派遣・請負ではない,求人に関する特記事項 ●ハローワーク以外からの営業電話等は固くお断りします● 【ハローワークからの応募連絡は担当者携帯宛にお願いします】 ※工具等を積めるタイプの自己車両を保有し、現場への移動に使用 していただける場合は、ガソリン代を支給します。 仕事で使用する工具をお持ちの方も大歓迎です。 ※経験や資格を活かして働ける職場です。 より労働条件の明示を受けてください。,2026年9月7日求人票（山梨県住宅リフォーム）_1.pdf,2
住宅・リフォーム営業（提案営業）,住宅営業［甲府店／甲府市住吉］,カブシキガイシャアイダセッケイ 株式会社アイダ設計,山梨,建物売買業，土地売買業,〒400-0851 山梨県甲府市住吉２ー３－３２ 「甲府店」,300000,395000,True,True,必要な経験・知識・技能等不問,宅地建物取引士あれば尚可 普通自動車運転免許必須 （AT限定可）,,,新築住宅をお客様に提案するお仕事です。反響対応型の営業です。 飛び込み営業などはありません。 ＜注文住宅営業＞ ・住宅の提案・接客、電話対応、店舗管理 ・パソコンソフトで図面作成、事務処理（ワード・エクセル等） ＜分譲住宅営業＞ ・住宅の提案・接客、電話対応、店舗管理 ・分譲地設営、ポスティング ・事務処理（ワード・エクセル等） ※ｉｐｈｏｎｅ・ｉｐａｄ貸与 営業活動で使用していただきます 変更範囲：会社の定める業務 正社員 正社員登用 正社員登用の実績（過去３年間） 就業形態派遣・請負ではない,求人に関する特記事項 ※宅建・建築士の資格をお持ちの方はそれぞれ２万円手当がつきま す。 ※能力・資格等により基本給が異なります。 ※リフレッシュ休暇、夏季休日、年末年始休日、時間単位年休あり （当社規定による） ※採用時の「労働条件通知書」交付は、労基法第１５条に基づく 書面での労働条件明示で義務付けられています。 ※採用ホームページ、採用インスタグラムにて会社の雰囲気や お仕事の様子をご覧いただけます。 より労働条件の明示を受けてください。,2026年9月7日求人票（山梨県住宅リフォーム）_1.pdf,3
住宅・リフォーム営業（提案営業）,注文住宅営業／経験不問（サイエンスホーム甲府店）,サイエンスホームコウフテン（カブシキガイシャエヌハウス） サイエンスホーム甲府店（株式会社エヌハウス）,山梨,木造建築工事業,〒400-0851 山梨県甲府市住吉５丁目７番１０号,263000,375000,True,True,必要な経験・知識・技能等不問,普通自動車運転免許必須 （AT限定可）,基本的なパソコンスキルがあると尚可。,,サイエンスホーム甲府店にて、注文住宅の営業を担当していただき ます。（展示場あり。） 甲府市住吉に新社屋をオープンしました。綺麗でおしゃれな環境で す。業務拡大につき募集します。 新規開拓営業はありますが、飛び込み営業はありません。 ※未経験の方も歓迎します。 ※経験がある場合は賃金を考慮します。 ※急募 【変更範囲：会社の定める業務】 正社員 正社員登用 正社員登用の実績（過去３年間） 就業形態派遣・請負ではない,求人に関する特記事項 【応募連絡は担当者の携帯へお願いします】 サイエンスホームは静岡県に本社があります。加盟店は全国に １１９社あり、エヌハウスは甲府店として加盟しています。 ※昇給：個人差あり ※賞与：営業の場合は、賞与はありませんが、歩合給があります。 ※有給休暇の計画的付与として年末年始に有給休暇の一部を充てて います。 より労働条件の明示を受けてください。,2026年9月7日求人票（山梨県住宅リフォーム）_1.pdf,4
住宅・リフォーム営業（提案営業）,注文住宅営業（山梨県中巨摩郡）※経験者,カブシキガイシャヤマダホームズ 株式会社ヤマダホームズ,山梨,一般土木建築工事業,〒409-3866 山梨県中巨摩郡昭和町西条１３０ 昭和住宅公園内 株式会社ヤマダホームズ甲府昭和店,275000,349340,False,True,必要な経験・知識・技能等必須 営業経験（２年以上）または 建売・分譲経験（２年以上） リフォーム営業経験者歓迎,普通自動車運転免許必須 （AT限定可）,,,注文住宅、戸建住宅等の営業職です。 ・住宅展示場へご来場されたお客様の接客対応 （主に、土・日がメインになります） ・平日は、アポイントのあるお客様への資料作成および お客様の建設予定地の調査や契約関連の事務作業 ・平日は取引業者等への訪問活動 【変更範囲】会社の定める業務 正社員 正社員登用 正社員登用の実績（過去３年間） 就業形態派遣・請負ではない,求人に関する特記事項 ★昇給：定期昇給はなし。人事評価による役職変更で昇給します。 ★賞与：歩合としての支給。 個人の営業成績によって金額が変わります。 ＊土日祝日勤務可能な方 ＊通勤手当は会社規定により支給。 ＊マイカー通勤は規定内の車種に限定されます。 応募書類（履歴書・職務経歴書・紹介状）を郵送、またはメールで お送り下さい。 応募前の事前連絡は不要です。 書類選考後、面接日時及び適性検査をご連絡致します。 なお、不採用の場合は結果を通知の上、応募書類は当方の責任で破 棄致します。 ※メールアドレスをお持ちの方は必ず履歴書にご記入下さい。 ※応募の際は、必ず紹介状（表裏）の添付をお願いいたします。 ※お問い合わせはメールにてお願いいたします。 ＊応募にはハローワークの紹介状が必要となります。 より労働条件の明示を受けてください。,2026年9月7日求人票（山梨県住宅リフォーム）_1.pdf,5
住宅・リフォーム営業（提案営業）,注文住宅営業（山梨県甲府市）※経験者,カブシキガイシャヤマダホームズ 株式会社ヤマダホームズ,山梨,一般土木建築工事業,〒400-0813 山梨県甲府市向町５３２－１ 株式会社ヤマダホームズ甲府店,275000,349340,False,True,必要な経験・知識・技能等必須 営業経験（２年以上）または 建売・分譲経験（２年以上） リフォーム営業経験者歓迎,普通自動車運転免許必須 （AT限定可）,,,注文住宅、戸建住宅等の営業職です。 ・住宅展示場へご来場されたお客様の接客対応 （主に、土・日がメインになります） ・平日は、アポイントのあるお客様への資料作成および お客様の建設予定地の調査や契約関連の事務作業 ・平日は取引業者等への訪問活動 【変更範囲】会社の定める業務 正社員 正社員登用 正社員登用の実績（過去３年間） 就業形態派遣・請負ではない,求人に関する特記事項 ★昇給：定期昇給はなし。人事評価による役職変更で昇給します。 ★賞与：歩合としての支給。 個人の営業成績によって金額が変わります。 ＊土日祝日勤務可能な方 ＊通勤手当は会社規定により支給。 ＊マイカー通勤は規定内の車種に限定されます。 応募書類（履歴書・職務経歴書・紹介状）を郵送、またはメールで お送り下さい。 応募前の事前連絡は不要です。 書類選考後、面接日時及び適性検査をご連絡致します。 なお、不採用の場合は結果を通知の上、応募書類は当方の責任で破 棄致します。 ※メールアドレスをお持ちの方は必ず履歴書にご記入下さい。 ※応募の際は、必ず紹介状（表裏）の添付をお願いいたします。 ※お問い合わせはメールにてお願いいたします。 ＊応募にはハローワークの紹介状が必要となります。 より労働条件の明示を受けてください。,2026年9月7日求人票（山梨県住宅リフォーム）_1.pdf,6
製造・加工（プレカット／建材）,住宅ユニットの製造［南アルプス市］,カブシキガイシャヒューマック 株式会社ヒューマック,山梨,労働者派遣業,〒400-0203 山梨県南アルプス市徳永１５００,235008,235008,True,False,必要な経験・知識・技能等不問,フォークリフト運転技能者あれば尚可,,,大手住宅製造メーカーの工場で組立のお仕事です。 住宅ユニットの外壁をインパクトでネジ締をしたり、接着材を使っ て防水シートの貼り付け、サッシ取付等をやります。 ※２人一組で外壁を持ったりもします。 【変更範囲：会社の定める業務】 有期雇用派遣労働者 正社員登用ななしし 正社員登用の実績（過去３年間） 就業形態派遣,求人に関する特記事項 ★日払い・週払いあり ★出張面接可能 ★様々な福利厚生サービスあり ・無料でスポーツジムの利用可能 ・各種割引サービス多数あり （映画館チケット、ビジネスホテル、レンタカー、居酒屋など） ○お仕事のフォロー体制充実しているので、安心してスタートでき ます。 ○ブランク（離職期間）のある方も安心して働ける環境です。 ○職場見学をしてから就業できるので安心です。 より労働条件の明示を受けてください。,2026年9月7日求人票（山梨県住宅リフォーム）_1.pdf,7
住宅・リフォーム営業（提案営業）,戸建注文住宅エクステリア担当,スミトモリンギョウカブシキガイシャジュウタクジギョウホンブコウフシテン 住友林業株式会社住宅事業本部甲府支店,山梨,木造建築工事業,〒409-3866 山梨県中巨摩郡昭和町西条５１１５ ＪＲ身延線国母駅から車15分,315462,500000,False,True,必要な経験・知識・技能等あれば尚可 造園・土木１，２級施工管理技士優遇 実務経験者歓迎,２級造園施工管理技士あれば尚可 ２級土木施工管理技士あれば尚可 普通自動車運転免許必須 （AT限定可）,,,住友林業の戸建住宅のエクステリア及びガーデンの企画提案・設計 を一貫してお任せします。いずれか一部のみではなく、全てに携わ る事が出来る魅力があります。敷地内の造園、門扉、壁、フェンス 、ガレージなど、建物以外の外構工事をすべて手掛けます。 【変更範囲：変更なし】 正社員 正社員登用 正社員登用の実績（過去３年間） 就業形態派遣・請負ではない,求人に関する特記事項 通勤定期代は、路線距離８０キロをもって支給限度とします。 ＜固定残業代について＞ 時間外労働の有無に関わらず、 賃金欄（ｂ）の「みなし残業手当」を２０．５時間分の時間外手当 として、賃金欄（ｃ）の「生産向上手当」を２０．５時間分の時間 外手当としてそれぞれ定額支給し、合計時間数４１時間を超えた時 間外労働が生じた場合は、法定通り追加で支給します。 なお、４１時間は手当の積算根拠であり、実際の時間外労働時間数 の見込みや実績ではありません。 【オンライン自主応募可】 ※自主応募の場合、ハローワーク紹介状は不要です。 【会社説明会・面接会】※完全予約制 日時：令和８年１０月１６日（金）９：３０〜１１：３０ 場所：ハローワーク甲府２階相談室 申込先：ハローワーク甲府 人材確保対策コーナー（建設・警備・運輸） ＴＥＬ：０５５－２３２－６０６０（４５＃） より労働条件の明示を受けてください。,2026年9月7日求人票（山梨県住宅リフォーム）_1.pdf,8
設計・ＣＡＤオペレーター,【資格不問】新築住宅代願（確認申請）業務／甲府市,ミサワホームコウシンカブシキガイシャ ミサワホーム甲信株式会社,山梨,建物売買業，土地売買業,〒400-0043 山梨県甲府市国母７丁目９－１ ミサワホーム甲信株式会社甲府事務所 ＪＲ国母駅から徒歩15分,214000,375100,False,False,必要な経験・知識・技能等あれば尚可 住宅設計の実務経験,二級建築士あれば尚可 一級建築士あれば尚可,,,・新築戸建て住宅の確認申請（代願）業務全般 ・上記に伴う資料作成・取りまとめ ・ＣＡＤや作図などの高度な設計スキルは必要ありません。 ＊変更の範囲：会社の定める業務 ＊変更の範囲：会社の定める業務 正社員 正社員登用 正社員登用の実績（過去３年間） 就業形態派遣・請負ではない,求人に関する特記事項 ・賃金は年齢、経験等を考慮の上決定します。 ＜諸手当等＞ ・販売報奨金・公的資格試験合格祝金制度 ・家賃補助・自社製品購入割引制度 ・慶弔金・特別弔慰金、高度障害見舞金 ・社会保険制度・確定拠出年金・財形貯蓄（奨励金あり） ＜ワークライフバランス支援制度＞ ・フレックスタイム制度・テレワーク制度・定休日振替制度 ・就労コース選択制度・年次有給休暇／半日単位／時間単位 ・有給休暇取得促進日・慶弔休暇・リフレッシュ休暇 ・エフ休暇・サポート休暇・産後パパ育休 ・育児休業・介護休業・子の看護休暇 ＜団体保険制度（保険割引制度）＞ ・総合福祉団体定期保険・団体定期保険（生命保険、損害保険） ・自動車保険団体割引制度・ＧＬＴＤ制度 より労働条件の明示を受けてください。,2026年9月7日求人票（山梨県住宅リフォーム）_1.pdf,9
住宅・リフォーム営業（提案営業）,注文住宅営業／未経験可／山梨県中巨摩郡／年休１２３日,カブシキガイシャウィザースホーム 株式会社ウィザースホーム,山梨,木造建築工事業,〒409-3866 山梨県中巨摩郡昭和町西条４６２－３ 身延線国母駅から徒歩8分,274560,310372,True,True,必要な経験・知識・技能等不問,普通自動車運転免許必須 （AT限定可）,パソコン入力（エクセル・ワード）が出来るかた,,■新規注文住宅の営業職をお任せします。飛込み営業無 ・展示場来場、ＷＥＢ集客にて反響のあったお客様へアプローチ ・ヒアリング、図面作成（ＣＡＤ入力による）プラン提案 ・資金計画、住宅ローン手続きのお手伝い、着工準備、引渡し 【平日営業の１日】９：１５出社、掃除、朝礼、事務処理 １０：００管理訪問１２：００昼休憩１３：００管理訪問 不動産回り、敷地調査、役所調査、ポスティング等 １６：００事務処理、資料作成１７：３０ロープレ１８：１５帰宅 ■未経験でも大丈夫です！先輩社員が丁寧に教えます。 ※基本給は、年齢・経験により考慮します。 自家用車を使用して頂きます（手当有ガソリン代は当社規定支給） 変更範囲：会社の定める業務 正社員 正社員登用 正社員登用の実績（過去３年間） 就業形態派遣・請負ではない,求人に関する特記事項 未経験の方でも先輩社員が丁寧に教えますので、ご安心ください。 職場見学も可能です。 ■給与は年齢や経験により要相談となります。 【想定年収：４５０万円〜７００万円／各種手当、インセンティブ 含む】 ■オンライン自主応募の場合は紹介状不要。 ■夏季・年末年始・秋休暇あり。年間休日１２３日、計画年休５日 あり ■資格手当：建築施工管理技士、建築士、宅地建物取引士等 当社指定の資格取得に向けて受講費補助（資格学校・通信教材） １０万円まで支給。キャリアアップに役立つ資格が取れます。 ■車両手当支給３５，０００円、ガソリン代当社規定額支給 ■貸与品：スマートフォン、ＰＣ、タブレット端末 より労働条件の明示を受けてください。,2026年9月7日求人票（山梨県住宅リフォーム）_1.pdf,10
住宅・リフォーム営業（提案営業）,住宅リフォームアドバイザー,カブシキガイシャカンザイ 株式会社環財,山梨,建築材料卸売業,〒406-0032 山梨県笛吹市石和町四日市場１７８６－１ 株式会社環財Ｈｏｍｅ’ｓ事業部,250000,300000,False,True,必要な経験・知識・技能等あれば尚可 営業、接客、住宅、建築、リフォーム業界での経験があれば尚可,普通自動車運転免許必須 （AT限定可）,ワード、エクセルの基本操作,,住宅リフォームをご検討中のお客様への反響対応を担当していただ きます。電話やインターネットでお問い合わせいただいたお客様へ の対応が中心で、飛び込み営業等は一切ありません。 主な業務は、現地調査、見積作成、プラン提案、契約後の打合せ、 工事中の進捗確認、お引渡しまでお客様に寄り添いながらリフォー ム工事をトータルでサポートする仕事です。 主な工事内容は住宅の水回り、内装、住宅設備のリフォームです。 現場は山梨県内が中心で、地域密着型の住まいづくりに携わること ができます。入社後は先輩社員が同行し、業務の流れや専門知識を 丁寧に段階的に指導します未経験の方も安心して成長できる環境で す。 【変更範囲：変更なし】 正社員 正社員登用 正社員登用の実績（過去３年間） 就業形態派遣・請負ではない,求人に関する特記事項 問い合わせやご紹介いただいたお客様への対応が中心のため、 飛び込み営業等や訪問販売はありません。地域密着型のリフォーム 会社として、山梨県内のお客様を担当し、現地調査からプラン提案 、お見積りの提出、工事の進捗確認、お引渡しまで一貫して携わり ます。 お客様に寄り添いながら住まいづくりをサポートできるやりがいの ある仕事です。現場は山梨県内のため、長距離移動や長期出張はあ りません。 未経験の方も先輩社員が丁寧に指導しますので安心して働けます。 営業経験、接客経験、住宅・建築・リフォーム業界経験のある方は 歓迎します。 【オンライン自主応募可】 より労働条件の明示を受けてください。,2026年9月7日求人票（山梨県住宅リフォーム）_1.pdf,11
住宅・リフォーム営業（提案営業）,新築住宅営業（経験者大歓迎！！）,ニシコウフジュウタクカブシキガイシャ 西甲府住宅株式会社,山梨,建築工事業（木造建築工事,〒400-0856 山梨県甲府市伊勢４－２２－１ 西甲府住宅株式会社 ＪＲ身延線甲斐住吉駅から徒歩10分,230000,400000,True,True,必要な経験・知識・技能等不問,普通自動車運転免許必須 （AT限定可）,,,・当社ブランドの注文住宅・建売物件の営業販売を担当していただ きます。 ○一般注文住宅・建売分譲住宅の販売 ○土地分譲仲介業務等、不動産全般の営業業務 ※性別に関係なく活躍していただける仕事です。 ※Ｕターン、Ｉターン希望の方の応募、歓迎します。 【変更範囲：会社の定める範囲】 正社員 正社員登用 正社員登用の実績（過去３年間） 就業形態派遣・請負ではない,求人に関する特記事項 より労働条件の明示を受けてください。,2026年9月7日求人票（山梨県住宅リフォーム）_1.pdf,12
設計・ＣＡＤオペレーター,新築住宅設計※Ｕ・Ｉターン希望の方の応募歓迎します！,ニシコウフジュウタクカブシキガイシャ 西甲府住宅株式会社,山梨,建築工事業（木造建築工事,〒400-0856 山梨県甲府市伊勢４－２２－１ 西甲府住宅株式会社 ＪＲ身延線甲斐住吉駅から徒歩10分,250000,400000,False,True,必要な経験・知識・技能等必須 一般住宅の設計業務全般,一級建築士必須 二級建築士必須 いずれかの免許・資格所持で可 普通自動車運転免許必須 （AT限定可）,,,◆新築木造一般住宅の設計業務全般 ◆新築プランの打合せ ◆お客様、施工業者との打合せ ◆実行予算・積算見積り、書類の作成 ◆確認申請等の図面作成、提出 ◆ＣＡＤ設計 ※建築士資格をお持ちで、実務経験のある方を募集 【変更範囲：会社の定める範囲】 正社員 正社員登用 正社員登用の実績（過去３年間） 就業形態派遣・請負ではない,求人に関する特記事項 より労働条件の明示を受けてください。,2026年9月7日求人票（山梨県住宅リフォーム）_1.pdf,13
住宅・リフォーム営業（提案営業）,正社員｜リフォームアドバイザー（未経験可）,ライファコウフチュウオウ（ナカゴミカブシキガイシャ） ライファ甲府中央（ナカゴミ株式会社）,山梨,建築リフォーム工事業,〒400-0854 山梨県甲府市中小河原町５４６ ＪＲ身延線甲斐住吉駅から徒歩10分,240000,350000,False,True,必要な経験・知識・技能等あれば尚可 住宅建築に関わる資格・経験や知識あれば尚可,二級建築士あれば尚可 ２級建築施工管理技士あれば尚可 宅地建物取引士（旧：宅地建物取引主任者）あれば尚可 その他、建築に関わる資格あれば尚可 普通自動車運転免許必須 （AT限定可）,■エクセルやワードが使えると作業がスムーズに行えます ■ＰＣ・スマホの基本的な操作スキルは必要です,,ＬＩＸＩＬと提携する住宅のリノベーションや水まわりリフォーム 等の提案するお仕事です。ホームページやＳＮＳからのお問合せ 対応が中心ですので、飛び込み営業などはありません。 【仕事内容】 ■リフォームの相談の対応、デザイン・見積作成 ■現場調査や現場管理（工事の手配から完成・引渡しまで） ■ＳＮＳからの情報発信 ◎未経験の方でも、研修や先輩スタッフのサポートがあるため 安心して成長できる環境です。 ◎社内外の研修も充実！資格取得のスキルアップも目指せます。 ◎経験者は優遇いたします。【変更範囲：変更なし】 正社員 正社員登用 正社員登用の実績（過去３年間） 就業形態派遣・請負ではない,求人に関する特記事項 【ハローワークからの応募連絡は担当者携帯宛にお願いします。】 ★ＬＩＸＩＬと提携する全国約５５０店舗のリフォームショップで す。 ◎ライファ甲府中央は、２０１６年以降の顧客満足度調査において 、山梨県内でも常に高い評価をいただいています。 ◎お客様との出会いを大切にし、全面リフォームをはじめ、 水まわりや断熱リフォームなど、暮らしをより快適にする幅広い ご提案を行っています。 ◎イベント開催やＳＮＳを活用した情報発信などを通じて、お客様 に安心と信頼を感じていただける関係づくりを大切にしています。 ◎未経験の方でも経験豊富な先輩スタッフが同行やサポートを 行いますので、安心してスタートできる環境です。 私たちと一緒に「ありがとう」をいただける仕事をしてみませんか 。 より労働条件の明示を受けてください。,2026年9月7日求人票（山梨県住宅リフォーム）_1.pdf,14
住宅・リフォーム営業（提案営業）,住宅リフォーム営業,カブシキガイシャハウジングケント 株式会社ハウジング建都,山梨,一般土木建築工事業,〒400-0502 山梨県南巨摩郡富士川町最勝寺１６５０－１ ＪＲ身延線鰍沢口駅から車10分,230000,400000,True,True,必要な経験・知識・技能等不問,普通自動車運転免許必須 （AT限定可）,パソコン操作（エクセル・ワード）,,○住宅リフォーム営業の仕事です。 ＊業務上、パソコン操作があります。 ＊主に、南巨摩郡・南アルプス市・甲府市等。 ＊飛び込み営業はありません。 ＊営業には、社有車を使用。 ☆男女共に活躍できます。 変更範囲：会社の定める業務 ＜＜急募＞＞ ☆応募にはハローワークの紹介状が必要です☆ 正社員 正社員登用 正社員登用の実績（過去３年間） 就業形態派遣・請負ではない,求人に関する特記事項 ＊通勤手当：通勤距離数（事業所規定）により支給します。 ＊固定残業代ｃ欄に記載された時間数は固定残業代の積算根拠と なるもの。実際の時間外労働の時間数の見込みや実績を示す ものではない。 より労働条件の明示を受けてください。,2026年9月7日求人票（山梨県住宅リフォーム）_1.pdf,15
製造・加工（プレカット／建材）,木材加工スタッフ（木造住宅機械オペレーター）,,山梨,造作材・合板・建築用組立,〒 山梨県大月市,199000,229000,True,True,必要な経験・知識・技能等不問,普通自動車運転免許必須 （AT限定不可）,,,○プレカット工場において木材の搬入・搬出業務 ○コンピュータ制御による木材の加工機械の操作業務 〇先輩、上司が一から丁寧に指導するので、安心して仕事に取り組 めます 〇少人数のアットホームな雰囲気の職場です ＊運転業務あり社用車（１ｔトラック／ＭＴ） 【変更範囲：変更なし】 正社員 正社員登用 正社員登用の実績（過去３年間） 就業形態派遣・請負ではない,求人に関する特記事項 【オンライン自主応募可】オンライン自主応募の際は、ハローワー ク紹介状は不要です。 ☆中高年層（ミドルシニア）歓迎求人 より労働条件の明示を受けてください。,2026年9月7日求人票（山梨県住宅リフォーム）_1.pdf,16
設計・ＣＡＤオペレーター,木造住宅構造ＣＡＤオペレーター,,山梨,造作材・合板・建築用組立,〒 山梨県大月市,199000,229000,True,True,必要な経験・知識・技能等不問,普通自動車運転免許必須 （AT限定可）,建築ＣＡＤを使用する為、ＰＣの基本操作ができる方,,○木造住宅をプレカット加工するための専用ソフトを使用し、構造 入力業務をパソコンにて行う ○業者との打ち合わせ、又付随する業務 〇先輩、上司が一から丁寧に指導するので、安心して仕事に取り組 めます 〇少人数のアットホームな雰囲気の職場です ＊打ち合わせ等により運転業務あり社用車（普通／ＡＴ） ＊パソコンの基本操作ができる方 経験は不問ですが、建築の知識のある方は尚可 【変更範囲：変更なし】 正社員 正社員登用 正社員登用の実績（過去３年間） 就業形態派遣・請負ではない,求人に関する特記事項 【オンライン自主応募可】 オンライン自主応募の際は、ハローワーク紹介状は不要です。 ☆中高年層（ミドルシニア）歓迎求人 より労働条件の明示を受けてください。,2026年9月7日求人票（山梨県住宅リフォーム）_1.pdf,17
住宅・リフォーム営業（提案営業）,リフォーム営業（甲府店）,コウシンアルプスホームカブシキガイシャ 甲信アルプスホーム株式会社,山梨,木造建築工事業,〒400-0046 山梨県甲府市下石田２丁目１３－９ 山梨支店甲府店,275730,331100,False,True,必要な経験・知識・技能等あれば尚可 営業、建築業経験,普通自動車運転免許必須 （AT限定可）,,,＊三井ホームのオーナー様及び一般顧客様の ・リフォーム工事の営業 ・小額工事の施工管理などを行っていただきます。 ＊小さな工事や部品交換のほか、大規模リフォーム工事も手掛る 幅が広いやりがいのある仕事です。 ※社有車で業務を行います。 ＊変更の範囲：会社の定める業務 ＊応募する方は、ハローワークの紹介状をお持ち下さい。 正社員 正社員登用 正社員登用の実績（過去３年間） 就業形態派遣・請負ではない,求人に関する特記事項 ・通勤、業務には社用車を使用していただきます。 （車両維持費、燃料費は会社にて負担） ・社用の携帯、タブレット、ＰＣが貸与されます。 ・頑張り次第で、報奨金支給があります。 ・男女関係なく活躍できる環境です。 住宅・インテリアに興味のある未経験の方はもちろん、 営業職や建設関係のご経験がある方は尚歓迎です。 ご応募お待ちしております。 ＊住宅関係のお仕事の経験者は歓迎いたします。 詳しいお仕事内容や会社の雰囲気などご心配であれば、カジュア ル面談も可能です。本社採用担当までお問い合わせください。 ＊応募希望の方は、事前に応募書類を担当者宛に送付下さい。 書類選考のうえ、１０日程度で面接の可否及び面接日時等ご連絡 します。 より労働条件の明示を受けてください。,2026年9月7日求人票（山梨県住宅リフォーム）_1.pdf,18
施工管理・現場監督（工務）,新築住宅・リフォーム工事の施工管理・メンテ（甲府）,コウシンアルプスホームカブシキガイシャ 甲信アルプスホーム株式会社,山梨,木造建築工事業,〒400-0046 山梨県甲府市下石田２丁目１３－９ 山梨支店,226000,291000,False,True,必要な経験・知識・技能等あれば尚可 建築業経験があれば尚可,２級建築施工管理技士あれば尚可 二級建築士あれば尚可 １級建築施工管理技士あれば尚可 普通自動車運転免許必須 （AT限定可）,ＰＣ・タブレット基本操作,,・三井ホーム「２×４住宅」のお客様のアフターメンテナンス業務 （定期点検・補修等） ※工事日程の全般の管理や工程毎の所定の検査、顧客対応をしてい ただきます。 ※技能や経験を考慮して対応していただく職務内容を決定します。 ◆社用車で業務を行います。 ＊変更の範囲：会社の定める業務 正社員 正社員登用 正社員登用の実績（過去３年間） 就業形態派遣・請負ではない,求人に関する特記事項 ・通勤、業務には社用車を使用して頂きます （車両維持費・燃料費は会社にて負担） ・社用の携帯、タブレット、ＰＣが貸与されます。 ・建設関係のご経験がある方は歓迎いたします。 ご応募お待ちしております。 ・住宅関係のお仕事の経験者は歓迎します。 詳しいお仕事内容や会社の雰囲気などご心配であれば、カジュア ル面談も可能です。本社採用担当までお問い合わせください。 ＊応募希望の方は、事前に応募書類を担当者宛に送付して下さい。 書類選考のうえ、１０日程度で面接可否及び面接日時等ご連絡 します。 より労働条件の明示を受けてください。,2026年9月7日求人票（山梨県住宅リフォーム）_1.pdf,19
施工管理・現場監督（工務）,木造住宅施工管理,,山梨,建築材料卸売業,〒 山梨県甲府市,237220,392280,True,True,必要な経験・知識・技能等不問,１級建築施工管理技士あれば尚可 ２級建築施工管理技士あれば尚可 一級建築士あれば尚可 ２級建築士 普通自動車運転免許必須 （AT限定可）,特に必要ありません 必要なスキルは、入社後丁寧に指導します,,建築工事現場で、技術者を指揮監督し、工事全体を管理するお仕事 です。また、現場管理だけでなく、書類の作成や、設計者や業者と の打合せ、工事依頼主への対応も行います。 人と関わり合うのが好きな方、新たな知識を学ぶのが好きな方に 向いているお仕事です。 七保では、自社ブランドの注文住宅、企画住宅、及び、マンショ ン、オフィス、店舗、公共施設、中大規模木造建築物などの建築、 リフォームの現場を担当して頂きます。 先輩、上司が丁寧に指導するので、安心して仕事に取り組むこと ができます。また、資格取得も積極的にサポートしていきます。 【変更範囲：変更なし】 正社員 正社員登用 正社員登用の実績（過去３年間） 就業形態派遣・請負ではない,求人に関する特記事項 【独自の福利厚生】 １：企業主導型保育園「なないろ保育園」 本社向かい側で、保育園を運営しています。 （給食費込みで月謝６，０００円） ０歳から２歳児が対象で、お子さんと一緒に出社帰社する社員 も多数います。 ２：Ｎ－ＮＯＳＥ（線虫ガン検査） 全社員対象に、全額会社負担で実施しています。 ３：がん保険 全社員対象に、全額会社負担で加入しています。 ４：確定拠出年金 公的年金の上乗せ年金に、掛金全額会社負担で加入しています。 【オンライン自主応募可】 ※オンライン自主応募の場合は、ハローワーク紹介状は不要です。 より労働条件の明示を受けてください。,2026年9月7日求人票（山梨県住宅リフォーム）_1.pdf,20
住宅・リフォーム営業（提案営業）,住宅営業（分譲）／タマホーム甲府支店,タマホームカブシキガイシヤ タマホーム株式会社,山梨,木造建築工事業,〒400-0814 山梨県甲府市上阿原町１０８６番地 タマホーム甲府支店,211000,467000,False,True,必要な経験・知識・技能等必須 住宅営業経験又は分譲住宅販売経験又は用地仕入経験,宅地建物取引士（旧：宅地建物取引主任者）あれば尚可 普通自動車運転免許必須 （AT限定可）,,,主な業務内容は、下記のとおりです。 ●土地仕入れ ●分譲住宅販売 ●住宅に関するご希望のヒアリング、プラン作成 ●住宅建設地の敷地調査、現地調査、役所調査 ●住宅ローンのご相談等 ＊入社後６カ月は契約社員といたします。 その後、原則として正社員登用いたします。 契約期間中の基本的な待遇は正社員と同様です。 変更範囲：変更なし 正社員以外 正社員以外の名称契約期間満了後、原則として正社員登用 正社員登用あありり 正社員登用の実績（過去３年間） ２４名登用（全国実績） 就業形態派遣・請負ではない,求人に関する特記事項 ＊全国転勤ありの求人です。 ＊賃金は経験により決定します。 ＊賞与は業績により変動いたします。 ＊正社員登用の場合、定年は６５歳となります。 ＊応募書類は返送いたしません。 ＊有給休暇については入社時に前倒しで１０日付与となります。 ＜選考の流れ書類選考→面接＞ 質問がない場合、ハローワークの紹介を受ければ事前連絡がなくて も応募可能です。応募希望の方は、履歴書（写真貼付）・職務経歴 書・ハローワークの紹介状をお送り下さい。 書類到着後、１０営業日程度でご連絡いたします。 ＜モデル年収＞ 入社７年目・４０歳・全国社員年収１，０６０万円 入社４年目・３５歳・地域限定社員年収７４０万円 ※２０２０年度全職種平均年収６９３万円（前年比３８万円増） より労働条件の明示を受けてください。,2026年9月7日求人票（山梨県住宅リフォーム）_1.pdf,21
住宅・リフォーム営業（提案営業）,住宅営業（分譲）／タマホーム甲府支店／エリア限定,タマホームカブシキガイシヤ タマホーム株式会社,山梨,木造建築工事業,〒400-0814 山梨県甲府市上阿原町１０８６番地 タマホーム甲府支店,199000,454000,False,True,必要な経験・知識・技能等必須 住宅営業経験又は分譲住宅販売経験又は用地仕入経験,宅地建物取引士（旧：宅地建物取引主任者）あれば尚可 普通自動車運転免許必須 （AT限定可）,,,主な業務内容は、下記のとおりです。 ●土地仕入れ ●分譲住宅販売 ●住宅に関するご希望のヒアリング、プラン作成 ●住宅建設地の敷地調査、現地調査、役所調査 ●住宅ローンのご相談等 ＊入社後６カ月は契約社員といたします。 その後、原則として正社員登用いたします。 契約期間中の基本的な待遇は正社員と同様です。 変更範囲：変更なし 正社員以外 正社員以外の名称契約期間満了後、原則として正社員登用 正社員登用あありり 正社員登用の実績（過去３年間） ２４名登用（全国実績） 就業形態派遣・請負ではない,求人に関する特記事項 ＊下記エリア内で転勤の可能性がある求人です。 北陸エリア：石川県、富山県、福井県、長野県、山梨県 ＊賃金は経験により決定します。 ＊賞与は業績により変動いたします。 ＊正社員登用の場合、定年は６５歳となります。 ＊応募書類は返送いたしません。 ＊有給休暇については入社時に前倒しで１０日付与となります。 ＜選考の流れ書類選考→面接＞ 質問がない場合、ハローワークの紹介を受ければ事前連絡がなくて も応募可能です。応募希望の方は、履歴書（写真貼付）・職務経歴 書・ハローワークの紹介状をお送り下さい。 書類到着後、１０営業日程度でご連絡いたします。 ＜モデル年収＞ 入社７年目・４０歳・全国社員年収１，０６０万円 入社４年目・３５歳・地域限定社員年収７４０万円 ※２０２０年度全職種平均年収６９３万円（前年比３８万円増） より労働条件の明示を受けてください。,2026年9月7日求人票（山梨県住宅リフォーム）_1.pdf,22
住宅・リフォーム営業（提案営業）,住宅営業（分譲）／タマホーム甲府支店／地域限定社員,タマホームカブシキガイシヤ タマホーム株式会社,山梨,木造建築工事業,〒400-0814 山梨県甲府市上阿原町１０８６番地 タマホーム甲府支店,197000,441000,False,True,必要な経験・知識・技能等必須 住宅営業経験又は分譲住宅販売経験又は用地仕入経験,宅地建物取引士（旧：宅地建物取引主任者）あれば尚可 普通自動車運転免許必須 （AT限定可）,,,主な業務内容は、下記のとおりです。 ●土地仕入れ ●分譲住宅販売 ●住宅に関するご希望のヒアリング、プラン作成 ●住宅建設地の敷地調査、現地調査、役所調査 ●住宅ローンのご相談等 ＊入社後６カ月は契約社員といたします。 その後、原則として正社員登用いたします。 契約期間中の基本的な待遇は正社員と同様です。 変更範囲：変更なし 正社員以外 正社員以外の名称契約期間満了後、原則として正社員登用 正社員登用あありり 正社員登用の実績（過去３年間） ２４名登用（全国実績） 就業形態派遣・請負ではない,求人に関する特記事項 ＊転居をしない範囲で、転勤の可能性がある求人です。 ＊賃金は経験により決定します。 ＊賞与は業績により変動いたします。 ＊正社員登用の場合、定年は６５歳となります。 ＊応募書類は返送いたしません。 ＊有給休暇については入社時に前倒しで１０日付与となります。 ＜選考の流れ書類選考→面接＞ 質問がない場合、ハローワークの紹介を受ければ事前連絡がなくて も応募可能です。応募希望の方は、履歴書（写真貼付）・職務経歴 書・ハローワークの紹介状をお送り下さい。 書類到着後、１０営業日程度でご連絡いたします。 ＜モデル年収＞ 入社７年目・４０歳・全国社員年収１，０６０万円 入社４年目・３５歳・地域限定社員年収７４０万円 ※２０２０年度全職種平均年収６９３万円（前年比３８万円増） より労働条件の明示を受けてください。,2026年9月7日求人票（山梨県住宅リフォーム）_1.pdf,23
施工管理・現場監督（工務）,リフォーム担当（建築施工管理）,カブシキガイシャドミール 株式会社ドミール,山梨,建物売買業，土地売買業,〒409-3866 山梨県中巨摩郡昭和町西条４３０９－１ ＪＲ身延線国母駅から車3分,290000,340000,False,True,必要な経験・知識・技能等あれば尚可 リフォーム担当者としての実務経験があれば尚可,２級建築施工管理技士あれば尚可 二級建築士あれば尚可 普通自動車運転免許必須 （AT限定可）,,,リフォーム事業を行う当社にて施工管理をお任せします。 自社物件や購入希望者様への提案から、現場監督まで一貫して 携わります。エリアは山梨県内中心。地域に密着し、 腰を据えて活躍いただけます。 【具体的には】 ■リフォームの企画・提案・積算 ■施工図面の作成・工程管理・品質管理・安全管理 ■協力会社の手配・現場指示 ■自社物件のリノベーションおよび顧客向けリフォームの監督 ※提案から完工まで一貫して携われるため、 モノづくりの手応えをダイレクトに実感できます。 【変更範囲：会社が定める業務】 正社員 正社員登用 正社員登用の実績（過去３年間） 就業形態派遣・請負ではない,求人に関する特記事項 ■働きやすさを重視した環境 残業は月平均１５時間以内で、プライベートとの両立が可能です。 有給休暇の取得率は８０％以上！働きやすい環境づくりを心がけて います。 ■未経験者も安心のサポート体制 入社後は先輩社員が丁寧に指導しますので、安心してスタートでき ます。研修期間中も正社員と同じ条件で働けます。 ■交通アクセス良好 駐車場完備のためマイカー通勤可能です。 ■福利厚生充実 年間休日１２０日！大型連休にも予定が立てやすいです。 【オンライン自主応募可】 より労働条件の明示を受けてください。,2026年9月7日求人票（山梨県住宅リフォーム）_1.pdf,24
メンテナンス・アフターサービス・点検,住宅アフターサービス作業員,プルオブザムーンカブシキガイシャ Ｐｕｌｌ，ｏｆｔｈｅｍｏｏｎ株式会社,山梨,建築リフォーム工事業,〒400-0047 山梨県甲府市徳行２－８－１５ウェルネスゾーン１７号 ＪＲ甲府駅から車15分,200000,350000,False,True,必要な経験・知識・技能等あれば尚可 建築関係の経験があれば尚可,第二種電気工事士あれば尚可 普通自動車運転免許必須 （AT限定可）,,,大手ハウスメーカー一般住宅お引き渡し後のアフターサービス全般 お客様のお宅に訪問して、不具合箇所の修繕を行います。 （外壁、内装、電気関係他全般） ※令和５年３月に開設した新しい会社です。 ☆トライアル雇用求人 変更範囲：変更なし 正社員 正社員登用 正社員登用の実績（過去３年間） 就業形態派遣・請負ではない,求人に関する特記事項 【お問い合わせは担当者携帯宛にご連絡ください】 ◆トライアル雇用期間中の労働条件は試用期間に同じ より労働条件の明示を受けてください。,2026年9月7日求人票（山梨県住宅リフォーム）_1.pdf,25
メンテナンス・アフターサービス・点検,（アルバイト）住宅アフターサービス作業員,プルオブザムーンカブシキガイシャ Ｐｕｌｌ，ｏｆｔｈｅｍｏｏｎ株式会社,山梨,建築リフォーム工事業,〒400-0047 山梨県甲府市徳行２－８－１５ウェルネスゾーン１７号 ＪＲ甲府駅から車15分,186560,254400,False,True,必要な経験・知識・技能等あれば尚可 建築関係の経験があれば尚可,第二種電気工事士あれば尚可 普通自動車運転免許必須 （AT限定可）,,,大手ハウスメーカー一般住宅お引き渡し後のアフターサービス全般 お客様のお宅に訪問して、不具合箇所の修繕を行います。 （外壁、内装、電気関係他全般） ※令和５年３月に開設した新しい会社です。 変更範囲：変更なし 正社員以外 正社員以外の名称アルバイト 正社員登用あありり 正社員登用の実績（過去３年間） １名 就業形態派遣・請負ではない,求人に関する特記事項 【お問い合わせは担当者携帯宛にご連絡ください】 より労働条件の明示を受けてください。,2026年9月7日求人票（山梨県住宅リフォーム）_1.pdf,26
住宅・リフォーム営業（提案営業）,住宅営業,,山梨,木造建築工事業,〒 山梨県中巨摩郡昭和町,250000,500000,True,True,必要な経験・知識・技能等不問,普通自動車運転免許必須 （AT限定可）,簡単なパソコン入力,,来場されたお客様と初回面談から、お引渡しまで一緒に家づくりを 進めて行く仕事です。お客様への接客、追客、モデルハウスの案内 。予算、住宅ローン相談を担当していただきます。 展示場・見学会来場者への反響型営業です。飛び込み営業は一切あ りません◎間取りは設計士が作成しますので、営業経験、住宅経験 がなくても活躍ができます。 ＬＩＸＩＬグループのハウスメーカーなので、安心して成長できる 環境が整っています。 未経験者歓迎◎経験不問◎ 【変更範囲：変更なし】 正社員 正社員登用 正社員登用の実績（過去３年間） 就業形態派遣・請負ではない,求人に関する特記事項 来場されたお客様と初回面談から、お引渡しまで一緒に家づくりを 進めて行く仕事です。お客様への接客、追客、モデルハウスの案内 、予算、住宅ローン相談を担当していただきます。 展示場・見学会来場者への反響型営業です。 飛び込み営業は一切ありません。 ◎間取りは設計士が作成しますので、営業経験、住宅経験がなくて も活躍ができます。 ＬＩＸＩＬグループのハウスメーカーなので、安心して成長できる 環境が整っています。 契約・売上に応じた歩合（インセンティブ）制度で、頑張った成果 を給与に反映します。 「頑張った分だけ評価されたい」 「いままでの経験を活かして収入を上げたい」 そんな方におすすめの環境です。 未経験者歓迎◎経験不問◎ より労働条件の明示を受けてください。,2026年9月7日求人票（山梨県住宅リフォーム）_1.pdf,27
住宅・リフォーム営業（提案営業）,住宅営業〔甲府モデル店／甲府市伊勢〕,カブシキガイシャアイダセッケイ 株式会社アイダ設計,山梨,建物売買業，土地売買業,〒400-0856 山梨県甲府市伊勢１丁目４－４ 「甲府モデル店」,300000,395000,True,True,必要な経験・知識・技能等不問,普通自動車運転免許必須 （AT限定可）,,,新築住宅をお客様に提案するお仕事です。反響対応型の営業です。 飛び込み営業などはありません。 ＜注文住宅営業＞ ・住宅の提案・接客、電話対応、店舗管理 ・パソコンソフトで図面作成、事務処理（ワード・エクセル等） ＜分譲住宅営業＞ ・住宅の提案・接客、電話対応、店舗管理 ・分譲地設営、ポスティング ・事務処理（ワード・エクセル等） ※ｉｐｈｏｎｅ・ｉｐａｄ貸与 営業活動で使用していただきます 変更範囲：会社の定める業務 正社員 正社員登用 正社員登用の実績（過去３年間） 就業形態派遣・請負ではない,求人に関する特記事項 ※宅建・建築士の資格をお持ちの方はそれぞれ２万円手当が つきます。 ※能力・資格等により基本給が異なります。 ※リフレッシュ休暇、夏季休日、年末年始休日、時間単位年休あり （当社規定による） ※採用ホームページ、採用インスタグラムにて会社の雰囲気や お仕事の様子をご覧いただけます。 ※採用時の「労働条件通知書」交付は、労基法第１５条に基づく 書面での労働条件明示で義務付けられています。 より労働条件の明示を受けてください。,2026年9月7日求人票（山梨県住宅リフォーム）_1.pdf,28
施工技能職（大工・内外装・基礎・足場ほか）,リフォーム及び設備機器の取り替え作業員,ヒロカンサービス 広管サービス,山梨,機械器具設置工事業,〒400-0064 山梨県甲府市下飯田４－４－２４,200640,376200,True,True,必要な経験・知識・技能等不問,第二種電気工事士あれば尚可 液化石油ガス設備士あれば尚可 普通自動車運転免許必須 （AT限定可）,,,リフォーム関係工事（キッチン、お風呂など） 設備機器の取り替え工事（トイレ、給湯器、ガスコンロなど） ＊現場は主に山梨県内です。 （一部、長野県茅野市方面もあります） ＊専門知識がない方も、丁寧に指導しますので応募歓迎します。 ☆トライアル雇用求人 【変更範囲：変更なし】 正社員 正社員登用 正社員登用の実績（過去３年間） 就業形態派遣・請負ではない,求人に関する特記事項 ◆トライアル雇用期間中の労働条件は求人票と同じです。 ★制度としての規定はありませんが、事業所の業績や人事評価等に より昇給・賞与を検討してまいります。 より労働条件の明示を受けてください。,2026年9月7日求人票（山梨県住宅リフォーム）_1.pdf,29
住宅・リフォーム営業（提案営業）,月収２９万〜／住宅営業／年休１２５日／完全反響,フヨウケンセツカブシキガイシャ 芙蓉建設株式会社,山梨,一般土木建築工事業,〒403-0004 山梨県富士吉田市下吉田５－１５－２９ 富士急行線「月江寺」駅から徒歩10分,290000,405000,False,True,必要な経験・知識・技能等必須 営業経験者（業界問わず：５年以上）,宅地建物取引士（旧：宅地建物取引主任者）あれば尚可 ２級ファイナンシャル・プランニング技能士あれば尚可 普通自動車運転免許必須 （AT限定可）,,,お客さまとの接点〜住宅のプランニング・提案、実際のお客様への 引き渡しに至るまでの一貫した業務に従事頂きます。 【営業スタイル】 ・完全反響営業、モデルハウスや折込広告等から反響のあった顧客 が対象となります。飛び込みはありません。 ・グループ会社（不動産売買・賃貸の仲介・管理）からの紹介案件 もあります。 ・各種営業ツール作成、情報配信は専門部署が行うため、お客さま との商談に専念できます。 変更範囲：会社が定める業務 正社員 正社員登用 正社員登用の実績（過去３年間） 就業形態派遣・請負ではない,求人に関する特記事項 ※ハローワークからの問い合わせ後、先に応募書類を郵送して下さ い。 一次選考：書類二次選考：面接（本社にて行います） 【書類送付先】 〒４０３－０００４ 山梨県富士吉田市下吉田５－１５－２９ 芙蓉建設株式会社管理部渡辺宛 ※オンライン自主応募可 （オンライン自主応募の場合はハローワーク紹介状は不要） より労働条件の明示を受けてください。,2026年9月7日求人票（山梨県住宅リフォーム）_1.pdf,30
施工技能職（大工・内外装・基礎・足場ほか）,外壁リフォーム営業職＃甲府勤務＃建築経験者歓迎,カブシキガイシャオリバー 株式会社オリバー,山梨,建築リフォーム工事業,〒400-0066 山梨県甲府市新田町１－１ ガイソー甲府店 甲府駅から車11分,353000,669000,False,True,必要な経験・知識・技能等必須 建築・リフォームの知識や施工の知識、経験,普通自動車運転免許必須 （AT限定可）,,,◆反響型営業 お客様からの反響に対応するため、飛び込み営業や厳しいノルマは ありません。 ◆資材発注や施主様との打合せ・工事担当との打合せなど、 外壁・屋根リフォームの提案〜完成、アフターフォローまでを担当 します。 ◆完全週休２日、年間休日１２０日、残業時間の削減も行い、働き 方改革に積極的です。スマホやＩＴツールの導入など、更なる生産 性アップを進めています。【変更の範囲：会社の定める業務】 正社員 正社員登用 正社員登用の実績（過去３年間） 就業形態派遣・請負ではない,求人に関する特記事項 ★リモート面接が可能です★ ★当社採用ホームページも是非ご覧ください★ 「株式会社オリバー富山採用」で検索 【株式会社オリバーにはこんな人が向いています！】 ◎損得ではなく、善悪で考え、誠実な仕事を行したい方 ◎仕事もプライベートも全力。メリハリのある仕事がしたい方。 ◎飛び込み営業や電話営業などではなく、反響型営業でご自身の仕 事スキルを活かしたい方。 ◎長くお客様と関係を築ける仕事がしたい方 ◎社員同士が仲がよく、風通しのよい雰囲気の会社で仕事がしたい 方。 ◎月額固定の給与での安定性と、がんばった分の報酬がプラスされ る成果給のハイブリットでやりがいを感じて仕事がしたい方。 より労働条件の明示を受けてください。,2026年9月7日求人票（山梨県住宅リフォーム）_1.pdf,31
製造・加工（プレカット／建材）,住宅用機能部品の製造／年間休日１２０日／未経験ＯＫ,カブシキガイシャムラコシセイコウヤマナシジギョウショ 株式会社ムラコシ精工山梨事業所,山梨,建設用・建築用金属製品製,〒405-0064 山梨県笛吹市一宮町塩田字南大金川１８８５ 株式会社ムラコシ精工山梨事業所一宮工場,226400,260900,True,False,必要な経験・知識・技能等不問,フォークリフト運転技能者あれば尚可,パソコン操作（一般的なエクセル入力）,,【亜鉛ダイカストの鋳造・加工業務】 ◆鬼目ナット・コネクターボルト等の製造加工。溶かした金属を 型に入れて、部品を作る作業です。 ◆出来た部品にタップ（ネジ切り）加工する機械のオペレーター 業務。 ◆鋳造機・加工機・ロボットの点検・調整などの整備や、 製品・部品の出来栄えの確認（工程内検査）も行います。 ※全般的に現場作業（立ち仕事）になります。 ※１０ｋｇくらいの亜鉛の持ち運びがあります。 ◆変更範囲：会社の定める業務 正社員 正社員登用 正社員登用の実績（過去３年間） 就業形態派遣・請負ではない,求人に関する特記事項 ・作業服、安全靴は支給します。 ・体力に自信がある方、機械やロボット、電気操作が好きな方、 ものづくりに興味のある方歓迎します！ ・交替勤務の導入時期は本人の技術取得度合により判断します。 シフトは１週間毎・２交替制です。 ・通勤手当は規定の距離に応じて算出します。 上限は月額３２，３００円です。 ・昼食のお弁当は注文可能です。（自費） ・入社後は丁寧に指導しますので、未経験者・経験が少ない方も 歓迎します！ ・応募前の職場見学が可能です。お気軽にお問い合わせください。 より労働条件の明示を受けてください。,2026年9月7日求人票（山梨県住宅リフォーム）_1.pdf,32
建材・住宅設備の法人／ルート営業,住宅用サッシの営業業務［甲府市］,カブシキガイシャトレンドヤマナシシシャ 株式会社トレンド山梨支社,山梨,労働者派遣業,〒400-0813 山梨県甲府市向町２９６ 酒折駅から車9分,216000,216000,True,True,必要な経験・知識・技能等不問,普通自動車運転免許必須 （AT限定可）,,,住宅や会社向けのサッシを製造している会社にて営業活動をしてい ただきます！ 業績拡大に伴い、大量募集です！ 自社で製造したサッシを顧客に提案 資料は基本的に各メーカーの資料を使用 ルート営業のため、新規開拓なし！ （社員化に向けて行う場合あり） ノートＰＣ、社用携帯、社用車支給（保険は１００％会社負担） 【変更範囲変更なし】 有期雇用派遣労働者 正社員登用あありり 正社員登用の実績（過去３年間） １名 就業形態派遣,求人に関する特記事項 より労働条件の明示を受けてください。,2026年9月7日求人票（山梨県住宅リフォーム）_1.pdf,33
製造・加工（プレカット／建材）,住宅用サッシの組立業務［甲府市］,カブシキガイシャトレンドヤマナシシシャ 株式会社トレンド山梨支社,山梨,労働者派遣業,〒400-0813 山梨県甲府市向町２９６ 酒折駅から車9分,209040,209040,True,False,必要な経験・知識・技能等不問,普通自動車運転免許あれば尚可（AT限定可）,,,住宅や会社向けのサッシを製造している会社です。 業績拡大に伴い、大量募集です！ ・メーカーから送られてくるガラスを運搬 ・網戸の組立もあり（枠組みに網を張っていく） ・作業台に乗せて枠組みを固定（ドライバー、電動ドライバー） ・完成したものを梱包し、工務店や現場に運搬（免許による） 難しい工具の使用なし！ ※ガラスは重く、３０〜５０ｋｇが多いため、基本２人１組で運搬 します 【変更範囲変更なし】 有期雇用派遣労働者 正社員登用あありり 正社員登用の実績（過去３年間） １名 就業形態派遣,求人に関する特記事項 より労働条件の明示を受けてください。,2026年9月7日求人票（山梨県住宅リフォーム）_1.pdf,34
住宅・リフォーム営業（提案営業）,準社員／リフォーム営業／ヤマダデンキ山梨本店／１９９,カブシキガイシャヤマダデンキ 株式会社ヤマダデンキ,山梨,機械器具小売業（自動車，,〒400-0113 山梨県甲斐市富竹新田１９０２－３ ヤマダデンキテックランド山梨本店 ＪＲ中央本線竜王駅から車5分,216543,262683,False,True,必要な経験・知識・技能等あれば尚可 ※リフォーム営業経験者歓迎！,普通自動車運転免許必須 （AT限定可）,,,●仕事内容 リフォーム商品販売営業 １日２〜３件のアポイント済のお客様宅に訪問し提案。 難しい改築リフォームなどは、建築士がアドバイスや上司 が同行応援してくれるので未経験者をサポート。安心して 提案できるお仕事です。 ●仕事内容補足 若手からシニアの方まで幅広く活躍頂ける職場環境です！ 未経験者には、マニュアル・研修完備！経験者は特別優遇！ 【変更の範囲：リフォーム営業事務及び当社が定める業務】 正社員以外 正社員以外の名称準社員 正社員登用ななしし 正社員登用の実績（過去３年間） 就業形態派遣・請負ではない,求人に関する特記事項 ※リフォーム営業職務手当１５，６１７円〜２１，６５７円 （固定残業代とリフォーム営業職務手当の合計額は５０，０００円 です） ※最低賃金法を遵守します。 ※他の小売リフォームと違い、施工マネージャーを各店舗に配備 積算一級建築士も各エリアに配備し、本気のリフォーム事業。 当社グループに住宅設備機器メーカー・建材メーカー・住宅 メーカーがあり、他社にない提案が多数できます。 ※雇止めは満６５歳迄です。 ※履歴書、紹介状、職務経歴書を 人事部人事課（群馬県高崎市）宛てに郵送下さい。 ※質問等はハローワークの窓口を通じて行って下さい。 ※応募書類は返却致しません。 ※応募書類より取得した個人情報は 採用以外の目的には使用致しません。 ＊応募にはハローワークの紹介状が必要となります。 より労働条件の明示を受けてください。,2026年9月7日求人票（山梨県住宅リフォーム）_1.pdf,35
＜業界外＞介護・看護・給食,（契約社員）高齢者住宅専属介護員,ユウゲンガイシャケアセンターナゴミ 有限会社ケアセンターなごみ,山梨,老人福祉・介護事業,〒400-0027 山梨県甲府市飯田５－１８－４９および 山梨県甲斐市大下条１６０－３,190080,207360,True,True,必要な経験・知識・技能等不問,ホームヘルパー２級必須 介護職員初任者研修修了者必須 原動機付自転車免許必須 ※求人に関する特記事項欄参照 いずれかの免許・資格所持で可 普通自動車運転免許必須 （AT限定可）,エクセルやワード等基本的なもの,,当社が運営するシェアリング住宅へ訪問し、在宅介護サービス（食 事のお世話、排泄介助、入浴介助等）を提供します。 （８時間以上の在宅型） ※シフトにより甲府市内（飯田）・甲斐市（大下条）にある 住宅へ訪問します。 就業時間（１）飯田、就業時間（２）（３）大下条です。 ※１軒につき、６〜７名の高齢者が入居されています。 ※土・日・祝日勤務できる方優遇します。 ※急募 【変更範囲：変更あり】 正社員以外 正社員以外の名称契約社員 正社員登用あありり 正社員登用の実績（過去３年間） ３人 就業形態派遣・請負ではない,求人に関する特記事項 ※免許・資格について ◆運転免許 原付または普通自動車免許（ＡＴ限定可）のいずれか必須 ◆介護資格 介護職員初任者研修修了またはヘルパー２級以上のいずれか必須 ※処遇改善加算あり（年３回）基準あり ☆在宅介護の中でも施設での勤務形態に近く、しっかり長時間勤務 ができます。 訪問介護での移動もありません。 家族に成り代わってのご利用者様とのコミュニケーションはやり がいをもてると思います。 ☆施設見学可能です。 ☆未経験者ＯＫ より労働条件の明示を受けてください。,2026年9月7日求人票（山梨県住宅リフォーム）_1.pdf,36
住宅・リフォーム営業（提案営業）,【甲府市】住宅のリフォーム営業主任※管理職候補,カブシキガイシャニホンハウスホールディングスコウフシテン 株式会社日本ハウスホールディングス甲府支店,山梨,木造建築工事業,〒400-0851 山梨県甲府市住吉４－２４－１４ 南甲府駅から徒歩15分,299000,346000,False,True,必要な経験・知識・技能等必須 営業経験５年以上かつ管理職経験者,宅地建物取引士（旧：宅地建物取引主任者）必須 ２級ファイナンシャル・プランニング技能士必須 二級建築士必須 いずれかの免許・資格所持で可 普通自動車運転免許必須 （AT限定可）,,,【主任職採用：モデル年収６０７万円】 既客訪問を対象としたルート営業及び住宅展示場案内。 前職のご経験やスキルを存分に発揮し、管理職を目指せます。 成果がしっかりと給与・賞与に反映される評価制度です。 ・契約の９０％以上は既客。 ・携帯電話支給、自家用車借り上げ。役職者登用制度有り。 ・東証プライム企業、研修等継続的なスキルアップをサポート。 ・営業エリアは甲府市内及び甲府市近郊です。 変更範囲：会社の定める業務 正社員 正社員登用 正社員登用の実績（過去３年間） 就業形態派遣・請負ではない,求人に関する特記事項 各種手当の詳しい内訳等は、面接時にお伝えいたします。 より労働条件の明示を受けてください。,2026年9月7日求人票（山梨県住宅リフォーム）_2.pdf,1
住宅・リフォーム営業（提案営業）,【甲府市】住宅のリフォーム営業係長※管理職候補,カブシキガイシャニホンハウスホールディングスコウフシテン 株式会社日本ハウスホールディングス甲府支店,山梨,木造建築工事業,〒400-0851 山梨県甲府市住吉４－２４－１４ 南甲府駅から徒歩15分,351000,398000,False,True,必要な経験・知識・技能等必須 営業経験５年以上かつ管理職経験者,宅地建物取引士（旧：宅地建物取引主任者）必須 ２級ファイナンシャル・プランニング技能士必須 二級建築士必須 いずれかの免許・資格所持で可 普通自動車運転免許必須 （AT限定可）,,,【係長職採用：モデル年収６９３万円】 既客訪問を対象としたルート営業及び住宅展示場案内。 前職のご経験やスキルを存分に発揮し、管理職登用を目指してくだ さい。 成果がしっかりと給与・賞与に反映される評価制度です。 ・契約の９０％以上は既客。 ・携帯電話支給、自家用車借り上げ。役職者登用制度有り。 ・東証プライム企業、研修等継続的なスキルアップをサポート。 ・営業エリアは甲府市内及び甲府市近郊です。 変更範囲：会社の定める業務 正社員 正社員登用 正社員登用の実績（過去３年間） 就業形態派遣・請負ではない,求人に関する特記事項 各種手当の詳しい内訳等は、面接時にお伝えいたします。 より労働条件の明示を受けてください。,2026年9月7日求人票（山梨県住宅リフォーム）_2.pdf,2
住宅・リフォーム営業（提案営業）,【甲府市】住宅のリフォーム営業課長※管理職候補,カブシキガイシャニホンハウスホールディングスコウフシテン 株式会社日本ハウスホールディングス甲府支店,山梨,木造建築工事業,〒400-0851 山梨県甲府市住吉４－２４－１４ 南甲府駅から徒歩15分,411000,458000,False,True,必要な経験・知識・技能等必須 営業経験５年以上かつ管理職経験者,宅地建物取引士（旧：宅地建物取引主任者）必須 ２級ファイナンシャル・プランニング技能士必須 二級建築士必須 いずれかの免許・資格所持で可 普通自動車運転免許必須 （AT限定可）,,,【課長職採用：モデル年収７８４万円】 既客訪問を対象としたルート営業及び住宅展示場案内。 前職のご経験やスキルを存分に発揮できる管理職をお任せします。 成果がしっかりと給与・賞与に反映される評価制度です。 ・契約の９０％以上は既客。 ・携帯電話支給、自家用車借り上げ。役職者登用制度有り。 ・東証プライム企業、研修等継続的なスキルアップをサポート。 ・営業エリアは甲府市内及び甲府市近郊です。 変更範囲：会社の定める業務 正社員 正社員登用 正社員登用の実績（過去３年間） 就業形態派遣・請負ではない,求人に関する特記事項 各種手当の詳しい内訳等は、面接時にお伝えいたします。 より労働条件の明示を受けてください。,2026年9月7日求人票（山梨県住宅リフォーム）_2.pdf,3
住宅・リフォーム営業（提案営業）,住宅営業（甲斐支店）,カブシキガイシャハウジングケント 株式会社ハウジング建都,山梨,一般土木建築工事業,〒400-0117 山梨県甲斐市西八幡１８６４－１プラザエイトＡＢ 株式会社ハウジング建都きらくハウス事業部甲斐支店 ＪＲ中央線竜王駅から車5分,250000,400000,True,True,必要な経験・知識・技能等不問,普通自動車運転免許必須 （AT限定可）,パソコン操作（エクセル・ワード）,,○住宅営業業務の仕事です。 ＊業務上、パソコン操作があります。 ＊主に、南巨摩郡・南アルプス市・甲府市等。 ＊飛び込み営業はありません。 ＊営業には、社有車を使用。 ☆男女共に活躍できます。 変更範囲：会社の定める業務 ＜＜急募＞＞ ☆応募にはハローワークの紹介状が必要です☆ 正社員 正社員登用 正社員登用の実績（過去３年間） 就業形態派遣・請負ではない,求人に関する特記事項 ＊通勤手当：通勤距離数（事業所規定）により支給します。 ＊賞与：本人の業績による ＊賃金：歩合給等を含め手取り３４万円〜５５万円位です。 ＊固定残業代ｃ欄に記載された時間数は固定残業代の積算根拠と なるもの。実際の時間外労働の時間数の見込みや実績を示す ものではない。 より労働条件の明示を受けてください。,2026年9月7日求人票（山梨県住宅リフォーム）_2.pdf,4
住宅・リフォーム営業（提案営業）,住宅営業（昭和支店）,カブシキガイシャハウジングケント 株式会社ハウジング建都,山梨,一般土木建築工事業,〒409-3866 山梨県中巨摩郡昭和町西条１３０ 株式会社ハウジング建都昭和支店（昭和住宅公園内） ＪＲ身延線国母駅から車5分,250000,400000,True,True,必要な経験・知識・技能等不問,普通自動車運転免許必須 （AT限定可）,パソコン操作（エクセル・ワード）,,○住宅営業業務の仕事です。 ＊業務上、パソコン操作があります。 ＊主に、南巨摩郡・南アルプス市・甲府市等。 ＊飛び込み営業はありません。 ＊営業には、社有車を使用。 ☆男女共に活躍できます。 変更範囲：会社の定める業務。 ＜＜急募＞＞ ☆応募にはハローワークの紹介状が必要です☆ 正社員 正社員登用 正社員登用の実績（過去３年間） 就業形態派遣・請負ではない,求人に関する特記事項 ＊通勤手当：通勤距離数（事業所規定）により支給します。 ＊賞与：本人の業績による ＊賃金：歩合給等を含め手取り３４万円〜５５万円位です。 ＊固定残業代ｃ欄に記載された時間数は固定残業代の積算根拠と なるもの。実際の時間外労働の時間数の見込みや実績を示す ものではない。 より労働条件の明示を受けてください。,2026年9月7日求人票（山梨県住宅リフォーム）_2.pdf,5
施工技能職（大工・内外装・基礎・足場ほか）,新築戸建て住宅基礎工事一式（契約社員）（富士吉田市）,カブシキガイシャイチジョウコウムテン 株式会社一条工務店,山梨,一般土木建築工事業,〒403-0008 山梨県富士吉田市下吉田東１－１０－１０ 【富士吉田展示場】,270000,320000,True,True,必要な経験・知識・技能等必須 【必須経験】 住宅基礎工事経験（５年以上）※経験年数応相談 車両系建設機械（整地）経験（年数不問）,車両系建設機械（整地・運搬・積込用及び掘削用）運転技能者あれば尚可 ※求人に関する特記事項参照 普通自動車運転免許必須 （AT限定可）,,,当社新築戸建住宅の基礎施工。 一年を通じて同県内で安定した仕事が出来ます。 （作業着貸与） （車両系建設機械の資格がない場合は入社後に取得して いただきます。） 面接は最寄りの事業所等で行うか、遠方の場合は交通費を当社負担 にて実施いたします。 変更範囲：変更なし 正社員以外 正社員以外の名称契約社員 正社員登用ななしし 正社員登用の実績（過去３年間） 就業形態派遣・請負ではない,求人に関する特記事項 【ＣＣＵＳ登録事業所】 【必須資格】 普通自動車運転免許 （車両系建設機械がない場合は入社後に取得していただきます。） ※以下は、賃金（ｄ）欄の続き （固定残業手当３００００円は、時間外労働の有無にかかわらず、 １１．８５〜１４．０４時間相当の手当として支給し、それを超え た分は追加支給します。 但し研修期間中かつ時間外労働が発生しない月は支給されません。 ＊基本給が３２万円の場合：１１．８５時間、２７万円の場合：１ ４．０４時間） 「応募にはハローワークの紹介状が必要です」 【オンライン自主応募可求人】オンライン自主応募の際は、「自主 応募」ボタンから応募してください。 ◆オンライン自主応募に関することは当事者間で対応してください ◆オンライン自主応募の場合、ハローワーク等の職業紹介を要件と する助成金［特定求職者雇用開発助成金・トライアル雇用助成金・ 雇用保険の再就職手当等］は対象外です！ より労働条件の明示を受けてください。,2026年9月7日求人票（山梨県住宅リフォーム）_2.pdf,6
住宅・リフォーム営業（提案営業）,住宅営業（甲府市）,カブシキガイシャイチジョウコウムテン 株式会社一条工務店,山梨,一般土木建築工事業,〒400-0831 山梨県甲府市上町２０１６（＜小瀬・けやき通り＞甲府住宅公園） 【甲府小瀬展示場】【甲府小瀬東展示場】,291500,291500,False,True,必要な経験・知識・技能等あれば尚可 業界未経験者歓迎 研修制度あり,普通自動車運転免許必須 （AT限定可）,,,モデルハウスへ来場されるお客様に家づくりのアドバイスをするこ とから始まり、地盤調査・プラン作成・資金計画から上棟・お引渡 しまで、全ての窓口を担当します。設計担当・工事担当などの専門 スタッフと協力しながら、お客様のご要望を一つ一つ叶えていきま す。そのお客様のためだけに建てる世界にたった一つの「家」です 。お客様にご満足頂いた時の喜びは、必ずあなたの‘やりがい・自 信’につながっていきます。家族の一員のように一緒になって家の 完成を喜び合える、そんな信頼関係を築き上げてください。 変更範囲：変更なし 正社員 正社員登用 正社員登用の実績（過去３年間） 就業形態派遣・請負ではない,求人に関する特記事項 【ＣＣＵＳ登録事業所】 ＊マイカーでの営業業務となります。通勤・営業業務で使用した ガソリン代は会社負担（上限３５，０００円）※無料駐車場あり ※入社後当面は転勤はありません ＊第２新卒も積極募集中 ＊営業手当は１年間保障し通常勤務の場合続きます。 ＊ホームページ（ｈｔｔｐ：／／ｉｃｈｉｊｏ．ｊｐ／） の採用情報をご覧ください。応募前の職場見学：可 ＊事前に履歴書（写貼）・職務経歴書（パソコンのメールアドレス 記入）・紹介状を郵送願います。 （質問等なければ、事前電話連絡不要） 「応募にはハローワークの紹介状が必要です」 【オンライン自主応募可求人】オンライン自主応募の際は、「自主 応募」ボタンから応募してください。 ◆オンライン自主応募に関することは当事者間で対応してください ◆オンライン自主応募の場合、ハローワーク等の職業紹介を要件と する助成金［特定求職者雇用開発助成金・トライアル雇用助成金・ 雇用保険の再就職手当等］は対象外です！ より労働条件の明示を受けてください。,2026年9月7日求人票（山梨県住宅リフォーム）_2.pdf,7
住宅・リフォーム営業（提案営業）,住宅営業（富士吉田市）,カブシキガイシャイチジョウコウムテン 株式会社一条工務店,山梨,一般土木建築工事業,〒403-0008 山梨県富士吉田市下吉田東１－１０－１０（富士吉田住宅公園） 【富士吉田展示場】,291500,291500,False,True,必要な経験・知識・技能等あれば尚可 業界未経験者歓迎 研修制度あり,普通自動車運転免許必須 （AT限定可）,,,モデルハウスへ来場されるお客様に家づくりのアドバイスをするこ とから始まり、地盤調査・プラン作成・資金計画から上棟・お引渡 しまで、全ての窓口を担当します。設計担当・工事担当などの専門 スタッフと協力しながら、お客様のご要望を一つ一つ叶えていきま す。そのお客様のためだけに建てる世界にたった一つの「家」です 。お客様にご満足頂いた時の喜びは、必ずあなたの‘やりがい・自 信’につながっていきます。家族の一員のように一緒になって家の 完成を喜び合える、そんな信頼関係を築き上げてください。 変更範囲：変更なし 正社員 正社員登用 正社員登用の実績（過去３年間） 就業形態派遣・請負ではない,求人に関する特記事項 【ＣＣＵＳ登録事業所】 ＊マイカーでの営業業務となります。通勤・営業業務で使用 したガソリン代は会社負担（上限３５，０００円） ※無料駐車場あり※入社後当面は転勤はありません ＊第２新卒も積極募集中 ＊営業手当は１年間保障し通常勤務の場合続きます。 応募前の職場見学：可（質問等なければ、事前電話連絡不要） ＊事前に履歴書（写貼）・職務経歴書（パソコンのメールアドレス 記入）・紹介状を郵送願います。 ＊ホームページ（ｈｔｔｐ：／／ｉｃｈｉｊｏ．ｃｏ．ｊｐ／） の採用情報をご覧ください。 「応募にはハローワークの紹介状が必要です」 【オンライン自主応募可求人】オンライン自主応募の際は、「自主 応募」ボタンから応募してください。 ◆オンライン自主応募に関することは当事者間で対応してください ◆オンライン自主応募の場合、ハローワーク等の職業紹介を要件と する助成金［特定求職者雇用開発助成金・トライアル雇用助成金・ 雇用保険の再就職手当等］は対象外です！ より労働条件の明示を受けてください。,2026年9月7日求人票（山梨県住宅リフォーム）_2.pdf,8
施工技能職（大工・内外装・基礎・足場ほか）,新築戸建て住宅基礎工事一式（契約社員）（甲府昭和南展示場,カブシキガイシャイチジョウコウムテン 株式会社一条工務店,山梨,一般土木建築工事業,〒409-3866 山梨県中巨摩郡昭和町西条１３０ 【甲府昭和南展示場】,270000,320000,True,True,必要な経験・知識・技能等必須 【必須経験】 住宅基礎工事経験（５年以上）※経験年数応相談 車両系建設機械（整地）経験（年数不問）,車両系建設機械（整地・運搬・積込用及び掘削用）運転技能者あれば尚可 ※求人に関する特記事項参照 普通自動車運転免許必須 （AT限定可）,,,当社新築戸建住宅の基礎施工。 一年を通じて同県内で安定した仕事が出来ます。 （作業着貸与） （車両系建設機械の資格がない場合は入社後に取得して いただきます。） 面接は最寄りの事業所等で行うか、遠方の場合は交通費を当社負担 にて実施いたします。 変更範囲：変更なし 正社員以外 正社員以外の名称契約社員 正社員登用ななしし 正社員登用の実績（過去３年間） 就業形態派遣・請負ではない,求人に関する特記事項 【ＣＣＵＳ登録事業所】 【必須資格】 普通自動車運転免許 （車両系建設機械がない場合は入社後に取得していただきます。） ※以下は、賃金（ｄ）欄の続き （固定残業手当３００００円は、時間外労働の有無にかかわらず、 １１．８５〜１４．０４時間相当の手当として支給し、それを超え た 分は追加支給します。 但し研修期間中かつ時間外労働が発生しない月は支給されません。 ＊基本給が３２万円の場合：１１．８５時間、 ２７万円の場合：１４．０４時間） 「応募にはハローワークの紹介状が必要です」 【オンライン自主応募可求人】オンライン自主応募の際は、「自主 応募」ボタンから応募してください。 ◆オンライン自主応募に関することは当事者間で対応してください ◆オンライン自主応募の場合、ハローワーク等の職業紹介を要件と する助成金［特定求職者雇用開発助成金・トライアル雇用助成金・ 雇用保険の再就職手当等］は対象外です！ より労働条件の明示を受けてください。,2026年9月7日求人票（山梨県住宅リフォーム）_2.pdf,9
住宅・リフォーム営業（提案営業）,住宅営業／タマホーム富士吉田営業所,タマホームカブシキガイシヤ タマホーム株式会社,山梨,木造建築工事業,〒403-0032 山梨県富士吉田市上吉田東四丁目１４番３５号 タマホーム富士吉田営業所,211000,467000,False,True,必要な経験・知識・技能等あれば尚可 エクセルを使用した事務経験、接客経験,宅地建物取引士（旧：宅地建物取引主任者）あれば尚可 普通自動車運転免許必須 （AT限定可）,,,モデルハウスに来場されたお客様へ、タマホームの住宅を提 案していただきます。一方的な飛び込み営業は禁止のため、 お客様と一緒にじっくりと「理想の家づくり」が可能！ 主な業務内容は、下記のとおりです。 ●住宅に関するご希望のヒアリング、プラン作成 ●住宅建設地の敷地調査、現地調査、役所調査 ●住宅ローンのご相談等 変更範囲：変更なし 正社員 正社員登用 正社員登用の実績（過去３年間） 就業形態派遣・請負ではない,求人に関する特記事項 ＊全国転勤ありの求人です。 ＊賃金は経験により決定します。 ＊賞与は業績により変動いたします。 ＊応募書類は返送いたしません。 ＊有給休暇については入社時に前倒しで１０日付与となります。 ＜選考の流れ書類選考→面接＞ 質問がない場合、ハローワークの紹介を受ければ事前連絡がなくて も応募可能です。応募希望の方は、履歴書（写真貼付）・職歴があ る方は職務経歴書・ハローワークの紹介状をお送り下さい。 書類到着後、１０営業日程度でご連絡いたします。 より労働条件の明示を受けてください。,2026年9月7日求人票（山梨県住宅リフォーム）_2.pdf,10
住宅・リフォーム営業（提案営業）,住宅営業／タマホーム富士吉田営業所／エリア限定社員,タマホームカブシキガイシヤ タマホーム株式会社,山梨,木造建築工事業,〒403-0032 山梨県富士吉田市上吉田東四丁目１４番３５号 タマホーム富士吉田営業所,199000,454000,False,True,必要な経験・知識・技能等あれば尚可 住宅営業経験、他業種での営業経験,宅地建物取引士（旧：宅地建物取引主任者）あれば尚可 普通自動車運転免許必須 （AT限定可）,,,モデルハウスに来場されたお客様へ、タマホームの住宅を提 案していただきます。一方的な飛び込み営業は禁止のため、 お客様と一緒にじっくりと「理想の家づくり」が可能！ 主な業務内容は、下記のとおりです。 ●住宅に関するご希望のヒアリング、プラン作成 ●住宅建設地の敷地調査、現地調査、役所調査 ●住宅ローンのご相談等 変更範囲：変更なし 正社員 正社員登用 正社員登用の実績（過去３年間） 就業形態派遣・請負ではない,求人に関する特記事項 ＊下記エリア内で転勤の可能性がある求人です。 北陸エリア：石川県、富山県、福井県、長野県、山梨県 ＊賃金は経験により決定します。 ＊賞与は業績により変動いたします。 ＊応募書類は返送いたしません。 ＊有給休暇については入社時に前倒しで１０日付与となります。 ＜選考の流れ書類選考→面接＞ 質問がない場合、ハローワークの紹介を受ければ事前連絡がなくて も応募可能です。応募希望の方は、履歴書（写真貼付）・職歴があ る方は職務経歴書・ハローワークの紹介状をお送り下さい。 書類到着後、１０営業日程度でご連絡いたします。 より労働条件の明示を受けてください。,2026年9月7日求人票（山梨県住宅リフォーム）_2.pdf,11
住宅・リフォーム営業（提案営業）,住宅営業／タマホーム富士吉田営業所／地域限定社員,タマホームカブシキガイシヤ タマホーム株式会社,山梨,木造建築工事業,〒403-0032 山梨県富士吉田市上吉田東四丁目１４番３５号 タマホーム富士吉田営業所,197000,441000,False,True,必要な経験・知識・技能等あれば尚可 住宅営業経験、他業種での営業経験,宅地建物取引士（旧：宅地建物取引主任者）あれば尚可 普通自動車運転免許必須 （AT限定可）,,,モデルハウスに来場されたお客様へ、タマホームの住宅を提 案していただきます。一方的な飛び込み営業は禁止のため、 お客様と一緒にじっくりと「理想の家づくり」が可能！ 主な業務内容は、下記のとおりです。 ●住宅に関するご希望のヒアリング、プラン作成 ●住宅建設地の敷地調査、現地調査、役所調査 ●住宅ローンのご相談等 変更範囲：変更なし 正社員 正社員登用 正社員登用の実績（過去３年間） 就業形態派遣・請負ではない,求人に関する特記事項 ＊転居をしない範囲で、転勤の可能性がある求人です。 ＊賃金は経験により決定します。 ＊賞与は業績により変動いたします。 ＊応募書類は返送いたしません。 ＊有給休暇については入社時に前倒しで１０日付与となります。 ＜選考の流れ書類選考→面接＞ 質問がない場合、ハローワークの紹介を受ければ事前連絡がなくて も応募可能です。応募希望の方は、履歴書（写真貼付）・職歴があ る方は職務経歴書・ハローワークの紹介状をお送り下さい。 書類到着後、１０営業日程度でご連絡いたします。 より労働条件の明示を受けてください。,2026年9月7日求人票（山梨県住宅リフォーム）_2.pdf,12
＜業界外＞介護・看護・給食,サービス付き高齢者向け住宅ヘルパー,イリョウホウジンコウリョウカイアカサカダイビョウイン 医療法人甲療会赤坂台病院,山梨,病院,〒400-0115 サービス付き高齢者向け住宅 こでまり竜地・こでまり篠原・こでまり中下条・こでまり双葉 ※所在地は裏面の求人に関する特記事項欄参照,178000,250000,True,True,必要な経験・知識・技能等不問,介護職員実務者研修修了者あれば尚可 介護職員初任者研修修了者必須 介護福祉士あれば尚可 普通自動車運転免許必須 （AT限定可）,,,関連施設である「サービス付き高齢者向け住宅こでまり」にて、訪 問介護及び施設職員としての業務。食事・排泄・入浴・移乗・移動 等の身体介助や掃除・洗濯等の生活援助を含む介護業務全般になり ます。 ※２交替勤務で、夜勤は月平均４回あります。 夜勤ができる方は優遇致します。 ※急募 【変更範囲：変更なし】 正社員 正社員登用 正社員登用の実績（過去３年間） 就業形態派遣・請負ではない,求人に関する特記事項 ※月所定労働１６８時間以内 〈サービス付き高齢者住宅住宅所在地〉 こでまり竜地：山梨県甲斐市竜地４５５０－１ こでまり篠原：山梨県甲斐市篠原３１５－２ こでまり中下条：山梨県甲斐市中下条１９１９ こでまり双葉：山梨県甲斐市竜地６７０２ より労働条件の明示を受けてください。,2026年9月7日求人票（山梨県住宅リフォーム）_2.pdf,13
住宅・リフォーム営業（提案営業）,住宅営業／タマホーム甲府店,タマホームカブシキガイシヤ タマホーム株式会社,山梨,木造建築工事業,〒400-0814 山梨県甲府市上阿原町１０８６番地 タマホーム甲府店,211000,467000,False,True,必要な経験・知識・技能等あれば尚可 エクセルを使用した事務経験、接客経験,宅地建物取引士（旧：宅地建物取引主任者）あれば尚可 普通自動車運転免許必須 （AT限定可）,,,モデルハウスに来場されたお客様へ、タマホームの住宅を提 案していただきます。一方的な飛び込み営業は禁止のため、 お客様と一緒にじっくりと「理想の家づくり」が可能！ 主な業務内容は、下記のとおりです。 ●住宅に関するご希望のヒアリング、プラン作成 ●住宅建設地の敷地調査、現地調査、役所調査 ●住宅ローンのご相談等 変更範囲：変更なし 正社員 正社員登用 正社員登用の実績（過去３年間） 就業形態派遣・請負ではない,求人に関する特記事項 ＊全国転勤ありの求人です。 ＊賃金は経験により決定します。 ＊賞与は業績により変動いたします。 ＊応募書類は返送いたしません。 ＊有給休暇については入社時に前倒しで１０日付与となります。 ＜選考の流れ書類選考→面接＞ 質問がない場合、ハローワークの紹介を受ければ事前連絡がなくて も応募可能です。応募希望の方は、履歴書（写真貼付）・職歴があ る方は職務経歴書・ハローワークの紹介状をお送り下さい。 書類到着後、１０営業日程度でご連絡いたします。 より労働条件の明示を受けてください。,2026年9月7日求人票（山梨県住宅リフォーム）_2.pdf,14
住宅・リフォーム営業（提案営業）,住宅営業／タマホーム甲府店／エリア限定社員,タマホームカブシキガイシヤ タマホーム株式会社,山梨,木造建築工事業,〒400-0814 山梨県甲府市上阿原町１０８６番地 タマホーム甲府店,199000,454000,False,True,必要な経験・知識・技能等あれば尚可 住宅営業経験、他業種での営業経験,宅地建物取引士（旧：宅地建物取引主任者）あれば尚可 普通自動車運転免許必須 （AT限定可）,,,モデルハウスに来場されたお客様へ、タマホームの住宅を提 案していただきます。一方的な飛び込み営業は禁止のため、 お客様と一緒にじっくりと「理想の家づくり」が可能！ 主な業務内容は、下記のとおりです。 ●住宅に関するご希望のヒアリング、プラン作成 ●住宅建設地の敷地調査、現地調査、役所調査 ●住宅ローンのご相談等 変更範囲：変更なし 正社員 正社員登用 正社員登用の実績（過去３年間） 就業形態派遣・請負ではない,求人に関する特記事項 ＊下記エリア内で転勤の可能性がある求人です。 北陸エリア：石川県、富山県、福井県、長野県、山梨県 ＊賃金は経験により決定します。 ＊賞与は業績により変動いたします。 ＊応募書類は返送いたしません。 ＊有給休暇については入社時に前倒しで１０日付与となります。 ＜選考の流れ書類選考→面接＞ 質問がない場合、ハローワークの紹介を受ければ事前連絡がなくて も応募可能です。応募希望の方は、履歴書（写真貼付）・職歴があ る方は職務経歴書・ハローワークの紹介状をお送り下さい。 書類到着後、１０営業日程度でご連絡いたします。 より労働条件の明示を受けてください。,2026年9月7日求人票（山梨県住宅リフォーム）_2.pdf,15
住宅・リフォーム営業（提案営業）,住宅営業／タマホーム甲府店／地域限定社員,タマホームカブシキガイシヤ タマホーム株式会社,山梨,木造建築工事業,〒400-0814 山梨県甲府市上阿原町１０８６番地 タマホーム甲府店,197000,441000,False,True,必要な経験・知識・技能等あれば尚可 住宅営業経験、他業種での営業経験,宅地建物取引士（旧：宅地建物取引主任者）あれば尚可 普通自動車運転免許必須 （AT限定可）,,,モデルハウスに来場されたお客様へ、タマホームの住宅を提 案していただきます。一方的な飛び込み営業は禁止のため、 お客様と一緒にじっくりと「理想の家づくり」が可能！ 主な業務内容は、下記のとおりです。 ●住宅に関するご希望のヒアリング、プラン作成 ●住宅建設地の敷地調査、現地調査、役所調査 ●住宅ローンのご相談等 変更範囲：変更なし 正社員 正社員登用 正社員登用の実績（過去３年間） 就業形態派遣・請負ではない,求人に関する特記事項 ＊転居をしない範囲で、転勤の可能性がある求人です。 ＊賃金は経験により決定します。 ＊賞与は業績により変動いたします。 ＊応募書類は返送いたしません。 ＊有給休暇については入社時に前倒しで１０日付与となります。 ＜選考の流れ書類選考→面接＞ 質問がない場合、ハローワークの紹介を受ければ事前連絡がなくて も応募可能です。応募希望の方は、履歴書（写真貼付）・職歴があ る方は職務経歴書・ハローワークの紹介状をお送り下さい。 書類到着後、１０営業日程度でご連絡いたします。 より労働条件の明示を受けてください。,2026年9月7日求人票（山梨県住宅リフォーム）_2.pdf,16
住宅・リフォーム営業（提案営業）,住宅営業／タマホーム昭和住宅公園店,タマホームカブシキガイシヤ タマホーム株式会社,山梨,木造建築工事業,〒409-3866 山梨県中巨摩郡昭和町西条１３０昭和住宅公園内 タマホーム昭和住宅公園店,211000,467000,False,True,必要な経験・知識・技能等あれば尚可 住宅営業経験、他業種での営業経験,宅地建物取引士（旧：宅地建物取引主任者）あれば尚可 普通自動車運転免許必須 （AT限定可）,,,モデルハウスに来場されたお客様へ、タマホームの住宅を提 案していただきます。一方的な飛び込み営業は禁止のため、 お客様と一緒にじっくりと「理想の家づくり」が可能！ 主な業務内容は、下記のとおりです。 ●住宅に関するご希望のヒアリング、プラン作成 ●住宅建設地の敷地調査、現地調査、役所調査 ●住宅ローンのご相談等 来場時のご案内から契約〜引渡しまでの業務に携わります。 未経験の場合は先輩社員がサポートします。 もちろん経験者・有資格者は大歓迎です！ 変更範囲：変更なし 正社員 正社員登用 正社員登用の実績（過去３年間） 就業形態派遣・請負ではない,求人に関する特記事項 ＊全国転勤ありの求人です。 ＊賃金は経験により決定します。 ＊賞与は業績により変動いたします。 ＊応募書類は返送いたしません。 ＊有給休暇については入社時に前倒しで１０日付与となります。 ＜選考の流れ書類選考→面接＞ 質問がない場合、ハローワークの紹介を受ければ事前連絡がなくて も応募可能です。 応募希望の方は、履歴書（写真貼付）・職歴がある方は職務経歴書 ・ハローワークの紹介状をお送り下さい。 書類到着後、１０営業日程度でご連絡いたします。 より労働条件の明示を受けてください。,2026年9月7日求人票（山梨県住宅リフォーム）_2.pdf,17
住宅・リフォーム営業（提案営業）,住宅営業／タマホーム昭和住宅公園店／エリア限定社員,タマホームカブシキガイシヤ タマホーム株式会社,山梨,木造建築工事業,〒409-3866 山梨県中巨摩郡昭和町西条１３０昭和住宅公園内 タマホーム昭和住宅公園店,199000,454000,False,True,必要な経験・知識・技能等あれば尚可 住宅営業経験、他業種での営業経験,宅地建物取引士（旧：宅地建物取引主任者）あれば尚可 普通自動車運転免許必須 （AT限定可）,,,モデルハウスに来場されたお客様へ、タマホームの住宅を提 案していただきます。一方的な飛び込み営業は禁止のため、 お客様と一緒にじっくりと「理想の家づくり」が可能！ 主な業務内容は、下記のとおりです。 ●住宅に関するご希望のヒアリング、プラン作成 ●住宅建設地の敷地調査、現地調査、役所調査 ●住宅ローンのご相談等 変更範囲：変更なし 正社員 正社員登用 正社員登用の実績（過去３年間） 就業形態派遣・請負ではない,求人に関する特記事項 ＊下記エリア内で転勤の可能性がある求人です。 甲信越エリア：山梨県、長野県、新潟県 ＊賃金は経験により決定します。 ＊賞与は業績により変動いたします。 ＊応募書類は返送いたしません。 ＊有給休暇については入社時に前倒しで１０日付与となります。 ＜選考の流れ書類選考→面接＞ 質問がない場合、ハローワークの紹介を受ければ事前連絡がなくて も応募可能です。応募希望の方は、履歴書（写真貼付）・職歴があ る方は職務経歴書・ハローワークの紹介状をお送り下さい。 書類到着後、１０営業日程度でご連絡いたします。 より労働条件の明示を受けてください。,2026年9月7日求人票（山梨県住宅リフォーム）_2.pdf,18
住宅・リフォーム営業（提案営業）,住宅営業／タマホーム昭和住宅公園店／地域限定社員,タマホームカブシキガイシヤ タマホーム株式会社,山梨,木造建築工事業,〒409-3866 山梨県中巨摩郡昭和町西条１３０昭和住宅公園内 タマホーム昭和住宅公園店,197000,441000,False,True,必要な経験・知識・技能等あれば尚可 住宅営業経験、他業種での営業経験,宅地建物取引士（旧：宅地建物取引主任者）あれば尚可 普通自動車運転免許必須 （AT限定可）,,,モデルハウスに来場されたお客様へ、タマホームの住宅を提 案していただきます。一方的な飛び込み営業は禁止のため、 お客様と一緒にじっくりと「理想の家づくり」が可能！ 主な業務内容は、下記のとおりです。 ●住宅に関するご希望のヒアリング、プラン作成 ●住宅建設地の敷地調査、現地調査、役所調査 ●住宅ローンのご相談等 来場時のご案内から契約〜引渡しまでの業務に携わります。 未経験の場合は先輩社員がサポートします。 もちろん経験者・有資格者は大歓迎です！ 変更範囲：変更なし 正社員 正社員登用 正社員登用の実績（過去３年間） 就業形態派遣・請負ではない,求人に関する特記事項 ＊転居をしない範囲で、転勤の可能性がある求人です。 ＊賃金は経験により決定します。 ＊賞与は業績により変動いたします。 ＊応募書類は返送いたしません。 ＊有給休暇については入社時に前倒しで１０日付与となります。 ＜選考の流れ書類選考→面接＞ 質問がない場合、ハローワークの紹介を受ければ事前連絡がなくて も応募可能です。応募希望の方は、履歴書（写真貼付）・職歴があ る方は職務経歴書・ハローワークの紹介状をお送り下さい。 書類到着後、１０営業日程度でご連絡いたします。 より労働条件の明示を受けてください。,2026年9月7日求人票（山梨県住宅リフォーム）_2.pdf,19
メンテナンス・アフターサービス・点検,リフォーム・メンテナンス,ニシコウフジュウタクカブシキガイシャ 西甲府住宅株式会社,山梨,建築工事業（木造建築工事,〒400-0856 山梨県甲府市伊勢４－２２－１ 西甲府住宅株式会社 ＪＲ身延線甲斐住吉駅から徒歩10分,230000,350000,True,True,必要な経験・知識・技能等不問,普通自動車運転免許必須 （AT限定可）,,,【リフォーム・メンテナンス部でのお仕事】 リフォームやメンテナンスの依頼があれば、お客様先に行き対応を していただきます。 経験者大歓迎！ ※Ｕターン、Ｉターン希望の方の応募、歓迎します。 【変更範囲：会社の定める範囲】 正社員 正社員登用 正社員登用の実績（過去３年間） 就業形態派遣・請負ではない,求人に関する特記事項 より労働条件の明示を受けてください。,2026年9月7日求人票（山梨県住宅リフォーム）_2.pdf,20
施工管理・現場監督（工務）,リフォーム現場監督,リクシルフドウサンショップ（カブシキガイシャプライムホーム） リクシル不動産ショップ（株式会社プライムホーム）,山梨,建物売買業，土地売買業,〒400-0047 山梨県甲府市徳行３丁目４－２４ ＪＲ甲府駅から車13分,260000,350000,True,True,必要な経験・知識・技能等不問,一級建築士あれば尚可 二級建築士あれば尚可 １級建築施工管理技士あれば尚可 普通自動車運転免許必須 （AT限定可）,,,自社リフォーム現場の管理・監督業務 ・施主との打ち合わせ、簡単なパソコン作業あり。 【変更範囲：変更なし】 正社員 正社員登用 正社員登用の実績（過去３年間） 就業形態派遣・請負ではない,求人に関する特記事項 【オンライン自主応募可】 より労働条件の明示を受けてください。,2026年9月7日求人票（山梨県住宅リフォーム）_2.pdf,21
施工管理・現場監督（工務）,住宅建築の施工管理及び現場管理［美術館通り店］,ユウゲンガイシャエンドウコウムテン 有限会社エンドウ工務店,山梨,木造建築工事業,〒400-0065 山梨県甲府市貢川２－５－４５ 有限会社エンドウ工務所美術館通り店 ＪＲ中央本線竜王駅から車5分,250000,450000,False,True,必要な経験・知識・技能等あれば尚可 業者や地域住民との折衝能力や、工程を進行させていくうえでの人 事管理能力も必要。コミュニケーション能力やリーダーシップが得 意な方であれば尚可。,一級建築士あれば尚可 二級建築士あれば尚可 １級建築施工管理技士あれば尚可 ２級建築施工管理技士あれば尚可 普通自動車運転免許必須 （AT限定可）,,,○住宅建築の施工管理及び書類作成全般 ○現場管理 「管理だけで終わらないのが、当社の現場監督。自ら現場に入るこ ともあるため、相応の筋力・体力も重要なスキルとなります。タフ にそして情熱を持って家づくりに向き合える仲間を募集します。」 ☆トライアル雇用求人 【変更範囲：変更なし】 正社員 正社員登用 正社員登用の実績（過去３年間） 就業形態派遣・請負ではない,求人に関する特記事項 ◆トライアル雇用期間中の労働条件は試用期間に同じ 採用申込は、ホームページからも受け付けております。 ｈｔｔｐ：／／ｗｗｗ．ｉｅーｅｎｄｏ．ｃｏ．ｊｐ／ｒｅｃｒｕ ｉｔ／ より労働条件の明示を受けてください。,2026年9月7日求人票（山梨県住宅リフォーム）_2.pdf,22
住宅・リフォーム営業（提案営業）,住宅コンサルタント,カブシキガイシャパナホームヤマナシ 株式会社パナホーム山梨,山梨,建築工事業（木造建築工事,〒400-0041 山梨県甲府市上石田４－１２－１ 株式会社パナホーム山梨 ＪＲ甲府駅から車12分,257000,310000,True,True,必要な経験・知識・技能等不問,普通自動車運転免許必須 （AT限定可）,,,軽量鉄骨の住宅・アパート・リフォーム等の相談受付、間取り、 資金・税金相談、企画販売の仕事です。 ※男女共に活躍できる職場です 【変更範囲：会社の定める業務】 正社員 正社員登用 正社員登用の実績（過去３年間） 就業形態派遣・請負ではない,求人に関する特記事項 ＜駐車場について＞ マイカー通勤者は、当社で契約している駐車場を利用可 （但し料金は自己負担） 【オンライン自主応募可】 より労働条件の明示を受けてください。,2026年9月7日求人票（山梨県住宅リフォーム）_2.pdf,23
設計・ＣＡＤオペレーター,住宅設計／未経験者歓迎,カブシキガイシャハウジングケント 株式会社ハウジング建都,山梨,一般土木建築工事業,〒400-0117 山梨県甲斐市西八幡１８６４－１プラザエイトＡＢ 株式会社ハウジング建都きらくハウス事業部甲斐支店 ＪＲ中央線竜王駅から車5分,239000,450000,False,True,必要な経験・知識・技能等あれば尚可 住宅設計業務,一級建築士あれば尚可 二級建築士あれば尚可 普通自動車運転免許必須 （AT限定可）,エクセル・ワード・３ＤーＣＡＤの基本操作。,,○住宅設計の業務を行います。 ＊お客様と仕様合わせ業務、ＣＡＤで住宅設計図面の作成、確認 申請業務等を行います。 ＊パソコン（エクセル・ワード・３Ｄ－ＣＡＤ）を使用します。 （簡単な操作ができれば可） ＊未経験の方、先輩職員が丁寧にご指導しますのでご安心して応募 ください。 ＊社用車（ＡＴ車）の運転があります。 変更範囲：会社の定める業務 ≪急募≫ ●応募にはハローワークの紹介状が必要です● 正社員 正社員登用 正社員登用の実績（過去３年間） 就業形態派遣・請負ではない,求人に関する特記事項 ＊通勤手当：通勤距離数（事業所規定）により支給します。 ＊住宅設計経験者は、賃金の月額は３００，０００円からになりま す。 ＊固定残業代（Ｃ）欄に記載された時間数は固定残業代の積算根拠 となるもの。実際の時間外労働の時間数の見込みや実績を示すも のではない。 より労働条件の明示を受けてください。,2026年9月7日求人票（山梨県住宅リフォーム）_2.pdf,24
設備工事（配管・電気・住宅設備）,住宅設備機器・上下水道資材のルート営業,カブシキガイシャカンザイ 株式会社環財,山梨,建築材料卸売業,〒406-0801 山梨県笛吹市御坂町成田１８３６ ＪＲ中央線石和温泉駅から車10分,240000,260000,True,True,必要な経験・知識・技能等不問,日本語検定２級必須 普通自動車運転免許必須 （AT限定可）,ワード、エクセル等パソコンの基本的な操作,,工務店及び設備工事業者等、既存顧客へのルート営業・配達が主体 となります。 ・営業エリアは県内が中心となります（主に笛吹市、山梨市、甲州 市、南アルプス市、甲府市）。 ・社有車を使用していただきます。 ※慣れるまでは先輩がサポートにつくので、未経験の方でも安心し てご応募下さい。 【変更範囲：変更なし】 正社員 正社員登用 正社員登用の実績（過去３年間） 就業形態派遣・請負ではない,求人に関する特記事項 ・土日祝日休み ・社内研修あり ・未経験者歓迎 ・髪色自由 ・制服貸与 より労働条件の明示を受けてください。,2026年9月7日求人票（山梨県住宅リフォーム）_2.pdf,25
配送・ドライバー,住宅建材販売・加工・配達＊急募,コイズミトーヨージュウキカブシキガイシャ 小泉トーヨー住器株式会社,山梨,他に分類されない小売業,〒401-0301 山梨県南都留郡富士河口湖町船津６８０ 富士急行線河口湖駅から徒歩15分,240100,305200,True,True,必要な経験・知識・技能等不問,普通自動車運転免許必須 （AT限定不可）,,,住宅用建材の組立・加工・配達 （アルミサッシ・ガラス・住宅内装建材） ※販売・加工・配達の全ての業務を行っていただきます。 ※重い物を運んだり、体力が必要です。 ※急募※ 変更範囲：会社が定める業務 正社員 正社員登用 正社員登用の実績（過去３年間） 就業形態派遣・請負ではない,求人に関する特記事項 ※有給休暇の取得を推奨しています ※Ｃ欄に記載された時間数は固定残業代の積算根拠となるものです 実際の時間外労働の時間の見込みや実績を示すものではありませ ん ※通常の作業を大幅に超える受注が集中したとき、緊急な受注また は納期がひっ迫した時および決算業務、トラブルの対応の時、年 ６回を上限として月８０時間まで、年７２０時間まで ハローワークからの連絡後、応募書類を郵送して下さい。 追って面接日等の連絡を致します。 【事業主・求職者の皆様へ】労働条件通知書や労働契約書等書面に より採用後の労働条件を必ず確認して下さい。 より労働条件の明示を受けてください。,2026年9月7日求人票（山梨県住宅リフォーム）_2.pdf,26
製造・加工（プレカット／建材）,住宅用ロックの加工・組立・検査ハーネス加工等,,山梨,洋食器・刃物・手道具・金,〒 山梨県南アルプス市,200000,300000,True,False,必要な経験・知識・技能等不問,普通自動車運転免許あれば尚可（AT限定可）,,,・住宅用錠製品の加工、組立、検査等 ・ハーネス加工、検査等 ※未経験者でも丁寧に指導致しますのでご安心ください。 製造業未経験から始めて、５年以上勤務されている方が多く、 個人の生活スタイルに合わせた働きやすい環境を整えております 。 長期的に安定した仕事をお探しの方は是非ご応募ください。 【変更の範囲：なし】 正社員 正社員登用 正社員登用の実績（過去３年間） 就業形態派遣・請負ではない,求人に関する特記事項 ※色々な製品の加工・組立・検査等があります。 一人一人の適性に合った配置にいたしますので 製造業未経験の方も是非ともご応募ください。 ※事前に履歴書とハローワークの紹介状を送付してください。 追って面接日時を電話連絡いたします。 【オンライン自主応募可】 ※オンライン自主応募の場合、ハローワーク紹介状は不要です。 より労働条件の明示を受けてください。,2026年9月7日求人票（山梨県住宅リフォーム）_2.pdf,28
住宅・リフォーム営業（提案営業）,注文住宅営業／経験者（サイエンスホーム甲府店）,サイエンスホームコウフテン（カブシキガイシャエヌハウス） サイエンスホーム甲府店（株式会社エヌハウス）,山梨,木造建築工事業,〒400-0851 山梨県甲府市住吉５丁目７番１０号,313000,375000,False,True,必要な経験・知識・技能等必須 住宅営業の経験者を募集します。,普通自動車運転免許必須 （AT限定可）,基本的なパソコンスキルがあると尚可。,,サイエンスホーム甲府店にて、注文住宅の営業を担当していただき ます。（展示場あり。） 甲府市住吉に新社屋をオープンしました。綺麗でおしゃれな環境で す。業務拡大につき募集します。 新規開拓営業はありますが、飛び込み営業はありません。 ※賃金は経験により対応いたします。 ※急募 【変更範囲：会社の定める業務】 正社員 正社員登用 正社員登用の実績（過去３年間） 就業形態派遣・請負ではない,求人に関する特記事項 【応募連絡は担当者の携帯へお願いします】 サイエンスホームは静岡県に本社があります。加盟店は全国に １１９社あり、エヌハウスは甲府店として加盟しています。 ※昇給：個人差あり ※賞与：営業の場合は、賞与はありませんが、歩合給があります。 ※有給休暇の計画的付与として年末年始に有給休暇の一部を充てて います。 より労働条件の明示を受けてください。,2026年9月7日求人票（山梨県住宅リフォーム）_2.pdf,34
住宅・リフォーム営業（提案営業）,リフォーム専門スタッフ（富士桜高原別荘地の専門スタッフ）,フジカンコウカイハツカブシキガイシャ 富士観光開発株式会社,山梨,スポーツ施設提供業,〒401-0320 山梨県南都留郡鳴沢村字富士山８５４５—１３７ 富士桜高原別荘地,210000,379600,False,True,必要な経験・知識・技能等必須 建築設計の経験,・建築士、施工管理技士などの資格を生かせます。 普通自動車運転免許必須 （AT限定可）,,,別荘地内のリフォームの専門スタッフとして、主には別荘オーナー 様の対応で活躍いただきます。 資格等は不問ですので未経験の方でも活躍できます。 ○主な仕事 ・リフォーム営業 ・建築物の現場管理、各種申請 ・建物の設計、積算見積書の作成 ※６０歳以降で活躍を希望される方につきましては、担当者までお 気軽にご相談ください。 【応募前職場見学可】 変更範囲：会社が定める業務 正社員 正社員登用 正社員登用の実績（過去３年間） 就業形態派遣・請負ではない,求人に関する特記事項 ハローワークからの問い合わせ後、応募書類を下記宛に郵送して下 さい。追って面接日等の連絡をさせて頂きます。 ≪応募書類送付先≫ 〒４０１－０３０１ 山梨県南都留郡富士河口湖町船津３６３３－１ 富士観光開発株式会社総務部課長渡辺宛 【事業主・求職者の皆様へ】 労働条件通知書や労働契約書等書面により採用後の労働 条件を必ず確認して下さい。 より労働条件の明示を受けてください。,2026年9月7日求人票（山梨県住宅リフォーム）_2.pdf,35
住宅・リフォーム営業（提案営業）,提案営業／住宅リフォーム（甲府ショールーム）,カブシキガイシャフレッシュハウス 株式会社フレッシュハウス,山梨,建築リフォーム工事業,〒400-0026 山梨県甲府市塩部４－１－１３ 甲府ショールーム ＪＲ身延線・ＪＲ中央線甲府駅から徒歩20分,277000,344000,True,True,必要な経験・知識・技能等必須 営業経験（業界、年数不問）,普通自動車運転免許必須 （AT限定可）,,,★今後も需要が高まる注目のリフォーム、リノベーション（水廻り ・内装・外装・間取変更・増改築等）マッチングサイト経由でいた だいたお問合せを中心に、１００％反響型の営業スタイルで、お客 様のご自宅を調査し（採寸・使用状況確認）ご要望をふまえて、リ フォーム、リノベーションの提案を行います。お客様一人一人のラ イフスタイルに合わせたプランを作成することができ、地域密着型 でやりがいを得られる仕事です。 ※飛び込み・テレアポ等の新規開拓営業ナシ！リピーターのお客様 多数！ ※対応エリア：甲斐市・甲府市・笛吹市・南アルプス市ほか 正社員 正社員登用 正社員登用の実績（過去３年間） 就業形態派遣・請負ではない,求人に関する特記事項 【福利厚生制度】 資格取得支援制度 短時間勤務制度 社用車貸与（自家用車を使用しない場合） マイカー通勤（社内規定による）※ご自宅⇔営業所間のガソリン代 支給 パソコン、携帯貸与 結婚祝金、出産祝金あり 短時間正社員制度※規定あり 借上社宅制度※規定あり 【休暇】 年末年始休暇（５日）夏季休暇（３日）調整休（５日／指定月に付 与）ゆとり休暇（２日／半期毎に取得）慶弔休暇・有給休暇（初年 度１０日）産前・産後休暇・育児休暇・介護休暇 産休・育休を経て復帰する女性多数！男性の育休取得実績もありま す！ 「オンライン自主応募可」※自主応募の際は、紹介状不要です！ より労働条件の明示を受けてください。,2026年9月7日求人票（山梨県住宅リフォーム）_2.pdf,41
住宅・リフォーム営業（提案営業）,住宅営業,カブシキガイシャセキヤマケンセツ 株式会社関山建設,山梨,建築工事業（木造建築工事,〒402-0035 山梨県都留市夏狩１７１９ 富士急行線十日市場駅から徒歩10分,250000,350000,True,True,必要な経験・知識・技能等不問,普通自動車運転免許必須 （AT限定可）,エクセル・ワード基本操作できること,,＊一戸建ての住宅の営業 ・富士東部地域での営業を基本的に行っていただきます。 ・当社の建築中の物件での構造見学会、完成見学会での営業業務 ・見学会来場者への追客をメインに行っていただきます。 ＊応募の際は、ハローワークの紹介状が必要です。 変更範囲：変更なし 正社員 正社員登用 正社員登用の実績（過去３年間） 就業形態派遣・請負ではない,求人に関する特記事項 ＊応募の際は、ハローワーク紹介状が必要です。 ＊ハローワークからの連絡は、求人管理情報を確認のこと 【事業主・求職者のみなさまへ】 求人票は雇用契約書ではありません。 労働条件通知書や労働契約書等の書面により採用後の労働条件を 必ず確認しましょう。 採否結果は必ず本人へ直接通知しましょう。 より労働条件の明示を受けてください。,2026年9月7日求人票（山梨県住宅リフォーム）_2.pdf,42
住宅・リフォーム営業（提案営業）,住宅営業（中巨摩郡昭和町）,カブシキガイシャイチジョウコウムテン 株式会社一条工務店,山梨,一般土木建築工事業,〒409-3800 山梨県中巨摩郡昭和町西条１３０（昭和住宅公園） 【甲府昭和展示場】【甲府昭和南展示場】,267500,267500,False,True,必要な経験・知識・技能等あれば尚可 業界未経験者歓迎 研修制度あり,普通自動車運転免許必須 （AT限定可）,,,モデルハウスへ来場されるお客様に家づくりのアドバイスをするこ とから始まり、地盤調査・プラン作成・資金計画から上棟・お引渡 しまで、全ての窓口を担当します。設計担当・工事担当などの専門 スタッフと協力しながら、お客様のご要望を一つ一つ叶えていきま す。そのお客様のためだけに建てる世界にたった一つの「家」です 。お客様にご満足頂いた時の喜びは、必ずあなたの‘やりがい・自 信’につながっていきます。家族の一員のように一緒になって家の 完成を喜び合える、そんな信頼関係を築き上げてください。 変更範囲：変更なし 正社員 正社員登用 正社員登用の実績（過去３年間） 就業形態派遣・請負ではない,求人に関する特記事項 【ＣＣＵＳ登録事業所】 ＊マイカーでの営業業務となります。通勤・営業業務で使用 したガソリン代は会社負担（上限３５，０００円） ※無料駐車場あり※入社後当面は転勤はありません ＊第２新卒も積極募集中 ＊営業手当は１年間保障し通常勤務の場合続きます。 応募前の職場見学：可 ＊事前に履歴書（写貼）・職務経歴書（パソコンのメールアドレス 記入）・紹介状を郵送願います。 ＊ホームページ（ｈｔｔｐ：／／ｉｃｈｉｊｏ．ｊｐ／） の採用情報をご覧ください。 「応募にはハローワークの紹介状が必要です」 【オンライン自主応募可求人】オンライン自主応募の際は、「自主 応募」ボタンから応募してください。 ◆オンライン自主応募に関することは当事者間で対応してください ◆オンライン自主応募の場合、ハローワーク等の職業紹介を要件と する助成金［特定求職者雇用開発助成金・トライアル雇用助成金・ 雇用保険の再就職手当等］は対象外です！ より労働条件の明示を受けてください。,2026年9月7日求人票（山梨県住宅リフォーム）_2.pdf,44
住宅・リフォーム営業（提案営業）,住宅営業／タマホーム松前店,タマホームカブシキガイシヤ タマホーム株式会社,愛媛,木造建築工事業,〒791-3102 愛媛県伊予郡松前町大字北黒田２５９番１ タマホーム松前店,211000,467000,False,True,必要な経験・知識・技能等あれば尚可 住宅営業経験、他業種での営業経験,宅地建物取引士（旧：宅地建物取引主任者）あれば尚可 普通自動車運転免許必須 （AT限定可）,,,モデルハウスに来場されたお客様へ、タマホームの住宅を提 案していただきます。一方的な飛び込み営業は禁止のため、 お客様と一緒にじっくりと「理想の家づくり」が可能！ 主な業務内容は、下記のとおりです。 ●住宅に関するご希望のヒアリング、プラン作成 ●住宅建設地の敷地調査、現地調査、役所調査 ●住宅ローンのご相談等 変更範囲：変更なし 正社員 正社員登用 正社員登用の実績（過去３年間） 就業形態派遣・請負ではない,求人に関する特記事項 ＊全国転勤ありの求人です。 ＊賃金は経験により決定します。 ＊賞与は業績により変動いたします。 ＊応募書類は返送いたしません。 ＊有給休暇については入社時に前倒しで１０日付与となります。 ＜選考の流れ書類選考→面接＞ 質問がない場合、ハローワークの紹介を受ければ事前連絡がなくて も応募可能です。応募希望の方は、履歴書（写真貼付）・職歴があ る方は職務経歴書・ハローワークの紹介状をお送り下さい。 書類到着後、１０営業日程度でご連絡いたします。 ＜モデル年収＞ 入社７年目－４０歳・全国社員年収１，０６０万円 入社４年目－３５歳・地域限定社員年収７４０万円 ※２０２０年度全職種平均年収６９３万円（前年比３８万円増） より労働条件の明示を受けてください。,2026年9月7日求人票（愛媛県住宅リフォーム）_1.pdf,1
住宅・リフォーム営業（提案営業）,住宅営業／タマホーム松前店／エリア限定社員,タマホームカブシキガイシヤ タマホーム株式会社,愛媛,木造建築工事業,〒791-3102 愛媛県伊予郡松前町大字北黒田２５９番１ タマホーム松前店,197000,454000,False,True,必要な経験・知識・技能等あれば尚可 住宅営業経験、他業種での営業経験,宅地建物取引士（旧：宅地建物取引主任者）あれば尚可 普通自動車運転免許必須 （AT限定可）,,,モデルハウスに来場されたお客様へ、タマホームの住宅を提 案していただきます。一方的な飛び込み営業は禁止のため、 お客様と一緒にじっくりと「理想の家づくり」が可能！ 主な業務内容は、下記のとおりです。 ●住宅に関するご希望のヒアリング、プラン作成 ●住宅建設地の敷地調査、現地調査、役所調査 ●住宅ローンのご相談等 変更範囲：変更なし 正社員 正社員登用 正社員登用の実績（過去３年間） 就業形態派遣・請負ではない,求人に関する特記事項 ＊下記エリア内で転勤の可能性がある求人です。 四国エリア：徳島県、香川県、愛媛県、高知県 ＊賃金は経験により決定します。 ＊賞与は業績により変動いたします。 ＊応募書類は返送いたしません。 ＊有給休暇については入社時に前倒しで１０日付与となります。 ＜選考の流れ書類選考→面接＞ 質問がない場合、ハローワークの紹介を受ければ事前連絡がなくて も応募可能です。応募希望の方は、履歴書（写真貼付）・職歴があ る方は職務経歴書・ハローワークの紹介状をお送り下さい。 書類到着後、１０営業日程度でご連絡いたします。 ＜モデル年収＞ 入社７年目－４０歳・全国社員年収１，０６０万円 入社４年目－３５歳・地域限定社員年収７４０万円 ※２０２０年度全職種平均年収６９３万円（前年比３８万円増） より労働条件の明示を受けてください。,2026年9月7日求人票（愛媛県住宅リフォーム）_1.pdf,2
住宅・リフォーム営業（提案営業）,住宅営業／タマホーム松前店／地域限定社員,タマホームカブシキガイシヤ タマホーム株式会社,愛媛,木造建築工事業,〒791-3102 愛媛県伊予郡松前町大字北黒田２５９番１ タマホーム松前店,195000,441000,False,True,必要な経験・知識・技能等あれば尚可 住宅営業経験、他業種での営業経験,宅地建物取引士（旧：宅地建物取引主任者）あれば尚可 普通自動車運転免許必須 （AT限定可）,,,モデルハウスに来場されたお客様へ、タマホームの住宅を提 案していただきます。一方的な飛び込み営業は禁止のため、 お客様と一緒にじっくりと「理想の家づくり」が可能！ 主な業務内容は、下記のとおりです。 ●住宅に関するご希望のヒアリング、プラン作成 ●住宅建設地の敷地調査、現地調査、役所調査 ●住宅ローンのご相談等 変更範囲：変更なし 正社員 正社員登用 正社員登用の実績（過去３年間） 就業形態派遣・請負ではない,求人に関する特記事項 ＊転居をしない範囲で、転勤の可能性がある求人です。 ＊賃金は経験により決定します。 ＊賞与は業績により変動いたします。 ＊応募書類は返送いたしません。 ＊有給休暇については入社時に前倒しで１０日付与となります。 ＜選考の流れ書類選考→面接＞ 質問がない場合、ハローワークの紹介を受ければ事前連絡がなくて も応募可能です。応募希望の方は、履歴書（写真貼付）・職歴があ る方は職務経歴書・ハローワークの紹介状をお送り下さい。 書類到着後、１０営業日程度でご連絡いたします。 ＜モデル年収＞ 入社７年目－４０歳・全国社員年収１，０６０万円 入社４年目－３５歳・地域限定社員年収７４０万円 ※２０２０年度全職種平均年収６９３万円（前年比３８万円増） より労働条件の明示を受けてください。,2026年9月7日求人票（愛媛県住宅リフォーム）_1.pdf,3
住宅・リフォーム営業（提案営業）,住宅営業／タマホーム今治店,タマホームカブシキガイシヤ タマホーム株式会社,愛媛,木造建築工事業,〒794-0015 愛媛県今治市常盤町８丁目１８６番１ タマホーム今治店,211000,467000,False,True,必要な経験・知識・技能等あれば尚可 住宅営業経験、他業種での営業経験,宅地建物取引士（旧：宅地建物取引主任者）あれば尚可 普通自動車運転免許必須 （AT限定可）,,,モデルハウスに来場されたお客様へ、タマホームの住宅を提 案していただきます。一方的な飛び込み営業は禁止のため、 お客様と一緒にじっくりと「理想の家づくり」が可能！ 主な業務内容は、下記のとおりです。 ●住宅に関するご希望のヒアリング、プラン作成 ●住宅建設地の敷地調査、現地調査、役所調査 ●住宅ローンのご相談等 変更範囲：変更なし 正社員 正社員登用 正社員登用の実績（過去３年間） 就業形態派遣・請負ではない,求人に関する特記事項 ＊全国転勤ありの求人です。 ＊賃金は経験により決定します。 ＊賞与は業績により変動いたします。 ＊応募書類は返送いたしません。 ＊有給休暇については入社時に前倒しで１０日付与となります。 ＜選考の流れ書類選考→面接＞ 質問がない場合、ハローワークの紹介を受ければ事前連絡がなくて も応募可能です。応募希望の方は、履歴書（写真貼付）・職歴があ る方は職務経歴書・ハローワークの紹介状をお送り下さい。 書類到着後、１０営業日程度でご連絡いたします。 ＜モデル年収＞ 入社７年目－４０歳・全国社員年収１，０６０万円 入社４年目－３５歳・地域限定社員年収７４０万円 ※２０２０年度全職種平均年収６９３万円（前年比３８万円増） より労働条件の明示を受けてください。,2026年9月7日求人票（愛媛県住宅リフォーム）_1.pdf,4
住宅・リフォーム営業（提案営業）,住宅営業／タマホーム今治店／エリア限定社員,タマホームカブシキガイシヤ タマホーム株式会社,愛媛,木造建築工事業,〒794-0015 愛媛県今治市常盤町８丁目１８６番１ タマホーム今治店,197000,454000,False,True,必要な経験・知識・技能等あれば尚可 住宅営業経験、他業種での営業経験,宅地建物取引士（旧：宅地建物取引主任者）あれば尚可 普通自動車運転免許必須 （AT限定可）,,,モデルハウスに来場されたお客様へ、タマホームの住宅を提 案していただきます。一方的な飛び込み営業は禁止のため、 お客様と一緒にじっくりと「理想の家づくり」が可能！ 主な業務内容は、下記のとおりです。 ●住宅に関するご希望のヒアリング、プラン作成 ●住宅建設地の敷地調査、現地調査、役所調査 ●住宅ローンのご相談等 変更範囲：変更なし 正社員 正社員登用 正社員登用の実績（過去３年間） 就業形態派遣・請負ではない,求人に関する特記事項 ＊下記エリア内で転勤の可能性がある求人です。 四国エリア：徳島県、香川県、愛媛県、高知県 ＊賃金は経験により決定します。 ＊賞与は業績により変動いたします。 ＊応募書類は返送いたしません。 ＊有給休暇については入社時に前倒しで１０日付与となります。 ＜選考の流れ書類選考→面接＞ 質問がない場合、ハローワークの紹介を受ければ事前連絡がなくて も応募可能です。応募希望の方は、履歴書（写真貼付）・職歴があ る方は職務経歴書・ハローワークの紹介状をお送り下さい。 書類到着後、１０営業日程度でご連絡いたします。 ＜モデル年収＞ 入社７年目－４０歳・全国社員年収１，０６０万円 入社４年目－３５歳・地域限定社員年収７４０万円 ※２０２０年度全職種平均年収６９３万円（前年比３８万円増） より労働条件の明示を受けてください。,2026年9月7日求人票（愛媛県住宅リフォーム）_1.pdf,5
住宅・リフォーム営業（提案営業）,住宅営業／タマホーム今治店／地域限定社員,タマホームカブシキガイシヤ タマホーム株式会社,愛媛,木造建築工事業,〒794-0015 愛媛県今治市常盤町８丁目１８６番１ タマホーム今治店,195000,441000,False,True,必要な経験・知識・技能等あれば尚可 住宅営業経験、他業種での営業経験,宅地建物取引士（旧：宅地建物取引主任者）あれば尚可 普通自動車運転免許必須 （AT限定可）,,,モデルハウスに来場されたお客様へ、タマホームの住宅を提 案していただきます。一方的な飛び込み営業は禁止のため、 お客様と一緒にじっくりと「理想の家づくり」が可能！ 主な業務内容は、下記のとおりです。 ●住宅に関するご希望のヒアリング、プラン作成 ●住宅建設地の敷地調査、現地調査、役所調査 ●住宅ローンのご相談等 変更範囲：変更なし 正社員 正社員登用 正社員登用の実績（過去３年間） 就業形態派遣・請負ではない,求人に関する特記事項 ＊転居をしない範囲で、転勤の可能性がある求人です。 ＊賃金は経験により決定します。 ＊賞与は業績により変動いたします。 ＊応募書類は返送いたしません。 ＊有給休暇については入社時に前倒しで１０日付与となります。 ＜選考の流れ書類選考→面接＞ 質問がない場合、ハローワークの紹介を受ければ事前連絡がなくて も応募可能です。応募希望の方は、履歴書（写真貼付）・職歴があ る方は職務経歴書・ハローワークの紹介状をお送り下さい。 書類到着後、１０営業日程度でご連絡いたします。 ＜モデル年収＞ 入社７年目－４０歳・全国社員年収１，０６０万円 入社４年目－３５歳・地域限定社員年収７４０万円 ※２０２０年度全職種平均年収６９３万円（前年比３８万円増） より労働条件の明示を受けてください。,2026年9月7日求人票（愛媛県住宅リフォーム）_1.pdf,6
住宅・リフォーム営業（提案営業）,住宅営業／タマホーム松山店,タマホームカブシキガイシヤ タマホーム株式会社,愛媛,木造建築工事業,〒791-8022 愛媛県松山市美沢１丁目８番３６号 タマホーム松山店,211000,467000,False,True,必要な経験・知識・技能等あれば尚可 住宅営業経験、他業種での営業経験,宅地建物取引士（旧：宅地建物取引主任者）あれば尚可 普通自動車運転免許必須 （AT限定可）,,,モデルハウスに来場されたお客様へ、タマホームの住宅を提 案していただきます。一方的な飛び込み営業は禁止のため、 お客様と一緒にじっくりと「理想の家づくり」が可能！ 主な業務内容は、下記のとおりです。 ●住宅に関するご希望のヒアリング、プラン作成 ●住宅建設地の敷地調査、現地調査、役所調査 ●住宅ローンのご相談等 変更範囲：変更なし 正社員 正社員登用 正社員登用の実績（過去３年間） 就業形態派遣・請負ではない,求人に関する特記事項 ＊全国転勤ありの求人です。 ＊賃金は経験により決定します。 ＊賞与は業績により変動いたします。 ＊応募書類は返送いたしません。 ＊有給休暇については入社時に前倒しで１０日付与となります。 ＜選考の流れ書類選考→面接＞ 質問がない場合、ハローワークの紹介を受ければ事前連絡がなくて も応募可能です。応募希望の方は、履歴書（写真貼付）・職歴があ る方は職務経歴書・ハローワークの紹介状をお送り下さい。 書類到着後、１０営業日程度でご連絡いたします。 ＜モデル年収＞ 入社７年目－４０歳・全国社員年収１，０６０万円 入社４年目－３５歳・地域限定社員年収７４０万円 ※２０２０年度全職種平均年収６９３万円（前年比３８万円増） より労働条件の明示を受けてください。,2026年9月7日求人票（愛媛県住宅リフォーム）_1.pdf,7
住宅・リフォーム営業（提案営業）,住宅営業／タマホーム松山店／エリア限定社員,タマホームカブシキガイシヤ タマホーム株式会社,愛媛,木造建築工事業,〒791-8022 愛媛県松山市美沢１丁目８番３６号 タマホーム松山店,197000,454000,False,True,必要な経験・知識・技能等あれば尚可 住宅営業経験、他業種での営業経験,宅地建物取引士（旧：宅地建物取引主任者）あれば尚可 普通自動車運転免許必須 （AT限定可）,,,モデルハウスに来場されたお客様へ、タマホームの住宅を提 案していただきます。一方的な飛び込み営業は禁止のため、 お客様と一緒にじっくりと「理想の家づくり」が可能！ 主な業務内容は、下記のとおりです。 ●住宅に関するご希望のヒアリング、プラン作成 ●住宅建設地の敷地調査、現地調査、役所調査 ●住宅ローンのご相談等 変更範囲：変更なし 正社員 正社員登用 正社員登用の実績（過去３年間） 就業形態派遣・請負ではない,求人に関する特記事項 ＊下記エリア内で転勤の可能性がある求人です。 四国エリア：徳島県、香川県、愛媛県、高知県 ＊賃金は経験により決定します。 ＊賞与は業績により変動いたします。 ＊応募書類は返送いたしません。 ＊有給休暇については入社時に前倒しで１０日付与となります。 ＜選考の流れ書類選考→面接＞ 質問がない場合、ハローワークの紹介を受ければ事前連絡がなくて も応募可能です。応募希望の方は、履歴書（写真貼付）・職歴があ る方は職務経歴書・ハローワークの紹介状をお送り下さい。 書類到着後、１０営業日程度でご連絡いたします。 ＜モデル年収＞ 入社７年目－４０歳・全国社員年収１，０６０万円 入社４年目－３５歳・地域限定社員年収７４０万円 ※２０２０年度全職種平均年収６９３万円（前年比３８万円増） より労働条件の明示を受けてください。,2026年9月7日求人票（愛媛県住宅リフォーム）_1.pdf,8
住宅・リフォーム営業（提案営業）,住宅営業／タマホーム松山店／地域限定社員,タマホームカブシキガイシヤ タマホーム株式会社,愛媛,木造建築工事業,〒791-8022 愛媛県松山市美沢１丁目８番３６号 タマホーム松山店,195000,441000,False,True,必要な経験・知識・技能等あれば尚可 住宅営業経験、他業種での営業経験,宅地建物取引士（旧：宅地建物取引主任者）あれば尚可 普通自動車運転免許必須 （AT限定可）,,,モデルハウスに来場されたお客様へ、タマホームの住宅を提 案していただきます。一方的な飛び込み営業は禁止のため、 お客様と一緒にじっくりと「理想の家づくり」が可能！ 主な業務内容は、下記のとおりです。 ●住宅に関するご希望のヒアリング、プラン作成 ●住宅建設地の敷地調査、現地調査、役所調査 ●住宅ローンのご相談等 変更範囲：変更なし 正社員 正社員登用 正社員登用の実績（過去３年間） 就業形態派遣・請負ではない,求人に関する特記事項 ＊転居をしない範囲で、転勤の可能性がある求人です。 ＊賃金は経験により決定します。 ＊賞与は業績により変動いたします。 ＊応募書類は返送いたしません。 ＊有給休暇については入社時に前倒しで１０日付与となります。 ＜選考の流れ書類選考→面接＞ 質問がない場合、ハローワークの紹介を受ければ事前連絡がなくて も応募可能です。応募希望の方は、履歴書（写真貼付）・職歴があ る方は職務経歴書・ハローワークの紹介状をお送り下さい。 書類到着後、１０営業日程度でご連絡いたします。 ＜モデル年収＞ 入社７年目－４０歳・全国社員年収１，０６０万円 入社４年目－３５歳・地域限定社員年収７４０万円 ※２０２０年度全職種平均年収６９３万円（前年比３８万円増） より労働条件の明示を受けてください。,2026年9月7日求人票（愛媛県住宅リフォーム）_1.pdf,9
住宅・リフォーム営業（提案営業）,住宅営業／タマホーム新居浜店,タマホームカブシキガイシヤ タマホーム株式会社,愛媛,木造建築工事業,〒792-0004 愛媛県新居浜市北新町５番３号 タマホーム新居浜店,211000,467000,False,True,必要な経験・知識・技能等あれば尚可 住宅営業経験、他業種での営業経験,宅地建物取引士（旧：宅地建物取引主任者）あれば尚可 普通自動車運転免許必須 （AT限定可）,,,モデルハウスに来場されたお客様へ、タマホームの住宅を提 案していただきます。一方的な飛び込み営業は禁止のため、 お客様と一緒にじっくりと「理想の家づくり」が可能！ 主な業務内容は、下記のとおりです。 ●住宅に関するご希望のヒアリング、プラン作成 ●住宅建設地の敷地調査、現地調査、役所調査 ●住宅ローンのご相談等 変更範囲：変更なし 正社員 正社員登用 正社員登用の実績（過去３年間） 就業形態派遣・請負ではない,求人に関する特記事項 ＊全国転勤ありの求人です。 ＊賃金は経験により決定します。 ＊賞与は業績により変動いたします。 ＊応募書類は返送いたしません。 ＊有給休暇については入社時に前倒しで１０日付与となります。 ＜選考の流れ書類選考→面接＞ 質問がない場合、ハローワークの紹介を受ければ事前連絡がなくて も応募可能です。応募希望の方は、履歴書（写真貼付）・職歴があ る方は職務経歴書・ハローワークの紹介状をお送り下さい。 書類到着後、１０営業日程度でご連絡いたします。 ＜モデル年収＞ 入社７年目－４０歳・全国社員年収１，０６０万円 入社４年目－３５歳・地域限定社員年収７４０万円 ※２０２０年度全職種平均年収６９３万円（前年比３８万円増） より労働条件の明示を受けてください。,2026年9月7日求人票（愛媛県住宅リフォーム）_1.pdf,10
住宅・リフォーム営業（提案営業）,住宅営業／タマホーム新居浜店／エリア限定社員,タマホームカブシキガイシヤ タマホーム株式会社,愛媛,木造建築工事業,〒792-0004 愛媛県新居浜市北新町５番３号 タマホーム新居浜店,197000,454000,False,True,必要な経験・知識・技能等あれば尚可 住宅営業経験、他業種での営業経験,宅地建物取引士（旧：宅地建物取引主任者）あれば尚可 普通自動車運転免許必須 （AT限定可）,,,モデルハウスに来場されたお客様へ、タマホームの住宅を提 案していただきます。一方的な飛び込み営業は禁止のため、 お客様と一緒にじっくりと「理想の家づくり」が可能！ 主な業務内容は、下記のとおりです。 ●住宅に関するご希望のヒアリング、プラン作成 ●住宅建設地の敷地調査、現地調査、役所調査 ●住宅ローンのご相談等 変更範囲：変更なし 正社員 正社員登用 正社員登用の実績（過去３年間） 就業形態派遣・請負ではない,求人に関する特記事項 ＊下記エリア内で転勤の可能性がある求人です。 四国エリア：徳島県、香川県、愛媛県、高知県 ＊賃金は経験により決定します。 ＊賞与は業績により変動いたします。 ＊応募書類は返送いたしません。 ＊有給休暇については入社時に前倒しで１０日付与となります。 ＜選考の流れ書類選考→面接＞ 質問がない場合、ハローワークの紹介を受ければ事前連絡がなくて も応募可能です。応募希望の方は、履歴書（写真貼付）・職歴があ る方は職務経歴書・ハローワークの紹介状をお送り下さい。 書類到着後、１０営業日程度でご連絡いたします。 ＜モデル年収＞ 入社７年目－４０歳・全国社員年収１，０６０万円 入社４年目－３５歳・地域限定社員年収７４０万円 ※２０２０年度全職種平均年収６９３万円（前年比３８万円増） より労働条件の明示を受けてください。,2026年9月7日求人票（愛媛県住宅リフォーム）_1.pdf,11
住宅・リフォーム営業（提案営業）,住宅営業／タマホーム新居浜店／地域限定社員,タマホームカブシキガイシヤ タマホーム株式会社,愛媛,木造建築工事業,〒792-0004 愛媛県新居浜市北新町５番３号 タマホーム新居浜店,195000,441000,False,True,必要な経験・知識・技能等あれば尚可 住宅営業経験、他業種での営業経験,宅地建物取引士（旧：宅地建物取引主任者）あれば尚可 普通自動車運転免許必須 （AT限定可）,,,モデルハウスに来場されたお客様へ、タマホームの住宅を提 案していただきます。一方的な飛び込み営業は禁止のため、 お客様と一緒にじっくりと「理想の家づくり」が可能！ 主な業務内容は、下記のとおりです。 ●住宅に関するご希望のヒアリング、プラン作成 ●住宅建設地の敷地調査、現地調査、役所調査 ●住宅ローンのご相談等 変更範囲：変更なし 正社員 正社員登用 正社員登用の実績（過去３年間） 就業形態派遣・請負ではない,求人に関する特記事項 ＊転居をしない範囲で、転勤の可能性がある求人です。 ＊賃金は経験により決定します。 ＊賞与は業績により変動いたします。 ＊応募書類は返送いたしません。 ＊有給休暇については入社時に前倒しで１０日付与となります。 ＜選考の流れ書類選考→面接＞ 質問がない場合、ハローワークの紹介を受ければ事前連絡がなくて も応募可能です。応募希望の方は、履歴書（写真貼付）・職歴があ る方は職務経歴書・ハローワークの紹介状をお送り下さい。 書類到着後、１０営業日程度でご連絡いたします。 ＜モデル年収＞ 入社７年目－４０歳・全国社員年収１，０６０万円 入社４年目－３５歳・地域限定社員年収７４０万円 ※２０２０年度全職種平均年収６９３万円（前年比３８万円増） より労働条件の明示を受けてください。,2026年9月7日求人票（愛媛県住宅リフォーム）_1.pdf,12
住宅・リフォーム営業（提案営業）,【新居浜】戸建リフォームの技術営業職★未経験者歓迎,スミトモフドウサンハウジングカブシキガイシャ 住友不動産ハウジング株式会社,愛媛,建築リフォーム工事業,〒792-0035 愛媛県新居浜市西の土居町１丁目３－１０ 住友不動産ハウジング株式会社新居浜営業所 新居浜駅から徒歩18分,271000,334000,False,True,必要な経験・知識・技能等あれば尚可 建築・住宅設計・不動産業界の経験者歓迎,一級建築士あれば尚可 二級建築士あれば尚可 木造建築士あれば尚可 １・２級建築施工管理技士（あれば尚可） 普通自動車運転免許必須 （AT限定可）,,,リフォーム界のパイオニア「新築そっくりさん」のセールスエンジ ニア（技術営業）職。 一棟まるごとの戸建リフォームの建物診断、提案、設計、契約、工 事管理、引き渡しまですべての工程をご担当いただきます。 ※集客に関しては新規飛込みはありませんが、過去に問い合わせい ただいたお客さまへのアプローチなども行っていただきます。 やりがいはどの仕事よりも大きく、お客様が感じておられる家の不 満を解消し蘇らせる「住宅再生」の総合プロデューサーです。 変更範囲：会社の定める業務 正社員 正社員登用 正社員登用の実績（過去３年間） 就業形態派遣・請負ではない,求人に関する特記事項 【賃金目安】 未経験：２９万２千円（固定給２５万円＋定額歩合給４万２千円） 経験者：３３万４千円（固定給２５万円＋定額歩合給８万４千円） 経験者は入社日から１３ヶ月間限定 ※平均年収８９８万円（２０２４年度） 成績連動型の高率歩合給制粗利益金額×１０〜３０％ ※最長６カ月にわたる充実した研修あり 集合研修やＯＪＴ制度を通じて当社業務に精通いただきます。 ※フレックスタイム制（コアタイムなし）を適用 ※マイカー通勤：可否は採用エリアにより異なる ※勤続功労株式報酬制度あり ※質問はお受け致しますが、求人条件に合致している場合は、 事前連絡せずに、そのまま書類を送付して下さい。 ※ｃ欄に記載された時間数は固定残業代の積算根拠となるもので、 実際の時間外労働の時間数の見込みや実績を示すものではありま せん。 ※賃金（ｄ）欄の続き：月額＝年俸÷１２ヶ月、にて算出 より労働条件の明示を受けてください。,2026年9月7日求人票（愛媛県住宅リフォーム）_1.pdf,13
住宅・リフォーム営業（提案営業）,【松山】戸建リフォームの技術営業職★未経験者歓迎,スミトモフドウサンハウジングカブシキガイシャ 住友不動産ハウジング株式会社,愛媛,建築リフォーム工事業,〒790-0003 愛媛県松山市三番町７丁目７ー２ 住友不動産ハウジング株式会社松山営業所 大手町駅から徒歩4分,271000,334000,False,True,必要な経験・知識・技能等あれば尚可 建築・住宅設計・不動産業界の経験者歓迎,一級建築士あれば尚可 二級建築士あれば尚可 木造建築士あれば尚可 １・２級建築施工管理技士（あれば尚可） 普通自動車運転免許必須 （AT限定可）,,,リフォーム界のパイオニア「新築そっくりさん」のセールスエンジ ニア（技術営業）職。 一棟まるごとの戸建リフォームの建物診断、提案、設計、契約、工 事管理、引き渡しまですべての工程をご担当いただきます。 ※集客に関しては新規飛込みはありませんが、過去に問い合わせい ただいたお客さまへのアプローチなども行っていただきます。 やりがいはどの仕事よりも大きく、お客様が感じておられる家の不 満を解消し蘇らせる「住宅再生」の総合プロデューサーです。 変更範囲：会社の定める業務 正社員 正社員登用 正社員登用の実績（過去３年間） 就業形態派遣・請負ではない,求人に関する特記事項 【賃金目安】 未経験：２９万２千円（固定給２５万円＋定額歩合給４万２千円） 経験者：３３万４千円（固定給２５万円＋定額歩合給８万４千円） 経験者は入社日から１３ヶ月間限定 ※平均年収８９８万円（２０２４年度） 成績連動型の高率歩合給制粗利益金額×１０〜３０％ ※最長６カ月にわたる充実した研修あり 集合研修やＯＪＴ制度を通じて当社業務に精通いただきます。 ※フレックスタイム制（コアタイムなし）を適用 ※マイカー通勤：可否は採用エリアにより異なる ※勤続功労株式報酬制度あり ※質問はお受け致しますが、求人条件に合致している場合は、 事前連絡せずに、そのまま書類を送付して下さい。 ※ｃ欄に記載された時間数は固定残業代の積算根拠となるもので、 実際の時間外労働の時間数の見込みや実績を示すものではありま せん。 ※賃金（ｄ）欄の続き：月額＝年俸÷１２ヶ月、にて算出 より労働条件の明示を受けてください。,2026年9月7日求人票（愛媛県住宅リフォーム）_1.pdf,14
＜業界外＞介護・看護・給食,調理員（サービス付高齢者住宅）,ゴウドウガイシャヒヨリ 合同会社ひより,愛媛,老人福祉・介護事業,〒798-0076 愛媛県宇和島市川内甲２５３０－１,180600,195600,True,False,必要な経験・知識・技能等不問,不不問問,,,サービス付高齢者住宅（定員１９名）における、厨房の調理に従事 していただきます。 （主な担当業務） ・調理 ・清掃、片付け等。 ＊給食調理の経験は問いません。 ＊仕事の内容に関する詳細については、面接時にご説明いたします 変更範囲：変更なし 正社員 正社員登用 正社員登用の実績（過去３年間） 就業形態派遣・請負ではない,求人に関する特記事項 ＊６ヶ月経過後の年次有給休暇は、 週所定労働日数に応じて法定どおり付与します ＊賞与は業績により付与します ＊週所定労働時間に応じて各種保険加入 ＊無料駐車場あり ＊パートタイム希望も応相談いたします ＊求人のお問い合わせ・応募のご連絡は 電話０８９５－２７－１８６６にお願いします ＊面接には、ハローワークの紹介状をお持ちください。 より労働条件の明示を受けてください。,2026年9月7日求人票（愛媛県住宅リフォーム）_1.pdf,15
建材・住宅設備の法人／ルート営業,営業職（住宅設備機器販売／松山）,カブシキカイシャハウステック 株式会社ハウステック,愛媛,他に分類されない製造業,〒790-0933 愛媛県松山市越智３－４－１８ 株式会社ハウステック松山営業所 福音寺駅から車10分,216200,366100,True,True,必要な経験・知識・技能等不問,普通自動車運転免許必須 （AT限定可）,エクセル・ワードの基本的操作スキル,,当社が製造するシステムキッチンやシステムバスなどを既存の顧客 にご紹介していただくルート営業の募集となります。 既存顧客である法人のお客様（ハウスメーカーや工務店・商社など ）と継続して信頼関係を深めていくお仕事です。 営業未経験の方でも大歓迎！ ヘルメットを被って現場に行くこともあります。 入社後はしっかりと研修を行いますので、安心してスタートできま す 【変更範囲：会社の定める範囲】 正社員 正社員登用 正社員登用の実績（過去３年間） 就業形態派遣・請負ではない,求人に関する特記事項 ＊今年度賞与は４．０か月分を予定 ＊通勤手当は通勤距離２ｋｍ以内は支給対象外となります。 ＊年収例：３０歳営業職年収３９６万円 ＊年間休日１１６日＋計画年休７日＝１２３日を年間カレンダーで 休日設定 ＊祝日は計画年休で基本お休み ＊入社時研修の他、６カ月間は指導員制度で必要なスキルを基礎か ら応用 まで手厚く指導。取引先を担当するのは１年後が目安 【１次面接はｗｅｂ面接になりますので、履歴書にメールアドレス を記入してください】 ※応募書類は基本的にメールにて送付お願いします。 ※郵送希望の場合は下記住所宛でお願いします 〒３３１－０８１２ 埼玉県さいたま市北区宮原町２－１２５－１１ 株式会社ハウステック 人事部採用人財開発課斎藤 （郵送の場合は結果送付まで大分お時間が掛かる場合がございます ） ＊応募にはハローワークの紹介状が必要となります。 より労働条件の明示を受けてください。,2026年9月7日求人票（愛媛県住宅リフォーム）_1.pdf,16
施工管理・現場監督（工務）,木造注文住宅の建築施工管理／愛媛県新居浜市,スミトモリンギヨウホームエンジニアリングカブシキガイシヤ 住友林業ホームエンジニアリング株式会社,愛媛,木造建築工事業,〒792-0002 （雇入れ直後）愛媛県新居浜市磯浦町２－１ 当社四国事業所愛媛センター （変更の範囲）会社の定める範囲（転勤有コースの場合） ＪＲ予讃線新居浜駅から車15分,269550,436575,False,True,必要な経験・知識・技能等必須 建築業界での施工管理経験,２級建築施工管理技士あれば尚可 １級建築施工管理技士あれば尚可 二級建築士あれば尚可 一級建築士 普通自動車運転免許必須 （AT限定可）,,,住友林業（株）木造注文住宅「住友林業の家」の施工管理業務 主な構法は住友林業（株）のオリジナル構法であるビックフレーム 構法でを施工しています。 お客様窓口は住友林業（株）の担当者が行うため、４大管理（安 全・品質・工程・原価）に専念して業務を行うことができます。 現場巡回時車使用 平均２０〜２５棟／年の管理を行って頂きます。 ※建築関連求人 変更範囲：会社の定める業務 正社員 正社員登用 正社員登用の実績（過去３年間） 就業形態派遣・請負ではない,求人に関する特記事項 就業場所、業務内容については当社ＨＰにてご確認ください。 先ずは書類選考を実施いたしますので履歴書、職務経歴書、ハロー ワーク紹介状を四国事業所要まで送付願います。 何か不明な点がございましたら気軽にメール（又は電話）にてお問 合せください。 質問等なければ事前連絡不要です。応募書類を就業場所宛にお送り ください。 施工管理職の昨年ベースアップ実績：５，０００円 選考場所は、場合によっては応募書類提出先の四国事業所で開催す ることもあります。 就業場所は、愛媛センターの他に住友林業松山支店（愛媛県松山市 天山２ー６ー８）に配属となる場合があります。 より労働条件の明示を受けてください。,2026年9月7日求人票（愛媛県住宅リフォーム）_1.pdf,17
施工管理・現場監督（工務）,木造注文住宅の土木（基礎工事）施工管理／愛媛県新居浜市,スミトモリンギヨウホームエンジニアリングカブシキガイシヤ 住友林業ホームエンジニアリング株式会社,愛媛,木造建築工事業,〒792-0002 （雇入れ直後）愛媛県新居浜市磯浦町２－１ 当社四国事業所愛媛センター （変更の範囲）会社の定める場所（転勤有コースの場合） ＪＲ予讃線新居浜駅から車15分,269550,436575,False,True,必要な経験・知識・技能等必須 建築業界での施工管理経験,２級建築施工管理技士あれば尚可 １級建築施工管理技士あれば尚可 二級建築士あれば尚可 ２級土木施工管理技士、１級土木施工管理技士 普通自動車運転免許必須 （AT限定可）,,,・住宅に係る基礎・改良工事の施工管理 住宅基礎、コンクリート工事を中心とした 品質、安全、工程、原価管理 ※建築関連求人 変更範囲：建築施工管理、検査、アフターメンテナンスなど 正社員 正社員登用 正社員登用の実績（過去３年間） 就業形態派遣・請負ではない,求人に関する特記事項 就業場所、業務内容については当社ＨＰにてご確認ください。 先ずは書類選考を実施いたしますので履歴書、職務経歴書、ハロー ワーク紹介状を四国事業所要まで送付願います。 何か不明な点がございましたら気軽にメール（又は電話）にてお問 合せください。 質問等なければ事前連絡不要です。応募書類を就業場所宛にお送り ください。 施工管理職の昨年ベースアップ実績：５，０００円 選考場所は、場合によっては応募書類提出先の四国事業所で開催す ることもあります。 就業場所は、愛媛センターの他に住友林業松山支店（愛媛県松山市 天山２ー６ー８）に配属となる場合があります。 より労働条件の明示を受けてください。,2026年9月7日求人票（愛媛県住宅リフォーム）_1.pdf,18
住宅・リフォーム営業（提案営業）,リフォームアドバイザー（営業・新居浜本店）,カブシキガイシヤヨシダ（リフオームヨシダ） 株式会社よしだ（リフォームよしだ）,愛媛,建築リフォーム工事業,〒792-0035 愛媛県新居浜市西の土居町１－３－４２ ＪＲ新居浜駅から車10分,210000,280000,True,True,必要な経験・知識・技能等不問,普通自動車運転免許必須 （AT限定可）,エクセル、ワードの基本操作,,店舗・イベントでお客様の悩みを伺い、解決していくお仕事です。 ※飛び込み営業はありません。 ※研修期間を含め、先輩社員が同行しますので、安心して学んでい ただくことができます。 ※担当エリアは各市ごとになります。 複数名で担当します。 リフォームのプランニング、契約業務、施工管理、アフターフォロ ー（点検）までを一貫して行います。 変更範囲：変更なし 【新居浜市働き方改革推進企業】【新居浜市ＳＤＧｓ推進企業】 正社員 正社員登用 正社員登用の実績（過去３年間） 就業形態派遣・請負ではない,求人に関する特記事項 ＊無料駐車場有り 【新居浜市働き方改革推進企業】 誰もが働きやすく活躍できる職場作りを目指し、働き方改革への取 り組みを行う新居浜市に認定された企業です。 ◆自分で主体的に仕事を組み立てることができます。 ◆事前の職場見学が可能です。 ＊未経験者歓迎。わが社の９０％は未経験者です。 ＊有給休暇を取りやすい会社です。 学校行事、家族の記念日など、お休みを協力して取っています。 ＊賞与は業績により変動します。 ＊選考方法のその他は、原稿用紙４００字１枚程度の作文（約３０ 分）と適性検査です。 より労働条件の明示を受けてください。,2026年9月7日求人票（愛媛県住宅リフォーム）_1.pdf,19
施工管理・現場監督（工務）,注文住宅の施工管理（松山市）,カブシキガイシャイチジョウコウムテン 株式会社一条工務店,愛媛,一般土木建築工事業,〒790-0942 愛媛県松山市古川北４－６－５ハイツ平成１０３ 【愛媛工事センター】,262000,472000,True,True,必要な経験・知識・技能等必須 実務経験（経験年数不問、住宅経験不問）ゼネコン経験者も歓迎。 お客様の満足に喜びを感じていただける方を歓迎します,一級建築士必須 二級建築士必須 ２級建築施工管理技士必須 ※特記事項参照 普通自動車運転免許必須 （AT限定可）,,,お客様の夢やライフスタイルに合わせて作成された設計図が、実際 の家として完成するまでの指揮監督。１現場３〜３．５ヶ月程の工 期で、年間２０〜３０棟を担当。 当社の施工管理職の一番の醍醐味は、お客様と直接やりとりし、反 応を直に感じながら、世界最高水準のハイスペック住宅を造り上げ ていけるところです。時には７〜１０の現場を同時進行させます。 的確な業務手配により、工期短縮と施工精度の向上をすることも重 要。任された現場は責任を持って、設計図通りに施工されているか 確認してください。 変更範囲：変更なし 正社員 正社員登用 正社員登用の実績（過去３年間） 就業形態派遣・請負ではない,求人に関する特記事項 【ＣＣＵＳ登録事業所】 ＊必要な免許等：一級・二級建築士または一級・二級建築施工 管理技士 ＊賞与：賞与月数１〜５ヶ月分 ＊入社後当面は転勤はありません。 ＊無料駐車場あり ＊採用ＨＰ：ｈｔｔｐ：／／ｓａｉｙｏ．ｉｃｈｉｊｏ．ｃｏ． ｊｐ／を是非ご覧ください。 ※事前に、履歴書（写貼）・職務経歴書・紹介状を本社へ郵送願い ます。面接は本社で行う場合があります（交通費弊社負担） 「応募にはハローワークの紹介状が必要です」 【オンライン自主応募可求人】オンライン自主応募の際は、「自主 応募」ボタンから応募してください。 ◆オンライン自主応募に関することは当事者間で対応してください ◆オンライン自主応募の場合、ハローワーク等の職業紹介を要件と する助成金［特定求職者雇用開発助成金・トライアル雇用助成金・ 雇用保険の再就職手当等］は対象外です！ より労働条件の明示を受けてください。,2026年9月7日求人票（愛媛県住宅リフォーム）_1.pdf,20
施工技能職（大工・内外装・基礎・足場ほか）,屋根リフォーム／未経験可,カブシキガイシャヒガキスレートマツヤマ 株式会社桧垣スレート松山,愛媛,その他の職別工事業,〒790-0054 愛媛県松山市空港通２丁目７－３１ 伊予鉄道高浜線土居田駅から徒歩8分,205000,285000,True,True,必要な経験・知識・技能等不問,中型自動車免許あれば尚可 普通自動車運転免許必須 （AT限定可）,,,・資材などの配送 ・倉庫での整理・管理 ・現場での補佐（屋根作業も有） ・３年以降は技術職のため、屋根のリフォーム・修理・ソーラパネ ル設置などの業務あり ＊エリア：愛媛県内 ＊複数人で作業するので、わからないことは頼って下さい。 ＊慣れるまでは屋根作業はなく少しずつ教えますので、未経験の方 でも安心してはじめられます。 ＊応募前見学歓迎 トライアル雇用併用求人 変更範囲：会社の定める業務 正社員 正社員登用 正社員登用の実績（過去３年間） 就業形態派遣・請負ではない,求人に関する特記事項 ＊労働基準法等法令の規定により年齢制限が設けられているため、 １８歳以上の方を募集・採用（高所作業） 〈高いところが苦手な方へ〉 実はその不安がこの仕事では一番の強みです。 ＊トライアル雇用期間中の労働条件：同条件 ＊マイカー通勤時、無料駐車場あり ＊資格支援制度あり（全額会社負担・日当支給あり） フォークリフト・中型自動車免許・建設関係の資格類 ＊面接時に、履歴書（写真貼付）・ハローワークの紹介状をお持ち ください。 ＊２０代、３０代、５０代在籍 職種を決めていない方、迷っている方、気軽にお問い合わせ下さい 。 より労働条件の明示を受けてください。,2026年9月7日求人票（愛媛県住宅リフォーム）_1.pdf,21
施工管理・現場監督（工務）,注文住宅等の施工管理スタッフ,カブシキガイシャアクティブアート 株式会社アクティブアート,愛媛,建築工事業（木造建築工事,〒790-0963 愛媛県松山市小坂３丁目４番５号,240000,380000,True,True,必要な経験・知識・技能等不問,普通自動車運転免許必須 （AT限定不可）,,,注文住宅などの新築戸建住宅をはじめ、リフォーム、店舗など、当 社が手がける建築工事の施工管理を担当します。 社用車は軽トラック 運転範囲は中予地区の現場 変更範囲：変更なし 正社員 正社員登用 正社員登用の実績（過去３年間） 就業形態派遣・請負ではない,求人に関する特記事項 ＊マイカー通勤時、無料駐車場あり ＊事前に履歴書（写真貼付）・職務経歴書・ハローワークの紹介状 を送付してください。後日、面接日等をご連絡いたします より労働条件の明示を受けてください。,2026年9月7日求人票（愛媛県住宅リフォーム）_1.pdf,22
製造・加工（プレカット／建材）,住宅用木材の機械加工・運搬業務,ランスタッドカブシキガイシャマツヤマシテン ランスタッド株式会社松山支店,愛媛,労働者派遣業,〒791-8044 愛媛県松山市西垣生町,201074,201074,False,False,必要な経験・知識・技能等必須 カウンターリフトの使用経験（１年以上）,フォークリフト運転技能者必須,,,木材の加工から運搬まで、一通りの工程をお願いします。 ◎住宅用木材加工 →６ｍ程度の直方体になった木材を、ＣＡＤの指示書通りに 機械（ほぼ自動）で加工します。 ◎加工終了後の検品、トラブル発生時の対応。 ◎加工できたものを次の部署まで運搬。 →カウンターリフトを使用します。 ※マイカー通勤可 変更範囲：変更なし 有期雇用派遣労働者 正社員登用ななしし 正社員登用の実績（過去３年間） 就業形態派遣,求人に関する特記事項 ＊無料駐車場あり ＊賞与は時給に含まれます。 ＊ハローワークの紹介状・職務経歴が分かるメモ等は弊社職員とお 会いする機会にお持ちください。 ＊就業場所の詳細については、紹介窓口にお問い合わせください。 より労働条件の明示を受けてください。,2026年9月7日求人票（愛媛県住宅リフォーム）_1.pdf,23
＜業界外＞介護・看護・給食,介護職員（住宅型有料老人ホーム）,ユウゲンガイシャエムアンドエム（フォーライフミネルワ） 有限会社Ｍ＆Ｍ（フォーライフミネルワ）,愛媛,老人福祉・介護事業,〒791-8043 愛媛県松山市東垣生町９０３－１ 住宅型有料老人ホーム,176990,199500,True,False,必要な経験・知識・技能等不問,介護福祉士必須 介護職員初任者研修修了者必須 いずれかの免許・資格所持で可,ワード、エクセルの入力程度,,住宅型有料老人ホームにて介護（訪問）業務全般に携わっていただ きます 【具体的な業務内容】 居宅清掃、洗濯、食事介助、排泄介助などを行います 変更範囲：変更なし 正社員 正社員登用 正社員登用の実績（過去３年間） 就業形態派遣・請負ではない,求人に関する特記事項 ＊無料駐車場あり ＊事前に履歴書（写真貼付）・職務経歴書・資格証のコピー・ハロ ーワークの紹介状を送付ください。書類選考後、面接日時等をご連 絡します。 より労働条件の明示を受けてください。,2026年9月7日求人票（愛媛県住宅リフォーム）_1.pdf,24
施工技能職（大工・内外装・基礎・足場ほか）,住宅基礎作業員兼廃材運搬運転手,ワールドエイトカブシキガイシャ Ｗｏｒｌｄ８株式会社,愛媛,建築工事業（木造建築工事,〒791-1125 愛媛県松山市小村町１７４－１２,180000,280000,True,False,必要な経験・知識・技能等不問,不不問問,,,住宅基礎工事、ブロック積工事、外溝工事、土木工事、左官工事、 資材や廃材の運搬（４ｔまでの）運転手 男女共に活躍しています。 未経験の方も技術指導いたしますので、安心してご応募ください。 技術試験も奨励しています。 ＊技能実習生や特定技能者が在籍しています ＊トライアル雇用併用求人 変更範囲：会社の定める業務＜急募＞ 正社員 正社員登用 正社員登用の実績（過去３年間） 就業形態請負,求人に関する特記事項 ＊マイカー通勤：可（無料駐車場あり） ＊賞与は業績及び技術の向上により支給あり ＊試用期間後、給与見直しあり ＊トライアル雇用期間中の条件：同条件 ＊面接時に履歴書（写真貼付）・ハローワークの紹介状をお持ちく ださい。 より労働条件の明示を受けてください。,2026年9月7日求人票（愛媛県住宅リフォーム）_1.pdf,25
住宅・リフォーム営業（提案営業）,戸建住宅、マンションリフォーム営業（今治店）,カブシキガイシャアドバンス 株式会社アドバンス,愛媛,一般土木建築工事業,〒799-1502 愛媛県今治市喜田村２丁目２－２０ 今治駅から車10分,270000,270000,True,True,必要な経験・知識・技能等不問,一級建築士あれば尚可 二級建築士あれば尚可 １級建築施工管理技士あれば尚可 ２級建築施工管理技士あれば尚可（以上の資格所持者優遇） 普通自動車運転免許必須 （AT限定可）,パソコン（ワード・エクセル）の基本操作,,・リフォーム営業（戸建住宅・マンション） ※訪問販売はありません。（イベント営業中心） ※自家用車持込み（ガソリン手当支給） 変更範囲：変更なし 正社員 正社員登用 正社員登用の実績（過去３年間） 就業形態派遣・請負ではない,求人に関する特記事項 ＊無料駐車場あり。 ※通勤手当は通勤距離に応じて段階的に支給額が決定します。 （上限額２５，０００円／月） ※昇給、賞与は会社の業績や個人の能力によって決定します。 （賞与は年２回） ◆書類選考があるため、事前にハローワーク紹介状、履歴書（写真 貼付）を郵送してください。後日、選考結果等を通知します。 ※ハローワーク以外の職業紹介事業者からの営業はお断りします。 より労働条件の明示を受けてください。,2026年9月7日求人票（愛媛県住宅リフォーム）_1.pdf,26
＜業界外＞介護・看護・給食,サービス付き高齢者向け住宅管理者,イリョウホウジンアイジュカイサイジョウアイジュカイビョウイン （医）愛寿会西条愛寿会病院,愛媛,病院,〒793-0035 愛媛県西条市福武字蔵ノ尾甲１６４番地１ 伊予西条駅から車10分,200000,220000,False,True,必要な経験・知識・技能等必須 介護施設業務の経験必須,看護師あれば尚可 介護福祉士あれば尚可 普通自動車運転免許必須 （AT限定可）,,,◆サービス付き高齢者向け住宅の愛あい西条において、入居者の生 活支援や管理者としての業務を行っていただきます。 ☆入居者の生活支援業務（日常生活のお手伝い、居室巡回、食事時 の出欠確認、異変時の関係各所への連絡等） ☆事務業務（来客対応、電話対応、郵便物対応、清掃等） ☆管理者業務（入居希望者への説明や見学案内、緊急時のオンコー ル対応、シフト作成等） ※詳細は面接時に説明します。 ※管理者業務の引継ぎ体制は現職員にて整えております。 変更範囲：なし 正社員 正社員登用 正社員登用の実績（過去３年間） 就業形態派遣・請負ではない,求人に関する特記事項 〜福利厚生〜 ・院内託児所あり（未就学児まで） 常勤の場合６００円／回 ・育休復帰後の短時間勤務制度あり（未就学児まで） ・特別休暇制度あり（慶弔等） ・互助会による慶弔金等あり ・永年勤続表彰あり ・全職員駐車場無料 ・住宅手当あり（該当者のみ） ・敷地内カフェ施設にて職員割引（テイクアウトあり） ・当院での診察代や薬代等実質無料（保険診療分のみ） ◇賞与は事業実績により異なりますが、２．５ヵ月分／年２回が目 安となります。 ◇書類選考はありませんが、事前に応募書類を郵送してください。 ＊オンライン自主応募可 オンライン自主応募の方は、ハローワーク紹介状は不要です より労働条件の明示を受けてください。,2026年9月7日求人票（愛媛県住宅リフォーム）_1.pdf,27
建材・住宅設備の法人／ルート営業,サッシ等住宅資材の法人営業〔経験者〕松山市／最寄：堀江駅,カブシキガイシャミライフ 株式会社みらいふ,愛媛,建築材料卸売業,〒799-2652 愛媛県松山市福角町甲５３６ 「株式会社みらいふ松山支店」 ＪＲ予讃線・堀江駅から徒歩16分,280000,300000,False,True,必要な経験・知識・技能等必須 住宅用サッシをメインとした建築資材販売の営業経験 （同業他社でのご経験）,普通自動車運転免許必須 （AT限定可）,,,◎主に支店周辺エリアの建築会社様や工務店様を訪問し、 住宅サッシをはじめとする各種住宅資材を提案・販売 していただく法人営業職の【経験者求人】です。 ・取扱商品は住宅用サッシや室内建材、エクステリア、外壁、 住宅設備機器等。取り扱えるメーカーや商材が多いため これまでのご経験を活かしつつ、お客様の希望に合わせて 幅広い切り口で提案を行うことができます。 ・商品発注や配送は兼任しませんので、営業活動に集中できます。 ※原則転勤はありません。 ＊仕事内容の変更範囲：変更なし 正社員 正社員登用 正社員登用の実績（過去３年間） 就業形態派遣・請負ではない,求人に関する特記事項 ◎普通自動車運転免許は原則として【ＡＴ限定：可】です。 ◎賃金につきましては、これまでの営業経験や能力に応じて 決定いたします。 ◎年次有給休暇付与後は半日単位での取得も可能です。 ◆事前連絡の上、履歴書・職務経歴書・紹介状を右記指定住所へ 郵送してください。 選考結果及び面接日時については、応募書類到着後１０日以内に ご連絡いたします。 より労働条件の明示を受けてください。,2026年9月7日求人票（愛媛県住宅リフォーム）_1.pdf,28
施工管理・現場監督（工務）,住宅建築の工務サポート,カブシキガイシャサカイハウス 株式会社ＳＡＫＡＩＨＯＵＳＥ,愛媛,建築リフォーム工事業,〒790-0943 愛媛県松山市古川南３丁目１６番３９号 伊予鉄松山市駅から車10分,200000,200000,True,True,必要な経験・知識・技能等不問,普通自動車運転免許必須 （AT限定可）,◎基本的ＰＣスキル（ワード・エクセル）,,新築住宅・リフォームの現場サポート 資材の準備・受け取り・簡単な管理 現場写真撮影・記録 協力業者との連絡調整 現場の清掃・片付け ※危険作業なし（高所作業・重機操作なし） 変更範囲：変更なし 正社員 正社員登用 正社員登用の実績（過去３年間） 就業形態派遣・請負ではない,求人に関する特記事項 ＊マイカー通勤：無料駐車場あり ＊事前に履歴書（写真貼付）・職務経歴書・ハローワークの紹介状 を送付してください。書類選考後、面接日等をご連絡いたします。 ＊作業着貸与 ＊簡単な作業からスタートするので、未経験の方も安心です より労働条件の明示を受けてください。,2026年9月7日求人票（愛媛県住宅リフォーム）_1.pdf,29
設備工事（配管・電気・住宅設備）,住宅設備の電気工事／メンテナンス（未経験可）,アサヒジュウカンキョウシステムズカブシキガイシャ 朝日住環境システムズ株式会社,愛媛,電気工事業,〒798-0014 愛媛県宇和島市並松２丁目３－２３,205000,400000,True,True,必要な経験・知識・技能等不問,第二種電気工事士必須 普通自動車運転免許必須 （AT限定可）,,,・エコキュート、ＩＨクッキングヒーターの設置工事。 ・太陽光、蓄電池の設置。 ・エコキュートのアフターサポート。 主にご注文いただいたエコキュートやＩＨの設置工事をお願いしま す（ひと月２０件ほど。） 入れ替え工事がない時は、お客様のアフターサポート（定期メンテ ナンスや故障時の現地確認）に携わっていただきます。 試用期間中は先輩のサポートとして作業手順を習得できますので資 格があれば未経験でもかまいません。 変更範囲：会社の定める業務 〈急募〉 正社員 正社員登用 正社員登用の実績（過去３年間） 就業形態派遣・請負ではない,求人に関する特記事項 【待遇・その他について】 ・各種社会保険完備、昇給、賞与制度あり。 ※賞与は業績による。 ・年末年始、ゴールデンウィーク、お盆は長期休暇あり。 ・マイカー通勤対応。自社無料駐車場をお使いください。 【未経験者歓迎】 ・資格があれば経験がなくても歓迎です。 安心してご応募ください。 ＊事前に履歴書（写真貼付）・職務経歴書・ハローワークの紹介状 を送付してください。書類選考後、面接日等をご連絡いたします。 （オンライン自主応募の方は、ハローワークの紹介状は不要です） より労働条件の明示を受けてください。,2026年9月7日求人票（愛媛県住宅リフォーム）_1.pdf,30
＜業界外＞介護・看護・給食,訪問介護責任者（介福）【松山市内】※サービス付高齢者住宅,カブシキガイシヤガツケンココフアン 株式会社学研ココファン,愛媛,老人福祉・介護事業,〒790-0067 愛媛県松山市大手町１－４－１ 【ココファン松山大手町】 伊予鉄高浜線大手町駅から徒歩2分,259500,273700,False,False,必要な経験・知識・技能等必須 介護実務経験３年以上,介護福祉士必須,,,・全国で約２００ヶ拠点展開している学研グループの介護 事業の会社です。 ・学研グループならではの運営ガイドライン（マニュアル） 教育研修がございます。 ・サ責が初めて、サービス付き高齢者向け住宅が初めての方も歓迎 ・スタッフ研修・育成、シフト作成、訪問介護計画の作成、 ケアマネ連携など訪問介護運営全般を担当いただき ます。 ・全６１戸、介護の必要な方が８割（平均介護度２．０）、 自立の方も２割程度お住まいです。 ・原則ご入居者へのケアの提供が主となります。 変更範囲：変更なし 正社員 正社員登用 正社員登用の実績（過去３年間） 就業形態派遣・請負ではない,求人に関する特記事項 ・キャリアアップや職種変更の希望が出せる「職務申告制度」 ・社員顕彰制度（６ヶ月に１回） ・役割面談制度（６ヶ月に１回） ・賞与は会社業績により変動するポイント制 ・学研グループ商品割引購入制度 ・学研グループ研修（介護知識・技術） ご本人の希望、志向を考慮し管理職や事業所長、本部職へのチャレ ンジなど、多様なキャリアアップの機会がございます。 ＊事前連絡の上、ハローワーク求人票・紹介状・履歴書・職務経歴 書・資格証（写）を持参して下さい。 面接は就業場所（ココファン松山大手町）で行います。 ＊入社必要書類として、身元保証書の提出をお願いしております。 より労働条件の明示を受けてください。,2026年9月7日求人票（愛媛県住宅リフォーム）_1.pdf,32
＜業界外＞介護・看護・給食,ケアリーダー（介福）【松山市内】※サービス付高齢者住宅,カブシキガイシヤガツケンココフアン 株式会社学研ココファン,愛媛,老人福祉・介護事業,〒790-0067 愛媛県松山市大手町１－４－１ 【ココファン松山大手町】 伊予鉄高浜線大手町駅から徒歩2分,231400,247600,False,False,必要な経験・知識・技能等必須 介護実務経験１年以上,介護福祉士必須,,,・全国で約２００ヶ拠点展開している学研グループの介護 事業の会社です。 ・学研グループならではの運営ガイドライン（マニュアル） 教育研修がございます。 ・リーダー職やサービス付高齢者向け住宅が初めての方も歓迎です ・ケア提供、スタッフ研修・育成・同行指導、責任者の フォロー、ご家族連絡などケア提供全般を中心で担当 いただきます。 ・全６１戸、介護の必要な方が８割（平均介護度２．０）、 自立の方も２割程度お住まいです。 ・原則ご入居されている方への訪問介護の提供が主です。 変更範囲：変更なし 正社員 正社員登用 正社員登用の実績（過去３年間） 就業形態派遣・請負ではない,求人に関する特記事項 ・キャリアアップや職種変更の希望が出せる「職務申告制度」 ・社員顕彰制度（６ヶ月に１回） ・役割面談制度（６ヶ月に１回） ・賞与は会社業績により変動するポイント制 ・学研グループ商品割引購入制度 ・学研グループ研修（介護知識・技術） ご本人の希望、志向を考慮し、サービス提供責任者や、ケアマネ、 他のサービス、管理職や事業所長、本部職へのチャレンジなど、多 様なキャリアアップの機会がございます。 ＊事前連絡の上、ハローワーク求人票・紹介状・履歴書・職務経歴 書・資格証（写）を持参して下さい。 面接は就業場所（ココファン松山大手町）で行います。 ＊入社必要書類として、身元保証書の提出をお願いしております。 より労働条件の明示を受けてください。,2026年9月7日求人票（愛媛県住宅リフォーム）_1.pdf,33
＜業界外＞介護・看護・給食,ケアスタッフ（介福）【松山市内】※サービス付高齢者住宅,カブシキガイシヤガツケンココフアン 株式会社学研ココファン,愛媛,老人福祉・介護事業,〒790-0067 愛媛県松山市大手町１－４－１ 【ココファン松山大手町】 伊予鉄高浜線大手町駅から徒歩2分,219400,238600,False,False,必要な経験・知識・技能等必須 介護実務経験１年以上,介護福祉士必須,,,・全国で約２００ヶ拠点展開している学研グループの介護 事業の会社です。 ・学研グループならではの運営ガイドライン（マニュアル） 教育研修がございます。 ・サービス付き高齢者向け住宅が初めての方も歓迎です。 ・ケア提供（入浴、排泄、食事、移動支援、生活援助、アク ティビティ、行事、各種記録）などケア提供全般を担当 いただきます。 ・全６１戸、介護の必要な方が８割（平均介護度２．０）、 自立の方も２割程度お住まいです。 ・原則ご入居されている方への訪問介護の提供が主です。 変更範囲：変更なし 正社員 正社員登用 正社員登用の実績（過去３年間） 就業形態派遣・請負ではない,求人に関する特記事項 ・キャリアアップや職種変更の希望が出せる「職務申告制度」 ・社員顕彰制度（６ヶ月に１回） ・役割面談制度（６ヶ月に１回） ・賞与は会社業績により変動するポイント制 ・学研グループ商品割引購入制度 ・学研グループ研修（介護知識・技術） ご本人の希望、志向を考慮し、サービス提供責任者や、ケアマネ、 他のサービス、管理職や事業所長、本部職へのチャレンジなど、多 様なキャリアアップの機会がございます。 ＊事前連絡の上、ハローワーク求人票・紹介状・履歴書・職務経歴 書・資格証（写）を持参して下さい。 面接は就業場所（ココファン松山大手町）で行います。 ＊入社必要書類として、身元保証書の提出をお願いしております。 より労働条件の明示を受けてください。,2026年9月7日求人票（愛媛県住宅リフォーム）_1.pdf,34
＜業界外＞介護・看護・給食,介護員（サービス付き高齢者住宅）,カブシキガイシャヒロシマヤ 株式会社廣島屋,愛媛,老人福祉・介護事業,〒799-0721 愛媛県四国中央市土居町上野乙１５６番地２ （サービス付き高齢者住宅愛） ＪＲ予讃線関川駅から徒歩29分,192000,270000,False,True,必要な経験・知識・技能等あれば尚可 介護施設での業務経験,介護職員初任者研修修了者必須 ホームヘルパー２級必須 介護福祉士必須 介護福祉士をお持ちの方は優遇します。 いずれかの免許・資格所持で可 普通自動車運転免許必須 （AT限定可）,,,◆サービス付き高齢者住宅において、入所者の食事・排泄・入浴等 の生活支援全般を行っていただきます。 ◆夜勤業務あり。 ◎新居浜ＩＣより車で約１０分のところに立地しています。 変更範囲：変更なし ＃土居 正社員 正社員登用 正社員登用の実績（過去３年間） 就業形態派遣・請負ではない,求人に関する特記事項 ◆〈応募方法〉面接時に応募書類を持参してください。 （オンライン自主応募の場合は、ハローワークの紹介状は不要） 【事業所メッセージ】 ・結婚・出産後も安心して働けます。 ＜産休育休取得中の方１名＞ ・お子様ご家族の急な体調不良、介護等での急なお休みも気兼ねな く気持ちよくお休み出来る環境です。 ＜みんなで助け合う職場です＞ 有給休暇取得推進しており気兼ねなく休めます。 夜勤回数は相談の上決定します。（１回６０００円） 定年後も今までと同じ雇用条件（給与・昇給・賞与等）で勤務出来 ます。 より労働条件の明示を受けてください。,2026年9月7日求人票（愛媛県住宅リフォーム）_1.pdf,35
設備工事（配管・電気・住宅設備）,住宅設備機器取付工事,カブシキガイシャシンワコーポレーション 株式会社シンワコーポレーション,愛媛,機械器具小売業（自動車，,〒791-8016 愛媛県松山市久万ノ台１１５３番地 衣山駅から徒歩8分,270000,350000,True,True,必要な経験・知識・技能等不問,第二種電気工事士あれば尚可 電気工事士有資格者優遇 普通自動車運転免許必須 （AT限定不可）,,,住宅用太陽光発電システムの設置及び電気工事を行っていただきま す。 未経験者の方は、機材の搬入・作業現場への運転等補助的な業務を していただき、電気工事士の有資格者の方は工事業務が主となりま す。 ＊エリアは愛媛県内です。 変更範囲：会社の定める業務 正社員 正社員登用 正社員登用の実績（過去３年間） 就業形態派遣・請負ではない,求人に関する特記事項 ＊法令等の規定により年齢制限が設けられているため１８歳以上を 募集・採用（高所作業） ＊面接時に履歴書（写真貼付）・ハローワークの紹介状をお持ちく ださい。 より労働条件の明示を受けてください。,2026年9月7日求人票（愛媛県住宅リフォーム）_1.pdf,36
住宅・リフォーム営業（提案営業）,営業職（戸建販売・中古住宅売買・土地売買）,カブシキガイシャセイコーフドウサンシコクチュウオウテン 株式会社セイコー不動産四国中央店,愛媛,建物売買業，土地売買業,〒799-0113 愛媛県四国中央市妻鳥町１２１７－１ ＪＲ予讃線川之江駅から徒歩36分,270000,270000,True,True,必要な経験・知識・技能等不問,宅地建物取引士（旧：宅地建物取引主任者）あれば尚可 ２級ファイナンシャル・プランニング技能士あれば尚可 普通自動車運転免許必須 （AT限定可）,パソコン（ワード・エクセル）の基本操作,,◆不動産（戸建新築・中古住宅売買・土地買取）の営業 ◎専門知識は必要ありません。 ◎訪問販売なし（来店・イベント中心） ◎自家用車持ち込み可能な方 ＃三島 変更範囲：変更なし 正社員 正社員登用 正社員登用の実績（過去３年間） 就業形態派遣・請負ではない,求人に関する特記事項 ＊賞与は、採用後１年間経過後が対象になります。 ＊通勤手当は２キロメートル以上の場合支給 ＊マイカー通勤可：無料駐車場あり ◆書類選考があるため、 事前にハローワーク紹介状・履歴書（写真貼付）・職務経歴書を郵 送して下さい。 後日、選考結果等を通知します。 ※ハローワーク以外の職業紹介事業者からの営業はお断りします。 より労働条件の明示を受けてください。,2026年9月7日求人票（愛媛県住宅リフォーム）_1.pdf,37
施工技能職（大工・内外装・基礎・足場ほか）,住宅基礎工、型枠工、左官工,カブシキガイシャウェルワークス 株式会社ウェルワークス,愛媛,大工工事業,〒791-0311 愛媛県東温市則之内甲２７０２番地１,241000,361500,True,True,必要な経験・知識・技能等不問,普通自動車運転免許必須 （AT限定可）,,,住宅基礎工事一式 建築土木型枠工事一式 外構工事一式 変更範囲：変更なし 正社員 正社員登用 正社員登用の実績（過去３年間） 就業形態派遣・請負ではない,求人に関する特記事項 ＊面接時に履歴書（写真貼付）・ハローワークの紹介状をご持参し てください （オンライン自主応募の方は、ハローワークの紹介状は不要です） より労働条件の明示を受けてください。,2026年9月7日求人票（愛媛県住宅リフォーム）_1.pdf,38
メンテナンス・アフターサービス・点検,住宅検査員／愛媛県松山市,,愛媛,土木建築サービス業,〒 愛媛県松山市,220000,358000,True,True,必要な経験・知識・技能等不問,二級建築士必須 一級建築士あれば尚可 適合判定資格、宅地建物取引士あれば尚可 普通自動車運転免許必須 （AT限定可）,パソコンの基本操作（エクセル・ワード・メール）,,・チェックリストに基づいた基礎配筋、躯体、防水などの検査、点 検業務 ・事業者様向け説明会、勉強会講師 ・宅建業法に関わる既存住宅状況調査技術者としての調査ほか ・主に県内の建築現場で検査及び事業者様フォローを行っていただ きます。 ＊変更範囲：会社で定める業務 正社員 正社員登用 正社員登用の実績（過去３年間） 就業形態派遣・請負ではない,求人に関する特記事項 ・マイカー通勤について条件有 ・二級建築士以上必須 【応募書類のつづき】 ・職歴ある方は職務経歴書 ・建築士免許のコピー ＊質問なければ事前連絡なくても応募書類を郵送又はメールにて送 付して下さい。 ＊一次面接は現地・二次面接は本社で行う予定です。 ＊リモート面接も調整可能です。 ＊応募にはハローワークの紹介状が必要となります。 より労働条件の明示を受けてください。,2026年9月7日求人票（愛媛県住宅リフォーム）_1.pdf,39
設備工事（配管・電気・住宅設備）,住宅設備の工事スタッフ／未経験者歓迎,カブシキカイシャリランス 株式会社Ｒｅｌａｎｃｅ,愛媛,建築材料卸売業,〒790-0051 愛媛県松山市生石町５９５－３ 土居田駅から徒歩13分,250000,500000,False,True,必要な経験・知識・技能等あれば尚可 第二種電気工事士 給水装置工事主任技術者,普通自動車運転免許必須 （AT限定不可）,,,エコキュートを中心とした住宅設備機器の設置・交換工事を行って いただきます。 主な仕事内容は、 ・エコキュートの交換・設置工事 ・給湯器の交換工事 ・配管、電気工事の補助 ・商品の搬入、撤去 ・その他住宅設備に関する工事 などです。 最初から難しい作業をお任せすることはありません。 ＊トライアル雇用併用求人変更範囲：変更なし 正社員 正社員登用 正社員登用の実績（過去３年間） 就業形態派遣・請負ではない,求人に関する特記事項 ＊トライアル雇用期間中：同条件 ＊マイカー通勤時、無料駐車場あり ＊面接時に、履歴書（写真貼付）・ハローワークの紹介状をお持ち ください。 （オンライン自主応募の方はハローワーク紹介状不要です） より労働条件の明示を受けてください。,2026年9月7日求人票（愛媛県住宅リフォーム）_1.pdf,40
＜業界外＞介護・看護・給食,サービス付き高齢者向け住宅しまなみ介護スタッフ,イリョウホウジンゼセイカイショウカキカクボビョウイン 医療法人是成会消化器科久保病院,愛媛,病院,〒799-2116 愛媛県今治市内堀１丁目１－２ 『サービス付き高齢者住宅しまなみ』 波止浜駅から徒歩5分,197500,230000,False,False,必要な経験・知識・技能等あれば尚可 介護福祉士優遇,介護福祉士あれば尚可 介護職員初任者研修修了者必須 いずれかの免許・資格所持で可,,,【見学歓迎・時短勤務可】子育て世代やブランクのある方も安心！ 月９日休（希望休３日＋他６日も相談可）でプライベートの両立！ ご利用者さまのお部屋を訪問して、定期巡回・随時対応型訪問介 護看護サービスを提供します。 ※主に身体介護や生活支援を行います。 《当事業所の魅力・働きやすさ》 ◆柔軟な働き方を応援 子育て世代の時短勤務のご相談や、ブランクがある方の復職も歓迎 ・サポートします。 ◆応募前の職場見学ＯＫ 「まずは職場の雰囲気を見てみたい」という方も大歓迎です。 ※変更の範囲：変更なし 正社員 正社員登用 正社員登用の実績（過去３年間） 就業形態派遣・請負ではない,求人に関する特記事項 介護スタッフとして充実した時間を過ごしませんか？ ◆プライベート充実のシフト 月９日のお休みのうち、３日は「希望休」を指定可！残りの６日に ついても可能な限り相談に応じます。 ◆長期休暇制度 年に１度利用できる長期休暇制度があります。最長１０日間利用で きます。仕事とプライベートの両立を目指しています。 ◆スキルアップ支援 社会福祉協議会の研修など、外部研修の参加費用は事業所が全額負 担いたします。 ◆応募前の職場見学ＯＫ 「まずは職場の雰囲気を見てみたい」という方も大歓迎です。 より労働条件の明示を受けてください。,2026年9月7日求人票（愛媛県住宅リフォーム）_1.pdf,41
＜業界外＞介護・看護・給食,正看護師（サービス付き高齢者向け住宅しまなみ）,イリョウホウジンゼセイカイショウカキカクボビョウイン 医療法人是成会消化器科久保病院,愛媛,病院,〒799-2116 愛媛県今治市内堀１丁目１－１７ 「サービス付き高齢者住宅しまなみ」 波止浜駅から徒歩3分,327500,395000,True,True,必要な経験・知識・技能等不問,看護師必須 普通自動車運転免許必須 （AT限定可）,,,＊サービス付き高齢者向け住宅しまなみの入居者さんに対し、定期 巡回・随時対応型訪問介護看護サービスを提供します。 健康管理や薬の配薬などを行います。 ◆夜勤できる方、優遇します！ ◆オンコール対応 ＊変更範囲：変更なし 正社員 正社員登用 正社員登用の実績（過去３年間） 就業形態派遣・請負ではない,求人に関する特記事項 ＊昇給・賞与については、会社業績及び本人の能力・実績により 支給します。（数字は前年度実績です。） ＊マイカー通勤について：無料駐車場あり ＊支度金制度あり ※ハローワークからの紹介状は必ずお持ちください。 より労働条件の明示を受けてください。,2026年9月7日求人票（愛媛県住宅リフォーム）_1.pdf,42
メンテナンス・アフターサービス・点検,住宅点検スタッフ／松山市,,愛媛,その他の修理業,〒 愛媛県松山市,204000,204000,True,True,必要な経験・知識・技能等不問,普通自動車免許（ＡＴ限定可） 普通自動車運転免許必須 （AT限定可）,ＰＣの基本的な操作ができる（入力、写真貼付、メール）,,予めコールセンターにて日程調整されたお宅へ訪問し、 ご自宅に長く快適に住み続けていただくための住宅点検を行うお仕 事です。 仕事の流れ：お客様宅へ訪問、各種点検、簡易是正等を行い、 最後に報告書を入力し終了となります。 充実した研修制度（１〜２ヶ月）があります。 座学、先輩との現場同行、実技研修とカリキュラムを組んでいます ので未経験の方でも安心していただけます。 住宅関連のお仕事というと男性をイメージされることが多いですが 、当社が担当する点検作業は力仕事はありませんので、男性も女性 も活躍中です。変更範囲：変更なし 正社員以外 正社員以外の名称契約社員 正社員登用あありり 正社員登用の実績（過去３年間） 年間１０人〜２０人 就業形態派遣・請負ではない,求人に関する特記事項 ＊社員登用制度あり ＊リフレッシュ休暇あり ＊質問等ない場合は事前電話連絡不要ですので書類をお送りくださ い。 書類到着後、追って選考結果を通知いたします。 ＊マイカー利用の場合社内規定に基づきます。 （車種、保険、燃料費など） ＊駐車場は無料です。 ＊雇止め規定有り。 より労働条件の明示を受けてください。,2026年9月7日求人票（愛媛県住宅リフォーム）_1.pdf,43
メンテナンス・アフターサービス・点検,住宅補修（リペア）スタッフ／松山市,カブシキガイシャバーンリペア 株式会社バーンリペア,愛媛,その他の修理業,〒790-0038 愛媛県松山市和泉北３－１２－１０ 当社四国センター 伊予鉄道群中線土居田駅から徒歩16分,184500,256250,True,True,必要な経験・知識・技能等不問,ＡＴ限定可 普通自動車運転免許必須 （AT限定可）,,,予めコールセンターにてスケジュール調整された予定に沿って、お 宅に訪問し、傷の修復などを行います。 住宅の床やサッシ、壁等についてしまった傷やへこみなど、完全に 修理すると何日もかかってしまい、費用も高額になってしまいます 。そんな時に要請されるのが、私たちバーンリペアです。傷の具合 を確認し、不具合箇所を整形、着色、艶調整を行うと数時間で元通 りになります。 ※２ヶ月程度の充実した研修がありますので、未経験の方でも安心 して業務を覚えて頂きます。 変更範囲：変更なし 正社員以外 正社員以外の名称契約社員 正社員登用あありり 正社員登用の実績（過去３年間） 年間１０人〜２０人 就業形態派遣・請負ではない,求人に関する特記事項 ＊社員登用制度あり ＊リフレッシュ休暇あり ＊マイカー利用の場合社内規定に基づきます。（車種、保険、燃料 費など） ＊駐車場は無料です。 ＊ご質問等がない場合は事前に電話連絡不要です。応募書類を送付 して下さい。 書類到着後、追って選考結果を通知いたします。 より労働条件の明示を受けてください。,2026年9月7日求人票（愛媛県住宅リフォーム）_1.pdf,44
＜業界外＞介護・看護・給食,介護職員（住宅型有料老人ホーム）,,愛媛,老人福祉・介護事業,〒 愛媛県松山市,175000,185000,False,False,必要な経験・知識・技能等あれば尚可 夜勤経験,不不問問,,,住宅型有料老人ホーム（２４室）「気楽の家」で、介護のプロとし て利用者様が快適な生活を送れる様、サポートしていきます。 ＊外出用務（買い物程度）は社用車を使用します。 ＜急募＞ 変更の範囲：変更なし 正社員 正社員登用 正社員登用の実績（過去３年間） 就業形態派遣・請負ではない,求人に関する特記事項 ＊無料駐車場あり ＊昇給・賞与は会社・本人の業績によります。 ＊資格のない方は資格取得のための支援をします。 ＊面接時に履歴書（写真貼付）・ハローワークの紹介状をお持ちく ださい。 【職業訓練修了者歓迎求人】 より労働条件の明示を受けてください。,2026年9月7日求人票（愛媛県住宅リフォーム）_1.pdf,45
住宅・リフォーム営業（提案営業）,リフォーム販売員,カブシキガイシャアドバンスシコクチュウオウテン 株式会社アドバンス四国中央店,愛媛,一般土木建築工事業,〒799-0113 愛媛県四国中央市妻鳥町１２１７ー１ ＪＲ予讃線川之江駅から徒歩36分,270000,270000,True,True,必要な経験・知識・技能等不問,普通自動車運転免許必須 （AT限定可）,パソコン（ワード・エクセル）の基本操作,,◆リフォーム（お客様のニーズにあわせたリフォームの提案等をし て頂きます）の営業 ※専門知識は必要ありません ※販売エリアは四国中央市内です ＊訪問販売なし（来店・イベント中心） ◎自家用車持込み可能な方 変更範囲：変更なし＃三島 正社員 正社員登用 正社員登用の実績（過去３年間） 就業形態派遣・請負ではない,求人に関する特記事項 ◎賞与は、採用後１年間経過後が対象になります。 ＊通勤手当は２キロメートル以上の場合支給 ＊マイカー通勤可：無料駐車場あり ◆書類選考があるため、事前にハローワーク紹介状・履歴書（写真 貼付）・職務経歴書を郵送して下さい。 後日、選考結果等を通知します。 ※ハローワーク以外の職業紹介事業者からの営業はお断りします。 より労働条件の明示を受けてください。,2026年9月7日求人票（愛媛県住宅リフォーム）_1.pdf,46
＜業界外＞介護・看護・給食,住宅型有料老人ホーム介護職員（夜勤なし）,カブシキガイシャサクラ 株式会社さくら,愛媛,老人福祉・介護事業,〒797-0023 愛媛県西予市宇和町山田１５５８番地 ＪＲ予讃線伊予石城駅から車5分,191000,196000,True,False,必要な経験・知識・技能等不問,介護職員初任者研修修了者必須 ホームヘルパー２級必須 介護福祉士あれば尚可 いずれかの免許・資格所持で可,不問,,○介護業務全般に従事していただきます。 ○住宅型有料老人ホームにおいて、食事・排せつ・身体介護等の 介護業務全般を行います。 ＊未経験者については、社内研修で対応いたします。 未経験の方、多数働いております。 お気軽にご応募ください。 変更範囲：変更なし 正社員 正社員登用 正社員登用の実績（過去３年間） 就業形態派遣・請負ではない,求人に関する特記事項 ●トライアル雇用併用求人（期間中：同条件） （トライアルの場合は書類選考なし） ＊マイカー通勤について：無料駐車場あり ＊昇給について：前年度実績３，０００円〜１０，０００円／月 ※就職祝い金１００，０００円有 ＊面接をご希望の方は、事前にハローワークの紹介状・履歴書（写 真貼付）を郵送又は持参ください。 書類選考後面接日時等をご連絡いたします。 より労働条件の明示を受けてください。,2026年9月7日求人票（愛媛県住宅リフォーム）_1.pdf,47
設備工事（配管・電気・住宅設備）,住宅設備取付施工員,オオイコーポレーションカブシキガイシャ オオイコーポレーション株式会社,愛媛,その他の職別工事業,〒799-2653 愛媛県松山市権現町６７５番地１１,184800,415800,True,False,必要な経験・知識・技能等不問,普通自動車運転免許あれば尚可（AT限定可）,,,ユニットバス及びシステムキッチンの取付 ＜急募＞ ＊トライアル雇用併用求人 変更範囲：会社の定める業務 正社員 正社員登用 正社員登用の実績（過去３年間） 就業形態派遣・請負ではない,求人に関する特記事項 トライアル期間中の労働条件：日給８，０００円〜 ＊マイカー通勤時、無料駐車場あり ＊事前に履歴書（写真貼付）・ハローワークの紹介状を送付してく ださい。書類選考後、面接日時等を連絡いたします。 オンライン自主応募の場合は紹介状不要です トライアル雇用の応募者は、面接による選考を行います より労働条件の明示を受けてください。,2026年9月7日求人票（愛媛県住宅リフォーム）_1.pdf,48
事務・営業事務・広報,事務職員（ココロココ四国中央）住宅型有料老人ホーム,カブシキガイシャココロココ 株式会社ココロココ,愛媛,老人福祉・介護事業,〒799-0411 愛媛県四国中央市下柏町６６１－１ ＪＲ予讃線伊予三島駅から徒歩37分,180000,190000,False,False,必要な経験・知識・技能等あれば尚可 事務経験,普通自動車運転免許あれば尚可（AT限定可）,ワード、エクセル初級程度,,◆住宅型有料老人ホームにおいて、介護施設の事務員として事務作 業全般を行ってもらいます。事務作業（請求業務、書類整備、買い 物代行、施設物品管理など） ★年間休日１２０！！ ★福利厚生１００項目！！ ★働き方相談！！ ※会社説明会や施設見学も随時受付中です。 ＃三島 変更範囲：変更無し 正社員 正社員登用 正社員登用の実績（過去３年間） 就業形態派遣・請負ではない,求人に関する特記事項 ★ココロココの福利厚生のご紹介★ 〇社内喫食制度（社食１５０円） 〇通勤手当（上限２５，０００円） 〇決算賞与あり 〇年末年始手当 〇各種保険完備 〇有給休暇あり 〇誕生日お祝い金 〇転勤に伴う各種手当制度 〇インフルエンザ予防接種代負担 〇制服の支給 等全１００項目！！ ◆＜応募方法＞事前に必要書類を郵送してください。 応募後の流れ：応募→書類選考→面接の流れになります。 （オンライン自主応募の場合は、ハローワークの紹介状は不要） ※応募前に随時、会社説明会・施設見学を実施しておりますので お気軽にお問い合わせください！ より労働条件の明示を受けてください。,2026年9月7日求人票（愛媛県住宅リフォーム）_1.pdf,49
住宅・リフォーム営業（提案営業）,住宅営業＊急募＊,,愛媛,建築工事業（木造建築工事,〒 愛媛県今治市(cid:0),312143,380000,True,True,必要な経験・知識・技能等不問,一級建築士あれば尚可 二級建築士あれば尚可 宅地建物取引士（旧：宅地建物取引主任者）あれば尚可 普通自動車運転免許必須 （AT限定可）,,,＊見学会などのイベント時に来場されたお客様への応対や 顧客名簿からの営業活動を行います。 ※飛び込み営業などはありません。 ※営業経験のある方優遇 ※未経験者でもＯＪＴ指導あります。 ※変更の範囲：変更なし 正社員 正社員登用 正社員登用の実績（過去３年間） 就業形態派遣・請負ではない,求人に関する特記事項 ＊昇給・賞与は前年度実績です。 ＊能力に応じて評価していきます。 ＊給与については経験、能力により優遇あり ＊マイカー通勤について：無料駐車場あり ※面接は複数回行う可能性があります。 ※面接時にはハローワークの紹介状を必ず持参下さい。 より労働条件の明示を受けてください。,2026年9月7日求人票（愛媛県住宅リフォーム）_1.pdf,50
施工管理・現場監督（工務）,リフォームアドバイザー（現場管理、見積り積算等）,シコクタケバヤシトソウコウギョウカブシキガイシャ 四国竹林塗装工業株式会社,愛媛,塗装工事業,〒792-0893 愛媛県新居浜市多喜浜６丁目１１－６４ ＪＲ多喜浜駅から車5分,231746,405550,False,True,必要な経験・知識・技能等あれば尚可 ※業務経験者は優遇しますが、未経験者の応募大歓迎です。,普通自動車運転免許必須 （AT限定可）,パソコン（Ｅｘｃｅｌが使える方）,,当社は、工場、大手建設業者に付帯する塗装、又マンション住宅等 の塗装工事を行っています。 リフォームアドバイザーは、主に戸建て住宅の塗装工事に関する管 理業務を担当していただきます。飛び込み営業やテレアポは一切な く、お問い合わせいただいたお客様へのご提案が中心となります。 ※業務に必要な資格は会社負担で取得可能。 ＜トライアル雇用併用求人＞変更範囲：会社の定める業務 【新居浜市働き方改革推進企業】【新居浜市ＳＤＧｓ推進企業】 【ひめボス宣言事業所認定企業】【健康経営優良法人認定企業】 正社員 正社員登用 正社員登用の実績（過去３年間） 就業形態派遣・請負ではない,求人に関する特記事項 ○家族手当以下の扶養者がある世帯主に支給 ・配偶者５０００円 ・第１子５０００円、第２子１００００円 第３子以降１５０００円（人数制限なし） （１８歳未満に限る・大学等在籍の場合は２２歳まで） ○住宅手当ローン返済月額の３０％・上限２万円 （控除期間に限る） ○資格手当資格につき２千円から２万円支給 ○通勤手当あり（通勤距離による） ○無料駐車場あり ○労災等災害総合保険・団体がん保険・就労不能保険 （すべて会社負担で加入） ○Ｎｅｔｆｌｉｘ無料視聴 （福利厚生サービス「ベネフィット・ワン」の一部） ※トライアル期間中の条件（固定残業手当なし） ◆面接には、ハローワーク紹介状（オンライン自主応募者は不要） 、履歴書（写真貼付）をお持ちください。 より労働条件の明示を受けてください。,2026年9月7日求人票（愛媛県住宅リフォーム）_2.pdf,1
施工技能職（大工・内外装・基礎・足場ほか）,新築戸建て住宅基礎工事一式（契約社員）（愛媛県）,カブシキガイシャイチジョウコウムテン 株式会社一条工務店,愛媛,一般土木建築工事業,〒791-3152 愛媛県伊予郡松前町大字永田５２５【松前東展示場】 愛媛県松山市古川北４丁目６－５ハイツ平成１０３ 【愛媛工事センター】,270000,300000,True,True,必要な経験・知識・技能等必須 【必須経験】 住宅基礎工事経験（５年以上）※経験年数応相談 車両系建設機械（整地）経験（年数不問）,車両系建設機械（整地・運搬・積込用及び掘削用）運転技能者あれば尚可 ※求人に関する特記事項参照 普通自動車運転免許必須 （AT限定可）,,,当社新築戸建住宅の基礎施工。 一年を通じて同県内で安定した仕事が出来ます。 （作業着貸与） （車両系建設機械の資格がない場合は入社後に取得して いただきます。） 面接は最寄りの事業所等で行うか、遠方の場合は交通費を当社負担 にて実施いたします。 愛媛県内の当社事業所を配属先とし、その周辺の建築現場 変更範囲：変更なし 正社員以外 正社員以外の名称契約社員 正社員登用ななしし 正社員登用の実績（過去３年間） 就業形態派遣・請負ではない,求人に関する特記事項 【ＣＣＵＳ登録事業所】 【必須資格】 普通自動車運転免許 （車両系建設機械がない場合は入社後に取得していただきます。） ※以下は、賃金（ｄ）欄の続き 固定残業手当３００００円は、時間外労働の有無にかかわらず、 １２．６４〜１４．０４時間相当の手当として支給し、それを超え た分は追加支給します。 但し研修期間中かつ時間外労働が発生しない月は支給されません。 ＊基本給が３０万円の場合：１２．６４時間 ２７万円の場合：１４．０４時間 「応募にはハローワークの紹介状が必要です」 【オンライン自主応募可求人】オンライン自主応募の際は、「自主 応募」ボタンから応募してください。 ◆オンライン自主応募に関することは当事者間で対応してください ◆オンライン自主応募の場合、ハローワーク等の職業紹介を要件と する助成金［特定求職者雇用開発助成金・トライアル雇用助成金・ 雇用保険の再就職手当等］は対象外です！ より労働条件の明示を受けてください。,2026年9月7日求人票（愛媛県住宅リフォーム）_2.pdf,2
＜業界外＞介護・看護・給食,介護職員「住宅型有料老人ホームフリージア」,カブシキガイシャユウユウシャ 株式会社悠遊社,愛媛,老人福祉・介護事業,〒791-8032 愛媛県松山市南斎院町９３５番地１ 有料老人ホームフリージア ＪＲ松山駅から車10分,185300,219300,True,False,必要な経験・知識・技能等不問,介護職員初任者研修修了者必須 ホームヘルパー２級必須 介護福祉士あれば尚可 いずれかの免許・資格所持で可 普通自動車運転免許あれば尚可（AT限定可）,,,「住宅型有料老人ホームフリージア」に入居されている ご利用者様に対する必要な介護サービスを提供いただきます。 ・生活支援（掃除、洗濯） ・身体介護支援（入浴、排泄、食事等） 変更範囲：変更なし 正社員 正社員登用 正社員登用の実績（過去３年間） 就業形態派遣・請負ではない,求人に関する特記事項 ＊無料駐車場あり ＊通勤手当：直線距離に応じて支給（会社規定あり） ＊初回の賞与は入社後の経過期間による ＊転勤の場合は本人の意志を尊重します。 ＊面接時に履歴書（写真貼付）・ハローワークの紹介状をお持ちく ださい。 ＊まずはご見学からも大歓迎です。ぜひ一度ご連絡ください！ より労働条件の明示を受けてください。,2026年9月7日求人票（愛媛県住宅リフォーム）_2.pdf,3
＜業界外＞介護・看護・給食,介護職員「サービス付き高齢者向け住宅ゆうゆう南斎院」,カブシキガイシャユウユウシャ 株式会社悠遊社,愛媛,老人福祉・介護事業,〒791-8032 愛媛県松山市南斎院町９３５番地１ サービス付き高齢者向け住宅ゆうゆう南斎院,185300,219300,True,False,必要な経験・知識・技能等不問,介護職員初任者研修修了者必須 ホームヘルパー２級必須 介護福祉士あれば尚可 いずれかの免許・資格所持で可 普通自動車運転免許あれば尚可（AT限定可）,,,「サービス付き高齢者向け住宅ゆうゆう南斎院」に入居されている ご利用者様に対する必要な介護サービスを提供いただきます。 ・生活支援（掃除、洗濯） ・身体介護支援（入浴、排泄、食事等） 変更範囲：変更なし 正社員 正社員登用 正社員登用の実績（過去３年間） 就業形態派遣・請負ではない,求人に関する特記事項 ＊無料駐車場あり ＊通勤手当：直線距離に応じて支給（会社規定あり） ＊初回の賞与は入社後の経過期間による ＊転勤の場合は本人の意志を尊重します。 ＊面接時に履歴書（写真貼付）・ハローワークの紹介状をお持ちく ださい。 ＊まずはご見学からも大歓迎です。ぜひ一度ご連絡ください！ より労働条件の明示を受けてください。,2026年9月7日求人票（愛媛県住宅リフォーム）_2.pdf,4
施工技能職（大工・内外装・基礎・足場ほか）,◆未経験者積極採用中◆住宅足場工事の現場作業スタッフ,ユウゲンガイシヤエイシンライフ 有限会社エイシンライフ,愛媛,板金・金物工事業,〒799-2662 愛媛県松山市太山寺町１００１－１,260000,440000,True,True,必要な経験・知識・技能等不問,中型自動車免許あれば尚可 ３ｔ平車の運転ができる方は尚可 普通自動車運転免許必須 （AT限定不可）,,,当社では、住宅の外壁や屋根の施工現場の為の足場設置を担当する 現場作業員を募集しています。未経験者の採用も積極的に行ってい ます。入社後は先輩社員がイチから丁寧にお教えしますので安心し てご応募ください。 ・足場架設工事 ・組立、解体作業 ・現場への運搬 地域の景観づくりに貢献できる、やりがいのあるお仕事です。福利 厚生も充実しており働きやすい職場となっています。 【変更範囲：会社の定める業務】 ＊トライアル雇用求人 正社員 正社員登用 正社員登用の実績（過去３年間） 就業形態派遣・請負ではない,求人に関する特記事項 ご質問がある方は担当者までお気軽にお問い合わせください。 ・２０から３０代の社員も活躍できる環境が整っています ・残業はほとんどありません、定時に帰れます ・特別休暇制度あり（記念日休暇、リフレッシュ休暇など） ・年末年始休暇は５日以上あります ・夏季休暇は４日以上あります ・仕事が早く終わった日も日当を保証します ・慶弔見舞金制度あり（結婚、出産、弔事など） ・建築関連の資格取得を支援します（会社負担） ・若手社員をバックアップする体制が整っています ・万が一のための保険に会社負担で加入できます ・社員旅行過去実績：今年タイ ・育児のための休暇取得を促進（運動会、参観日など） ・Ｗワーク可能（兼業可）です、お気軽に応募ください ・制服貸与あり ＊面接時に、履歴書（写真貼付）・職務経歴書・ハローワークの 紹介状をお持ちください。 ＊トライアル雇用期間中の労働条件：同条件 より労働条件の明示を受けてください。,2026年9月7日求人票（愛媛県住宅リフォーム）_2.pdf,5
住宅・リフォーム営業（提案営業）,【松山市】住宅のリフォーム営業※未経験可,カブシキガイシャニホンハウスホールディングスマツヤマエイギョウショ 株式会社日本ハウスホールディングス松山営業所,愛媛,木造建築工事業,〒791-8004 愛媛県松山市鴨川２丁目１７－３１愛媛新聞社住宅公園ＰＡＬ内,243000,283000,True,True,必要な経験・知識・技能等不問,普通自動車運転免許必須 （AT限定可）,,,弊社オーナー様宅の建物メンテナンス管理 メンテナンスから増改築まで提案型リフォームアドバイザー 変更範囲：会社の定める業務 正社員 正社員登用 正社員登用の実績（過去３年間） 就業形態派遣・請負ではない,求人に関する特記事項 ・旧社名：東日本ハウス株式会社 ・自家用車持込みできる方（ガソリン代別途支給） ・携帯電話支給 ＊マイカー通勤：無料駐車場あり ＊優秀社員には年２回金バッジ表彰制度（家族招待）有り ＊東証プライム上場 ＊事前に履歴書（写真貼付）・職務経歴書・ハローワークの紹介状 を送付してください。後日、面接日等をご連絡いたします。 より労働条件の明示を受けてください。,2026年9月7日求人票（愛媛県住宅リフォーム）_2.pdf,6
住宅・リフォーム営業（提案営業）,【松山市】住宅のリフォーム営業主任※管理職候補,カブシキガイシャニホンハウスホールディングスマツヤマエイギョウショ 株式会社日本ハウスホールディングス松山営業所,愛媛,木造建築工事業,〒791-8004 愛媛県松山市鴨川２丁目１７－３１愛媛新聞社住宅公園ＰＡＬ内,299000,346000,False,True,必要な経験・知識・技能等必須 営業経験５年以上かつ管理職経験者,宅地建物取引士（旧：宅地建物取引主任者）必須 ２級ファイナンシャル・プランニング技能士必須 二級建築士必須 いずれかの免許・資格所持で可 普通自動車運転免許必須 （AT限定可）,,,【主任職採用：モデル年収６０７万円】 既客訪問を対象としたルート営業及び住宅展示場案内。前職の ご経験やスキルを存分に発揮し、管理職登用を目指してください。 成果がしっかりと給与・賞与に反映される評価制度です。 ・契約の９０％以上は既客。 ・携帯電話支給、自家用車借り上げ、役職者登用制度有り。 ・東証プライム企業、研修等継続的なスキルアップをサポート。 ・営業エリアは松山市内及び松山市近郊です。 ※変更範囲：会社の定める業務 正社員 正社員登用 正社員登用の実績（過去３年間） 就業形態派遣・請負ではない,求人に関する特記事項 各種手当の詳しい内訳等は、面接時にお伝えいたします。 ＊事前に履歴書（写真貼付）・職務経歴書・ハローワークの紹介状 を送付してください。書類選考後、面接日等をご連絡いたします。 より労働条件の明示を受けてください。,2026年9月7日求人票（愛媛県住宅リフォーム）_2.pdf,7
住宅・リフォーム営業（提案営業）,【松山市】住宅のリフォーム営業係長※管理職候補,カブシキガイシャニホンハウスホールディングスマツヤマエイギョウショ 株式会社日本ハウスホールディングス松山営業所,愛媛,木造建築工事業,〒791-8004 愛媛県松山市鴨川２丁目１７－３１愛媛新聞社住宅公園ＰＡＬ内,351000,398000,False,True,必要な経験・知識・技能等必須 営業経験５年以上かつ管理職経験者,宅地建物取引士（旧：宅地建物取引主任者）必須 ２級ファイナンシャル・プランニング技能士必須 二級建築士必須 いずれかの免許・資格所持で可 普通自動車運転免許必須 （AT限定可）,,,【係長職採用：モデル年収６９３万円】 既客訪問を対象としたルート営業及び住宅展示場案内。前職の ご経験やスキルを存分に発揮し、管理職登用を目指してください。 成果がしっかりと給与・賞与に反映される評価制度です。 ・契約の９０％以上は既客。 ・携帯電話支給、自家用車借り上げ、役職者登用制度有り。 ・東証プライム企業、研修等継続的なスキルアップをサポート。 ・営業エリアは松山市内及び松山市近郊です。 ※変更範囲：会社の定める業務 正社員 正社員登用 正社員登用の実績（過去３年間） 就業形態派遣・請負ではない,求人に関する特記事項 各種手当の詳しい内訳等は、面接時にお伝えいたします。 ＊事前に履歴書（写真貼付）・職務経歴書・ハローワークの紹介状 を送付してください。書類選考後、面接日等をご連絡いたします。 より労働条件の明示を受けてください。,2026年9月7日求人票（愛媛県住宅リフォーム）_2.pdf,8
住宅・リフォーム営業（提案営業）,【松山市】住宅のリフォーム営業課長※管理職候補,カブシキガイシャニホンハウスホールディングスマツヤマエイギョウショ 株式会社日本ハウスホールディングス松山営業所,愛媛,木造建築工事業,〒791-8004 愛媛県松山市鴨川２丁目１７－３１愛媛新聞社住宅公園ＰＡＬ内,411000,458000,False,True,必要な経験・知識・技能等必須 営業経験５年以上かつ管理職経験者,宅地建物取引士（旧：宅地建物取引主任者）必須 ２級ファイナンシャル・プランニング技能士必須 二級建築士必須 いずれかの免許・資格所持で可 普通自動車運転免許必須 （AT限定可）,,,【課長職採用：モデル年収７８４万円】 既客訪問を対象としたルート営業及び住宅展示場案内。前職の ご経験やスキルを存分に発揮した、管理職をお任せします。 成果がしっかりと給与・賞与に反映される評価制度です。 ・契約の９０％以上は既客。 ・携帯電話支給、自家用車借り上げ、役職者登用制度有り。 ・東証プライム企業、研修等継続的なスキルアップをサポート。 ・営業エリアは松山市内及び松山市近郊です。 ※変更範囲：会社の定める業務 正社員 正社員登用 正社員登用の実績（過去３年間） 就業形態派遣・請負ではない,求人に関する特記事項 各種手当の詳しい内訳等は、面接時にお伝えいたします。 ＊事前に履歴書（写真貼付）・職務経歴書・ハローワークの紹介状 を送付してください。書類選考後、面接日等をご連絡いたします。 より労働条件の明示を受けてください。,2026年9月7日求人票（愛媛県住宅リフォーム）_2.pdf,9
＜業界外＞介護・看護・給食,サービス付き高齢者向け住宅内訪問介護「Ｓグラン松山」,カブシキガイシャエルエスアイマツヤマジギョウショ 株式会社Ｌ．Ｓ．Ｉ．松山事業所,愛媛,老人福祉・介護事業,〒790-0931 愛媛県松山市西石井６丁目１２－２７ サービス付き高齢者向け住宅「Ｓグラン松山」,223500,250000,True,True,必要な経験・知識・技能等不問,介護福祉士必須 介護職員実務者研修修了者必須 介護職員初任者研修修了者必須 いずれかの免許・資格所持で可 普通自動車運転免許必須 （AT限定可）,簡単なＰＣ入力、タブレット操作の入力があります。,,「サービス付き高齢者向け住宅Ｓグラン松山」に入居されている 高齢者に、介護サービスを提供する仕事です。 ・食事、入浴、排泄等身体介助、居宅の掃除、洗濯等の生活援助を 行います。 ・ご入居者様とコミュニケーションをとりながら、アットホームな 雰囲気で仕事に取り組んでいます。 変更範囲：変更なし 正社員 正社員登用 正社員登用の実績（過去３年間） 就業形態派遣・請負ではない,求人に関する特記事項 ＊夜勤手当（月５回）を含めると月額約２８０，０００円〜３００ 、０００円となります。 ＊制服、スニーカー支給します。 ＊駐車場の利用費は無料です。 ＊職場は２０代〜７０代まで幅広い年齢層の方が活躍されています ＊未経験の方も大歓迎します。丁寧にＯＪＴを行います。 ＊事前に、履歴書（写真貼付）、ハローワークの紹介状を送付して ください。 書類選考後、面接日等をご連絡します。 より労働条件の明示を受けてください。,2026年9月7日求人票（愛媛県住宅リフォーム）_2.pdf,10
住宅・リフォーム営業（提案営業）,営業職（戸建新築・中古住宅売買・土地売買）／新居浜,カブシキガイシャセイコーフドウサン 株式会社セイコー不動産,愛媛,建物売買業，土地売買業,〒792-0829 愛媛県新居浜市松木町４－２５ ＪＲ新居浜駅から車5分,270000,270000,True,True,必要な経験・知識・技能等不問,宅地建物取引士（旧：宅地建物取引主任者）あれば尚可 ２級ファイナンシャル・プランニング技能士あれば尚可 普通自動車運転免許必須 （AT限定可）,パソコン（ワード・エクセル）,,不動産（戸建新築・中古住宅買取・土地買取）の営業 ＊訪問販売なし（来店・イベント中心） ＊自家用車持込み可能な方 ※変更範囲：変更なし 正社員 正社員登用 正社員登用の実績（過去３年間） 就業形態派遣・請負ではない,求人に関する特記事項 ＊賞与は、採用後１年間経過後が対象となります。 ＊通勤手当は２キロメートル以上の場合支給 ＊マイカー通勤可：無料駐車場あり ◆書類選考があるため、事前にハローワーク紹介状、履歴書（写真 貼付）、職務経歴書を郵送してください。後日、選考結果等を通知 します。 ※ハローワーク以外の職業紹介事業者からの営業はお断りします。 より労働条件の明示を受けてください。,2026年9月7日求人票（愛媛県住宅リフォーム）_2.pdf,11
住宅・リフォーム営業（提案営業）,営業職（戸建新築・中古住宅売買・土地売買）／今治,カブシキガイシャセイコーフドウサン 株式会社セイコー不動産,愛媛,建物売買業，土地売買業,〒799-1502 愛媛県今治市喜田村２丁目２－２０ 今治駅から車10分,270000,270000,True,True,必要な経験・知識・技能等不問,宅地建物取引士（旧：宅地建物取引主任者）あれば尚可 ２級ファイナンシャル・プランニング技能士あれば尚可 普通自動車運転免許必須 （AT限定可）,パソコン（ワード・エクセル）,,不動産（戸建新築・中古住宅買取・土地買取）の営業 ＊訪問販売なし（来店・イベント中心） ＊自家用車持込み可能な方 ＊変更範囲：変更なし 正社員 正社員登用 正社員登用の実績（過去３年間） 就業形態派遣・請負ではない,求人に関する特記事項 ＊賞与は、採用後１年間経過後が対象となります。 ＊通勤手当は２キロメートル以上の場合支給 ＊マイカー通勤可：無料駐車場あり ◆書類選考があるため、事前にハローワーク紹介状、履歴書（写真 貼付）、職務経歴書を郵送してください。後日、選考結果等を通知 します。 ※ハローワーク以外の職業紹介事業者からの営業はお断りします。 より労働条件の明示を受けてください。,2026年9月7日求人票（愛媛県住宅リフォーム）_2.pdf,12
住宅・リフォーム営業（提案営業）,住宅営業（分譲）／タマホーム松山支店,タマホームカブシキガイシヤ タマホーム株式会社,愛媛,木造建築工事業,〒791-8022 愛媛県松山市美沢１丁目８番３６号 タマホーム松山支店,211000,467000,False,True,必要な経験・知識・技能等必須 住宅営業経験又は分譲住宅販売経験又は用地仕入経験,宅地建物取引士（旧：宅地建物取引主任者）あれば尚可 普通自動車運転免許必須 （AT限定可）,,,主な業務内容は、下記のとおりです。 ●土地仕入れ ●分譲住宅販売 ●住宅に関するご希望のヒアリング、プラン作成 ●住宅建設地の敷地調査、現地調査、役所調査 ●住宅ローンのご相談等 ＊入社後６カ月は契約社員といたします。 その後、原則として正社員登用いたします。 契約期間中の基本的な待遇は正社員と同様です。 変更範囲：変更なし 正社員以外 正社員以外の名称契約期間満了後、原則として正社員登用 正社員登用あありり 正社員登用の実績（過去３年間） ２４名登用（全国実績） 就業形態派遣・請負ではない,求人に関する特記事項 ＊全国転勤ありの求人です。 ＊賃金は経験により決定します。 ＊賞与は業績により変動いたします。 ＊正社員登用の場合、定年は６５歳となります。 ＊応募書類は返送いたしません。 ＊有給休暇については入社時に前倒しで１０日付与となります。 ＜選考の流れ書類選考→面接＞ 質問がない場合、ハローワークの紹介を受ければ事前連絡がなくて も応募可能です。応募希望の方は、履歴書（写真貼付）・職務経歴 書・ハローワークの紹介状をお送り下さい。書類到着後、１０営業 日程度でご連絡いたします。 ＜モデル年収＞ 入社７年目・４０歳・全国社員年収１，０６０万円 入社４年目・３５歳・地域限定社員年収７４０万円 ※２０２０年度全職種平均年収６９３万円（前年比３８万円増） より労働条件の明示を受けてください。,2026年9月7日求人票（愛媛県住宅リフォーム）_2.pdf,13
住宅・リフォーム営業（提案営業）,住宅営業（分譲）／タマホーム松山支店／エリア限定,タマホームカブシキガイシヤ タマホーム株式会社,愛媛,木造建築工事業,〒791-8022 愛媛県松山市美沢１丁目８番３６号 タマホーム松山支店,197000,454000,False,True,必要な経験・知識・技能等必須 住宅営業経験又は分譲住宅販売経験又は用地仕入経験,宅地建物取引士（旧：宅地建物取引主任者）あれば尚可 普通自動車運転免許必須 （AT限定可）,,,主な業務内容は、下記のとおりです。 ●土地仕入れ ●分譲住宅販売 ●住宅に関するご希望のヒアリング、プラン作成 ●住宅建設地の敷地調査、現地調査、役所調査 ●住宅ローンのご相談等 ＊入社後６カ月は契約社員といたします。 その後、原則として正社員登用いたします。 契約期間中の基本的な待遇は正社員と同様です。 変更範囲：変更なし 正社員以外 正社員以外の名称契約期間満了後、原則として正社員登用 正社員登用あありり 正社員登用の実績（過去３年間） ２４名登用（全国実績） 就業形態派遣・請負ではない,求人に関する特記事項 ＊下記エリア内で転勤の可能性がある求人です。 四国エリア：徳島県、香川県、愛媛県、高知県 ＊賃金は経験により決定します。 ＊賞与は業績により変動いたします。 ＊正社員登用の場合、定年は６５歳となります。 ＊応募書類は返送いたしません。 ＊有給休暇については入社時に前倒しで１０日付与となります。 ＜選考の流れ書類選考→面接＞ 質問がない場合、ハローワークの紹介を受ければ事前連絡がなくて も応募可能です。応募希望の方は、履歴書（写真貼付）・職務経歴 書・ハローワークの紹介状をお送り下さい。書類到着後、１０営業 日程度でご連絡いたします。 ＜モデル年収＞ 入社７年目・４０歳・全国社員年収１，０６０万円 入社４年目・３５歳・地域限定社員年収７４０万円 ※２０２０年度全職種平均年収６９３万円（前年比３８万円増） より労働条件の明示を受けてください。,2026年9月7日求人票（愛媛県住宅リフォーム）_2.pdf,14
住宅・リフォーム営業（提案営業）,住宅営業（分譲）／タマホーム松山支店／地域限定社員,タマホームカブシキガイシヤ タマホーム株式会社,愛媛,木造建築工事業,〒791-8022 愛媛県松山市美沢１丁目８番３６号 タマホーム松山支店,232000,441000,False,True,必要な経験・知識・技能等必須 住宅営業経験又は分譲住宅販売経験又は用地仕入経験,宅地建物取引士（旧：宅地建物取引主任者）あれば尚可 普通自動車運転免許必須 （AT限定可）,,,主な業務内容は、下記のとおりです。 ●土地仕入れ ●分譲住宅販売 ●住宅に関するご希望のヒアリング、プラン作成 ●住宅建設地の敷地調査、現地調査、役所調査 ●住宅ローンのご相談等 ＊入社後６カ月は契約社員といたします。 その後、原則として正社員登用いたします。 契約期間中の基本的な待遇は正社員と同様です。 変更範囲：変更なし 正社員以外 正社員以外の名称契約期間満了後、原則として正社員登用 正社員登用あありり 正社員登用の実績（過去３年間） ２４名登用（全国実績） 就業形態派遣・請負ではない,求人に関する特記事項 ＊転居をしない範囲で、転勤の可能性がある求人です。 ＊賃金は経験により決定します。 ＊賞与は業績により変動いたします。 ＊正社員登用の場合、定年は６５歳となります。 ＊応募書類は返送いたしません。 ＊有給休暇については入社時に前倒しで１０日付与となります。 ＜選考の流れ書類選考→面接＞ 質問がない場合、ハローワークの紹介を受ければ事前連絡がなくて も応募可能です。応募希望の方は、履歴書（写真貼付）・職務経歴 書・ハローワークの紹介状をお送り下さい。書類到着後、１０営業 日程度でご連絡いたします。 ＜モデル年収＞ 入社７年目・４０歳・全国社員年収１，０６０万円 入社４年目・３５歳・地域限定社員年収７４０万円 ※２０２０年度全職種平均年収６９３万円（前年比３８万円増） より労働条件の明示を受けてください。,2026年9月7日求人票（愛媛県住宅リフォーム）_2.pdf,15
設計・ＣＡＤオペレーター,事務・住宅プランニング補助,カブシキガイシャニノミヤコウムテン 株式会社二宮工務店,愛媛,木造建築工事業,〒798-0067 愛媛県宇和島市桝形町３丁目６－８,196000,320000,False,True,必要な経験・知識・技能等あれば尚可 建築に関する経験は不要です。ただし、経理事務の経験、接客応対 の経験がある方を優遇します。,インテリアコーディネーターあれば尚可 建設業経理士２級あれば尚可 Ｅｘｃｅｌ表計算処理技能認定試験２級あれば尚可 普通自動車運転免許必須 （AT限定可）,Ｅｘｃｅｌ・Ｗｏｒｄの通常操作ができる方。,,当社において、一般事務（総務・経理）、住宅プランニングの補助 ・営業資料作成補助等の業務に従事していただきます。 ＊完全週休２日制 ＊業務に関する詳細については、面接時にご説明いたします。 労働条件等は面接時にご説明いたします。 変更範囲：変更なし 正社員 正社員登用 正社員登用の実績（過去３年間） 就業形態派遣・請負ではない,求人に関する特記事項 ＊建退共制度があります。さらに会社独自の退職金制度もあり、長 期勤続によるメリットがあります。 ＊有給休暇の取得しやすい環境です。（有給休暇失効率ゼロ：前年 度実績） ＊勤続年数に応じた昇給制度があります。 ＊スキルアップによる昇給制度もあります。 ＊残業時間の縮小、年次有給休暇の取得促進に取り組んでいます。 インテリア・建築デザイン・ものづくりが好きな方、二宮工務店で 一緒に働いてみませんか。建築の経験は問いません。 残業が多かったり休みが少なかったりで転職した方も、二宮工務店 では、みんな「自分や家族の時間を大切にする働き方」を行ってい ます。 「働き方改革関連認定企業」 【若者雇用促進法に基づくユースエール認定企業】 ユースエールとは…所定外労働時間、有給休暇取得など厚生労働省 の定める条件を満たした優良企業を、労働局が認定する制度です。 より労働条件の明示を受けてください。,2026年9月7日求人票（愛媛県住宅リフォーム）_2.pdf,16
住宅・リフォーム営業（提案営業）,住宅ローン営業及びマイホームアドバイザー,カブシキガイシヤエフピーフドウサンパートナーズ 株式会社ＦＰ不動産パートナーズ,愛媛,その他の非預金信用機関,〒791-8013 愛媛県松山市山越２丁目３－３７ハトマート内 本町六丁目駅から徒歩10分,200000,300000,True,False,必要な経験・知識・技能等不問,貸金業務取扱主任者あれば尚可 宅地建物取引士（旧：宅地建物取引主任者）あれば尚可 ファイナンシャルプランナー（ＣＦＰ／ＡＦＰ）あれば尚可 ※上記のうち実務経験不要のものがあれば尚可,エクセル・ワード入力程度,,お客様が最適な住宅ローン・ハウスメーカーや工務店のマッチング ・土地選択することができるように、次世代型ワンストップサービ ス【いえすむ】をご提案します。 ご希望や属性に応じたお家づくりのお手伝いやアドバイスをしてい ただきます。 既存顧客ルート営業、来店営業で大きな負担も有りません。 ※未経験の方でも丁寧に指導します。また、上場会社ＦＣ店のため 本部研修もありますので安心して応募してください！ ＊変更範囲：変更なし 正社員 正社員登用 正社員登用の実績（過去３年間） 就業形態派遣・請負ではない,求人に関する特記事項 ＊マイカー通勤：無料駐車場あり ＊入社後、各種資格取得に取り組んでいただける方歓迎します。 取得費用は全額会社が負担します。 ＊事前に履歴書（写真貼付）・職務経歴書・ハローワークの紹介状 を送付してください。書類選考後、面接日等をご連絡いたします。 （オンライン自主応募の方は、ハローワークの紹介状は不要です） より労働条件の明示を受けてください。,2026年9月7日求人票（愛媛県住宅リフォーム）_2.pdf,17
＜業界外＞介護・看護・給食,看護職員（サービス付き高齢者向け住宅彩果）,カブシキガイシヤライフネット 株式会社ライフネット,愛媛,老人福祉・介護事業,〒799-2438 愛媛県松山市河野中須賀１４５番地１６ ライフネット彩果,228750,259590,True,False,必要な経験・知識・技能等不問,看護師必須 准看護師必須 いずれかの免許・資格所持で可,,,サービス付き高齢者向け住宅の看護師の業務です。 ２６部屋ある施設になっております。 入居者様の体調管理・胃ろう注入・吸引等おこなっていただきます 。 変更範囲：変更なし 正社員 正社員登用 正社員登用の実績（過去３年間） 就業形態派遣・請負ではない,求人に関する特記事項 ＊無料駐車場あり ＊事前に履歴書（写真貼付）、ハローワークの紹介状を送付してく ださい。書類選考後、面接日等をご連絡します。 ＊オンライン自主応募時は紹介状不要。 より労働条件の明示を受けてください。,2026年9月7日求人票（愛媛県住宅リフォーム）_2.pdf,18
事務・営業事務・広報,事務員（サービス付き高齢者向け住宅彩果）,カブシキガイシヤライフネット 株式会社ライフネット,愛媛,老人福祉・介護事業,〒799-2438 愛媛県松山市河野中須賀１４５番地１６ ライフネット彩果,177500,177500,True,True,必要な経験・知識・技能等不問,普通自動車運転免許必須 （AT限定可）,基本的なＥｘｃｅｌ・Ｗｏｒｄの操作ができる方,,・電話対応 ・来客、業者対応 ・管理者事務作業の補助 ・サ高住内の行事、スケジュールの管理や補助 ・職員出勤簿の確認 ・サ高住内業務の補助等 変更範囲：変更なし 正社員 正社員登用 正社員登用の実績（過去３年間） 就業形態派遣・請負ではない,求人に関する特記事項 ＊無料駐車場あり ＊事前に履歴書（写真貼付）・ハローワークの紹介状を送付してく ださい。書類選考後、面接日等をご連絡いたします。 より労働条件の明示を受けてください。,2026年9月7日求人票（愛媛県住宅リフォーム）_2.pdf,19
住宅・リフォーム営業（提案営業）,リノベーションアドバイザー（リフォーム）,ユウゲンガイシャトリユウコウムテン 有限会社鳥生工務店,愛媛,木造建築工事業,〒799-2202 愛媛県今治市大西町紺原甲７２８－３ ＪＲ大西駅から徒歩5分,217500,455100,False,True,必要な経験・知識・技能等必須 建設業・リフォーム業の知識・経験,普通自動車運転免許必須 （AT限定可）,,,＊現場管理業務・・・ 顧客との打合せの上、現場の職人の方との打ち合わせや 現場工程管理なども行います。 ＊工程管理には、パソコンやスマートフォン等を使用します。 （会社支給） ●トライアル雇用併用求人（期間中：試用期間中と同条件） 変更範囲：変更なし 正社員 正社員登用 正社員登用の実績（過去３年間） 就業形態派遣・請負ではない,求人に関する特記事項 ＊昇給・賞与については、企業実績及び本人の能力・実績により 支給します。（記載数字は前年度実績です。） 賞与４．０ヶ月は、弊社の人事考課で優秀な評価を受けた社員の 実績になります。 ＊トライアル対象者は必ず面接を行います（書類は事前送付） ＊マイカー通勤について：無料駐車場あり ☆福利厚生について ＧＬＴＤ（団体長期傷害所得保障保険）に加入しています。 ☆「オンライン自主応募可」 ☆「自主応募の場合は紹介状を不要とする」 より労働条件の明示を受けてください。,2026年9月7日求人票（愛媛県住宅リフォーム）_2.pdf,20
住宅・リフォーム営業（提案営業）,リフォーム営業（中国・四国／リージョナル社員）,カブシキガイシャコメリ 株式会社コメリ,愛媛,ホームセンター,〒793-0010 愛媛県西条市飯岡２２０９番地 パワー西条店他、自宅から２００ｋｍ以内の指定するリフォーム 各店舗（転居を伴う転勤あり（寮社宅完備）） ＪＲ讃線中萩駅から徒歩28分,263000,320000,False,True,必要な経験・知識・技能等必須 リフォーム営業、ハウスメーカー営業、建築建材資材メーカー 問屋営業、建築施工管理などの経験１年以上,※建築士資格者歓迎 普通自動車運転免許必須 （AT限定可）,,,当社のホームセンターを拠点とした一般顧客（戸建てオーナー）へ のリフォーム提案、見積り、施工管理および住設機器の販売、取付 手配など。 広告反響営業がメインで、飛び込み営業はありません。 当社ではリフォーム事業を積極展開するにあたり、即戦力として建 築関係の営業・施工管理の経験者を募集しています。 変更範囲：変更なし 正社員 正社員登用 正社員登用の実績（過去３年間） 就業形態派遣・請負ではない,求人に関する特記事項 ●くるみん認定企業 ＜待遇＞ 制服貸与有 ＜応募方法＞ 履歴書（写真・Ｅメールアドレス必須）・職務経歴書・紹介状を下 記まで郵送してください。 ＜書類送付先＞ 〒９５０－１４９２新潟県新潟市南区清水４５０１－１ 株式会社コメリ人事教育部中途採用係宛 ＜選考の流れ＞ 書類選考→ＷＥＢテスト（能力適性・専門知識）＋録画選考 →ＷＥＢ面接 ※ＷＥＢテスト受検にはネット環境の整ったＰＣ（ネットカフェ等 でも可）とＥメールアドレス（ｙａｈｏｏメール等でも可）が必要 です。 ※録画選考はスマホ等から自撮り動画を撮影いただきます。 ※録画選考やＷＥＢ面接はマイク・カメラ機能のあるＰＣ・スマホ やタブレットでも受検できます。 より労働条件の明示を受けてください。,2026年9月7日求人票（愛媛県住宅リフォーム）_2.pdf,21
＜業界外＞介護・看護・給食,看護職員（サービス付き高齢者向け住宅志々満）,カブシキガイシャハートウォーミングライフフジタ 株式会社ハートウォーミングライフ藤田,愛媛,老人福祉・介護事業,〒799-1522 愛媛県今治市桜井４丁目６番５２号 『サービス付き高齢者向け住宅志々満』 伊予桜井駅から徒歩10分,205000,225000,True,True,必要な経験・知識・技能等不問,看護師必須 准看護師必須 いずれかの免許・資格所持で可 普通自動車運転免許必須 （AT限定可）,,,＊サ高住の入居者様に介護サービスの提供や基本生活サービス（安 否確認・バイタル測定・生活相談等）、お茶出しや生活の中の手伝 いを行います。 ＊主な看護師業務に関しては、入居者様の体調管理や内服管理を行 います。 ＊社用車（軽四）を使用した送迎業務もあります。 ※変更範囲：変更なし 正社員 正社員登用 正社員登用の実績（過去３年間） 就業形態派遣・請負ではない,求人に関する特記事項 ＊昇給・賞与は企業業績及び本人の能力・実績に応じて 支給いたします（記載数字は前年度実績） ＊マイカー通勤について：無料駐車場あり ※面接時にはハローワークの紹介状を持参してください。 より労働条件の明示を受けてください。,2026年9月7日求人票（愛媛県住宅リフォーム）_2.pdf,22
＜業界外＞介護・看護・給食,介護職員「サービス付き高齢者向け住宅ゆうゆう立花」,カブシキガイシャユウユウシャ 株式会社悠遊社,愛媛,老人福祉・介護事業,〒790-0966 愛媛県松山市立花１丁目１番２６号 サービス付き高齢者向け住宅ゆうゆう立花 伊予鉄横河原線石手川公園駅から徒歩7分,185300,219300,True,False,必要な経験・知識・技能等不問,介護福祉士あれば尚可 介護職員初任者研修修了者必須 ホームヘルパー２級必須 いずれかの免許・資格所持で可 普通自動車運転免許あれば尚可（AT限定可）,,,「サービス付き高齢者向け住宅ゆうゆう立花」に 入居されているご利用者様に対する必要な介護 サービスを提供いただきます。 ・生活支援（掃除、洗濯） ・身体介護支援（入浴、排泄、食事等） 変更範囲：変更なし 正社員 正社員登用 正社員登用の実績（過去３年間） 就業形態派遣・請負ではない,求人に関する特記事項 ＊無料駐車場あり ＊通勤手当：直線距離に応じて支給（会社規定あり） ＊初回の賞与は入社後の経過期間による ＊転勤の場合は本人の意志を尊重します。 ＊面接時に履歴書（写真貼付）・ハローワークの紹介状をお持ちく ださい。 ＊まずはご見学からも大歓迎です。ぜひ一度ご連絡ください！ より労働条件の明示を受けてください。,2026年9月7日求人票（愛媛県住宅リフォーム）_2.pdf,23
住宅・リフォーム営業（提案営業）,リフォームアドバイザー（営業・西条店）,カブシキガイシヤヨシダ（リフオームヨシダ） 株式会社よしだ（リフォームよしだ）,愛媛,建築リフォーム工事業,〒793-0030 愛媛県西条市大町１６９５番地４Ｆビル１Ｆ 伊予西条駅から車10分,210000,280000,True,True,必要な経験・知識・技能等不問,普通自動車運転免許必須 （AT限定可）,エクセル、ワードの基本操作,,店舗・イベントでお客様の悩みを伺い、解決していくお仕事です。 リフォームのプランニング、契約業務、施工管理、アフターフォロ ー（点検）までを一貫して行います。 ※飛び込み営業はありません。 ※研修期間を含め、先輩社員が同行しますので、安心して学んでい ただくことができます。 ※担当エリアは各市ごとになります。 複数名で担当します。変更範囲：変更なし 【新居浜市働き方改革推進企業】【新居浜市ＳＤＧｓ推進企業】 【急募】 正社員 正社員登用 正社員登用の実績（過去３年間） 就業形態派遣・請負ではない,求人に関する特記事項 ＊無料駐車場有り 【新居浜市働き方改革推進企業】 誰もが働きやすく活躍できる職場作りを目指し、働き方改革への取 り組みを行う新居浜市に認定された企業です。 ◆自分で主体的に仕事を組み立てることができます。 ◆事前の職場見学が可能です。 ＊未経験者歓迎。わが社の９０％は未経験者です。 ＊有給休暇を取りやすい会社です。 学校行事、家族の記念日など、お休みを協力して取っています。 ＊賞与は業績により変動します。 ◆書類選考があるため、事前にハローワーク紹介状、履歴書（写真 貼付）、職務経歴書を郵送もしくは持参してください。後日、選考 結果等を通知します。 ＊選考方法のその他は、原稿用紙４００字１枚程度の作文（約３０ 分）と適性検査です。 より労働条件の明示を受けてください。,2026年9月7日求人票（愛媛県住宅リフォーム）_2.pdf,25
施工技能職（大工・内外装・基礎・足場ほか）,【急募】住宅湿気対策工事等／四国支店,カブシキガイシャピコイ 株式会社ピコイ,愛媛,その他の職別工事業,〒792-0856 愛媛県新居浜市船木甲４３７０－１ 当社四国支店,270000,400000,True,True,必要な経験・知識・技能等不問,普通自動車運転免許必須 （AT限定不可）,,,●防水シート、床下換気扇の設置 ●テクノガード（硬化樹脂被膜工法）の施工 ●シロアリ等害虫駆除工事、断熱工事など 業界Ｎｏ．１の給与を目指しており、努力すればするほど昇給する ことができます。 ハウスメーカー・工務店を通じての防水・断熱・シロアリ駆除・各 種リフォーム工事等を行っております。 上記業務以外にも、敷地調達、地盤調査、地盤改良、床暖房設置、 瑕疵担保取次等の業務も行っており、これら業務全般を担当して頂 きます。 ※経験のない業務でも、丁寧に指導・教育いたします。 ※変更範囲：変更なし 正社員 正社員登用 正社員登用の実績（過去３年間） 就業形態派遣・請負ではない,求人に関する特記事項 ・制服、作業服あり。 ・業務上、車を使用する場合、社有車有。 ・試用期間は勤務態度、能力により早まる可能性あり。 ・３６協定特別条項締結済み ＊当社は上場会社フリージアマクロスのグループ企業です。 ＊グループ全体３，２００名、資本金９０億円、年商８８０億円、 純資産５００億円（グループ合計ベース） ＊業績急拡大につき増員します。＊平均年齢は２０代です。 ・特に質問等がなければ、事前連絡なくても紹介状をお受取りの上 応募書類を東京本社（東京都千代田区）担当：井上宛に送付して 下さい。 ■次のような方歓迎 ＊元気な会社に入社して出世のチャンスを狙っている。 ＊がんばりをちゃんと評価してもらえる会社で働きたい。 ＊急成長する会社で一発逆転、稼いでいきたい。 ※１人１人の頑張りを毎月、透明なルールで還元する会社で働きた い。 ・応募にはハローワークの紹介状が必要となります。 より労働条件の明示を受けてください。,2026年9月7日求人票（愛媛県住宅リフォーム）_2.pdf,26
メンテナンス・アフターサービス・点検,住宅メンテナンス工事／四国支店,カブシキガイシャピコイ 株式会社ピコイ,愛媛,その他の職別工事業,〒792-0856 愛媛県新居浜市船木甲４３７０－１ 当社四国支店,270000,400000,True,True,必要な経験・知識・技能等不問,普通自動車運転免許必須 （AT限定不可）,,,●住宅の基礎の補強・補修工事 ●内外装のリフォーム・塗装・防湿工事 ●防水・断熱・シロアリ駆除工事など 業界Ｎｏ．１の給与を目指しており、努力すればするほど昇給する ことができます。上記の業務以外にも、ハウスメーカー・工務店を 通じての敷地調査、地盤調査、地盤改良、床暖房、瑕疵担保取次、 防水・断熱・シロアリ駆除・リフォーム工事等を行っております。 これら業務全般を手伝っていただくこともあります。 ＊経験のない業務でも、丁寧に指導・教育いたします。 ※変更範囲：変更なし 正社員 正社員登用 正社員登用の実績（過去３年間） 就業形態派遣・請負ではない,求人に関する特記事項 ・制服、作業服あり。 ・業務上、車を使用する場合、社有車あり。 ・試用期間は、勤務態度・能力により早まる可能性あり。 ・３６協定特別条項締結済み ＊当社は上場会社フリージアマクロスのグループ企業です。 ※グループ全体３，２００名、資本金９０億円、年商８８０億円、 純資産５００億円（グループ合計ベース） ＊業績急拡大につき増員します。※平均年齢は２０代です。 ・質問等がなければ事前連絡なくてもハローワークの紹介状を受け た上で応募書類を所在地（東京都千代田区）、担当：井上宛に郵 送して下さい。 ■次のような方歓迎 ＊元気な会社に入社して出世のチャンスを狙っている。 ＊がんばりをちゃんと評価してもらえる会社で働きたい。 ＊急成長する会社で一発逆転、稼いでいきたい。 ＊１人１人の頑張りを毎月、透明なルールで還元する会社で働きた い。 ・応募にはハローワークの紹介状が必要となります。 より労働条件の明示を受けてください。,2026年9月7日求人票（愛媛県住宅リフォーム）_2.pdf,28
住宅・リフォーム営業（提案営業）,営業（ＬＩＸＩＬリフォームショップライファ今治）,カブシキカイシャコウエイケンザイテン 株式会社宏栄建材店,愛媛,建築材料卸売業,〒794-0063 愛媛県今治市片山１丁目２－１４『ライファ今治』 今治駅から車4分,250000,600000,True,True,必要な経験・知識・技能等不問,普通自動車運転免許必須 （AT限定可）,ワード、エクセルを普通に使える程度。 ＳＮＳに長けていたら尚良し。,,＊住宅リフォーム・エクステリア・外壁塗装に関する反響営業 活動、接客業務に従事します。丁寧にサポートしますので、 業務未経験の方も是非ご応募ください！ 【営業エリア】今治市内※社用車（ＡＴ／ＭＴ）あり 変更範囲：変更なし 正社員 正社員登用 正社員登用の実績（過去３年間） 就業形態派遣・請負ではない,求人に関する特記事項 ＊給与、休暇は自己申告制です。 ＊昇給・賞与については、企業の実績及び本人の能力・実績により 支給いたします。（数字は前年度実績です。） ＊マイカー通勤について：無料駐車場あり。 【他でだめなら、うちでどう？】 ・上司とそりが合わなかった ・仕事内容が思ったより難しかった ・サポートが少なくて不安になった ・結果が出なくて自信がなくなった こんな悩みを持った方が弊社に来て大活躍しています！１回のチャ レンジで諦めず、サポートが整った弊社で再チャレンジしてみませ んか？平均年齢３０代の若い社員の会社で、少人数なので風通しが 良く、社員の定着率が非常に良いです。 ○服装はオフィスカジュアル、ピアス、染髪ＯＫです。 企業理念：「住まい」を通して歓喜と感動を与える この企業理念に賛同していただける方、ご応募お待ちしています！ ※店舗が休みの場合は、担当者携帯電話に連絡下さい（※補足） より労働条件の明示を受けてください。,2026年9月7日求人票（愛媛県住宅リフォーム）_2.pdf,29
＜業界外＞介護・看護・給食,看護師准看護師（ココロココ西条）住宅型有料老人ホーム,カブシキガイシャココロココ 株式会社ココロココ,愛媛,老人福祉・介護事業,〒793-0027 愛媛県西条市朔日市８０４番地３ ＪＲ予讃線伊予西条駅から徒歩28分,225000,280000,False,True,必要な経験・知識・技能等あれば尚可 ・介護施設、病院等での勤務経験,看護師必須 准看護師必須 いずれかの免許・資格所持で可 普通自動車運転免許必須 （AT限定可）,,,◆住宅型有料老人ホームにおいて、看護師・准看護師として入居さ れている方々の看護業務全般を担当します。 ★年間休日１２０日以上 ★看護師夜勤なし！オンコールなし！ ★福利厚生１００項目！！ ★働き方相談！！ ※会社説明会や施設見学も随時受付中です。 変更範囲：変更無し 正社員 正社員登用 正社員登用の実績（過去３年間） 就業形態派遣・請負ではない,求人に関する特記事項 ★ココロココの福利厚生のご紹介★ 〇社内喫食制度（社食１５０円） 〇通勤手当（上限２５，０００円） 〇決算賞与あり 〇年末年始手当 〇各種保険完備 〇有給休暇あり 〇誕生日お祝い金 〇転勤に伴う各種手当制度 〇インフルエンザ予防接種代負担 〇制服の支給 等全１００項目！！ ◆＜応募方法＞事前に必要書類を郵送してください。 応募後の流れ：応募→書類選考→面接の流れになります。 （オンライン自主応募の場合は、ハローワークの紹介状は不要） ※応募前に随時、会社説明会・施設見学を実施しておりますので お気軽にお問い合わせください！ より労働条件の明示を受けてください。,2026年9月7日求人票（愛媛県住宅リフォーム）_2.pdf,30
住宅・リフォーム営業（提案営業）,準社員／リフォーム営業／ヤマダデンキ松山問屋／１０４９,カブシキガイシャヤマダデンキ 株式会社ヤマダデンキ,愛媛,機械器具小売業（自動車，,〒791-8018 愛媛県松山市問屋町９－３０ ヤマダデンキＹＡＭＡＤＡｗｅｂ．ｃｏｍ松山問屋町店 松山駅から車20分,216543,262683,False,True,必要な経験・知識・技能等あれば尚可 ※リフォーム営業経験者歓迎！,普通自動車運転免許必須 （AT限定可）,,,●仕事内容 リフォーム商品販売営業 １日２〜３件のアポイント済のお客様宅に訪問し提案。 難しい改築リフォームなどは、建築士がアドバイスや上司 が同行応援してくれるので未経験者をサポート。安心して 提案できるお仕事です。 ●仕事内容補足 若手からシニアの方まで幅広く活躍頂ける職場環境です！ 未経験者には、マニュアル・研修完備！経験者は特別優遇！ 【変更の範囲：リフォーム営業事務及び当社が定める業務】 正社員以外 正社員以外の名称準社員 正社員登用ななしし 正社員登用の実績（過去３年間） 就業形態派遣・請負ではない,求人に関する特記事項 ※リフォーム営業職務手当１５，６１７円〜２１，６５７円 （固定残業代とリフォーム営業職務手当の合計額は５０，０００円 です） ※最低賃金法を遵守します。 ※ヤマダブランドの強みを生かした提案営業で高収入可能！ ※雇止めは満６５歳迄です。 ※履歴書、紹介状、職務経歴書を 人事部人事課（群馬県高崎市） 宛てに郵送下さい。事前連絡は不要です。 ※質問等はハローワークの窓口を通じて行って下さい。 ※応募書類は返却致しません。 ※応募書類より取得した個人情報は 採用以外の目的には使用致しません。 ＊応募にはハローワークの紹介状が必要となります。 より労働条件の明示を受けてください。,2026年9月7日求人票（愛媛県住宅リフォーム）_2.pdf,31
施工技能職（大工・内外装・基礎・足場ほか）,【急募】リフォーム工事等／四国支店,カブシキガイシャピコイ 株式会社ピコイ,愛媛,その他の職別工事業,〒792-0856 愛媛県新居浜市船木甲４３７０－１ 当社四国支店,270000,400000,True,True,必要な経験・知識・技能等不問,普通自動車免許（ＡＴ限定不可） 普通自動車運転免許必須 （AT限定不可）,,,●外装・水廻りのリフォーム工事 ●防水・断熱工事、シロアリ等害虫駆除工事 ●改装・改築、増築、増改築工事など 業界Ｎｏ．１の給与を目指しており、努力すればするほど昇給する ことができます。上記の業務以外にも、ハウスメーカー・工務店を 通じての敷地調査、地盤調査、地盤改良、床暖房、瑕疵担保取次、 防水・断熱・シロアリ駆除等を行っております。これら業務全般を 手伝っていただくこともあります ※経験のない業務でも、丁寧に指導・教育いたします。 変更範囲：変更なし 正社員 正社員登用 正社員登用の実績（過去３年間） 就業形態派遣・請負ではない,求人に関する特記事項 ・制服、作業服あり。 ・業務上、車を使用する場合、社用車有。 ・試用期間は勤務態度、能力により早まる可能性あり。 ・３６協定特別条項締結済み ＊当社は上場会社フリージアマクロスのグループ企業です。 ＊グループ全体３，２００名、資本金９０億円、年商８８０億円、 純資産５００億円（グループ合計ベース） ＊業績急拡大につき増員します。＊平均年齢は２０代です。 ・特に質問等がなければ、事前連絡なくても紹介状をお受取りの上 応募書類を東京本社（東京都千代田区）担当：井上宛に送付して 下さい。 ■次のような方歓迎 ＊元気な会社に入社して出世のチャンスを狙っている。 ＊がんばりをちゃんと評価してもらえる会社で働きたい。 ＊急成長する会社で一発逆転、稼いでいきたい。 ＊１人１人の頑張りを毎月、透明なルールで還元する会社で働きた い。 ・応募にはハローワークの紹介状が必要となります。 より労働条件の明示を受けてください。,2026年9月7日求人票（愛媛県住宅リフォーム）_2.pdf,32
＜業界外＞介護・看護・給食,介護職員（サービス付き高齢者向住宅）,ゴウドウガイシャヒヨリ 合同会社ひより,愛媛,老人福祉・介護事業,〒798-0076 愛媛県宇和島市川内甲２５３０－１,180600,195600,True,True,必要な経験・知識・技能等不問,ホームヘルパー２級必須 介護職員初任者研修修了者必須 いずれかの免許・資格所持で可 普通自動車運転免許必須 （AT限定可）,,,サービス付き高齢者向け住宅内での介護業務全般に 従事していただきます。（定員１９名） （主な業務） ・入浴、食事、排泄等の身体介助 ・清掃、片付け、洗濯、レクリエーション等 ・朝食の準備、片付け（夜勤時） ＊夜勤も出来る方。 ＊１ヶ月９休制による就業となります。 ＊６０歳以上の方の応募も相談に応じます。 変更範囲：変更なし 正社員 正社員登用 正社員登用の実績（過去３年間） 就業形態派遣・請負ではない,求人に関する特記事項 ＊無料駐車場あります ＊賞与は業績により支給します ＊６ヶ月経過後の年次有給は、法定通り付与します ＊求人のお問い合わせ・応募のご連絡は 電話０８９５－２７－１８６６にお願いします ＊面接には、ハローワークの紹介状をお持ちください。 より労働条件の明示を受けてください。,2026年9月7日求人票（愛媛県住宅リフォーム）_2.pdf,33
＜業界外＞介護・看護・給食,調理師（緑風荘内日清医療食品事業所）（入居可能住宅無）,ニッシンイリョウショクヒンカブシキガイシャシコクシテン 日清医療食品株式会社四国支店,愛媛,その他の飲食店,〒791-3501 愛媛県喜多郡内子町小田１４９－１ 緑風荘内給食室,235000,255000,False,False,必要な経験・知識・技能等あれば尚可 経験者歓迎,調理師必須 普通自動車運転免許あれば尚可（AT限定可）,,,★ライフステージに寄り添える安心の職場♪履歴書なし面接ＯＫ！ 経験者・キャリアアップを図りたい方歓迎／未経験・長期ブランク の方も安心のフォロー体制あり！給食作りを通じて、社会貢献でき るやりがいのあるお仕事です。 ※居住地を移して就労いただける方 ◆調理師◆病院・介護福祉施設等の給食調理業務全般 ・調理・食材下処理 ・盛付・配膳 ・食器・器具の洗浄・厨房清掃など ＊居住地を移して就労いただける方 施設内給食室でのお仕事です 変更範囲：厨房業務全般 正社員 正社員登用 正社員登用の実績（過去３年間） 就業形態請負,求人に関する特記事項 ★履歴書持参無しＯＫ ☆ＵＩＪターン歓迎／通勤するには遠い、または県内外から居住地 を移されて勤務してくださる方限定で『特別手当』を支給♪ 応募時にいただいた個人情報は、採用選考のために利用 し、採用後は雇用管理の為、社会保険等の手続きや福利厚生提供の 為に利用します。 ＊内定後、健康診断を受診していただきます。 ＊制服貸与（３セット） ＊車通勤／駐車料については就業場所により異なる。 ＊就業場所の従業員数は四国管内の従業員。 昇給／賞与について【前年度実績有】 （会社業績・社内規定・評価に基づく金額） ★福利厚生★入社後アンケート等 入社１か月後には入社記念品謹呈提携宿泊施設割引 資格取得支援制度：ｅラーニングや通信教育 永年勤続表彰：賞状・表彰金・記念品等支給等その他制度 より労働条件の明示を受けてください。,2026年9月7日求人票（愛媛県住宅リフォーム）_2.pdf,34
＜業界外＞介護・看護・給食,調理師（菊仙荘内日清医療食品事業所）（入居可能住宅無）,ニッシンイリョウショクヒンカブシキガイシャシコクシテン 日清医療食品株式会社四国支店,愛媛,その他の飲食店,〒799-2302 愛媛県今治市菊間町種３５６０－５ 菊仙荘内給食室,235000,255000,False,False,必要な経験・知識・技能等あれば尚可 経験者歓迎,調理師必須 普通自動車運転免許あれば尚可（AT限定可）,,,★ライフステージに寄り添える安心の職場♪履歴書なし面接ＯＫ！ 経験者・キャリアアップを図りたい方歓迎／未経験・長期ブランク の方も安心のフォロー体制あり！給食作りを通じて、社会貢献でき るやりがいのあるお仕事です。 ＊居住地を移して就労いただける方 ◆調理師◆病院・介護福祉施設等の給食調理業務全般 ・調理・食材下処理 ・盛付・配膳 ・食器・器具の洗浄・厨房清掃など 施設内給食室でのお仕事です 変更範囲：厨房業務全般居住地を移して就労いただける方 正社員 正社員登用 正社員登用の実績（過去３年間） 就業形態請負,求人に関する特記事項 ★履歴書持参無しＯＫ ☆ＵＩＪターン歓迎／通勤するには遠い、または県内外から居住地 を移されて勤務してくださる方限定で『特別手当』を支給♪ 応募時にいただいた個人情報は、採用選考のために利用 し、採用後は雇用管理の為、社会保険等の手続きや福利厚生提供の 為に利用します。 ＊内定後、健康診断を受診していただきます。 ＊制服貸与（３セット） ＊車通勤／駐車料については就業場所により異なる。 ＊就業場所の従業員数は四国管内の従業員。 昇給／賞与について【前年度実績有】 （会社業績・社内規定・評価に基づく金額） ★福利厚生★入社後アンケート等 入社１か月後には入社記念品謹呈提携宿泊施設割引 資格取得支援制度：ｅラーニングや通信教育 永年勤続表彰：賞状・表彰金・記念品等支給等その他制度 より労働条件の明示を受けてください。,2026年9月7日求人票（愛媛県住宅リフォーム）_2.pdf,35
＜業界外＞介護・看護・給食,介護職員（サービス付き高齢者向け住宅）,カブシキガイシャオタッシャ・ケア 株式会社おたっしゃ・ケア,愛媛,老人福祉・介護事業,〒790-0905 訪問介護おたっしゃ・ケア松山 愛媛県松山市鷹子町４０３番地１ 愛媛県松山市樽味四丁目１２番１８号,265000,320000,True,False,必要な経験・知識・技能等不問,介護職員初任者研修修了者必須 ホームヘルパー２級必須 介護福祉士必須 いずれかの免許・資格所持で可,,,※日勤のみ／夜勤無し／月２６．５万円〜 ○サービス付高齢者向け住宅、有料老人ホームでの介護業務全般 ・入浴、食事、排泄の介助 ・生活の援助等 ・ケアステーション樽味居室数４５室 ・制服貸与あり ○訪問介護あり ・松山市内自家用車使用時（ガソリン代支給） 変更範囲：変更なし 正社員 正社員登用 正社員登用の実績（過去３年間） 就業形態派遣・請負ではない,求人に関する特記事項 ＊賃金は、経験と能力を考慮して決定する。 ＊賞与は、業績等による。 ＊昇給は、当社規定による。 ＊賃金（ｃ）欄に記載された時間数は固定残業代の積算根拠となる もの。実際の時間外労働の時間数の見込みや実績を示すものでは ありません。 ＊無料駐車場あり。 ※履歴書について、まず市販の履歴書を送付していただき、書類 選考後に改めて自社独自の用紙を使用して書いていただきます。 用紙は取りに来ていただくか、郵送、メール、いずれかの方法で お渡しします 応募連絡時あるいはご本人様へ連絡時にご案内します。 ※自社グループ求人サイトを面接までに是非一度目を通しておいて 下さい。 ｈｔｔｐｓ：／／ｋａｉｇｏｓｔａｔｉｏｎ．ｃｏ．ｊｐ／ｒｅｃ ｒｕｉｔ／ より労働条件の明示を受けてください。,2026年9月7日求人票（愛媛県住宅リフォーム）_2.pdf,36
＜業界外＞介護・看護・給食,介護職員「サービス付き高齢者向け住宅ゆうゆう市坪」,カブシキガイシャユウユウシャ 株式会社悠遊社,愛媛,老人福祉・介護事業,〒790-0946 愛媛県松山市市坪北６番５号 「サービス付き高齢者向け住宅ゆうゆう市坪」 ＪＲ市坪駅から徒歩15分,185300,219300,True,False,必要な経験・知識・技能等不問,介護福祉士あれば尚可 介護職員初任者研修修了者必須 ホームヘルパー２級必須 いずれかの免許・資格所持で可 普通自動車運転免許あれば尚可（AT限定可）,,,「サービス付き高齢者向け住宅ゆうゆう市坪」に 入居されているご利用者様に対する必要な介護 サービスを提供いただきます。 ・生活支援（掃除、洗濯） ・身体介護支援（入浴、排泄、食事等） 変更範囲：変更なし 正社員 正社員登用 正社員登用の実績（過去３年間） 就業形態派遣・請負ではない,求人に関する特記事項 ＊無料駐車場あり ＊通勤手当：直線距離に応じて支給（会社規定あり） ＊初回の賞与は入社後の経過期間による ＊転勤の場合は本人の意志を尊重します。 ＊面接時に履歴書（写真貼付）・ハローワークの紹介状をお持ちく ださい。 ＊まずはご見学からも大歓迎です。ぜひ一度ご連絡ください！ より労働条件の明示を受けてください。,2026年9月7日求人票（愛媛県住宅リフォーム）_2.pdf,37
＜業界外＞介護・看護・給食,看護職員（サービス付高齢者向け住宅ケアステーション樽味）,ユウゲンガイシャケアステーションケアステーションタルミ 株式会社ケア・ステーション（ケアステーション樽味）,愛媛,老人福祉・介護事業,〒790-0905 愛媛県松山市樽味４丁目１２番１８号,262500,290000,True,False,必要な経験・知識・技能等不問,看護師必須 准看護師必須 いずれかの免許・資格所持で可,,,日勤のみ／夜勤無し／月給２６２，５００円〜 サービス付き高齢者向け住宅での介護業務全般 ・入浴介助、食事介助、排せつの介助等 ・４０名強の方が利用されており、１回のシフトにつき介護職員４ 〜５人が対応します。 ＊お客様に「ここを選んで良かった」と思って頂けるよう、サービ スを提供するサービス業です。 ※夜勤の有無は、面接時に相談可能です。 変更範囲：変更なし 正社員 正社員登用 正社員登用の実績（過去３年間） 就業形態派遣・請負ではない,求人に関する特記事項 ＊無料駐車場あり ＊賃金は経験と能力を考慮して決定する。 ＊賞与は業績等による。 ＊通勤手当、昇給は当社規定による。 ＊福利厚生：社員食堂１食２５０円 ＊事前に履歴書（写真貼付）・ハローワークの紹介状を送付してく ださい。書類選考後、面接日等をご連絡いたします。 ＊事前に施設見学可能です。お気軽にお問合せ下さい。 より労働条件の明示を受けてください。,2026年9月7日求人票（愛媛県住宅リフォーム）_2.pdf,38
建材・住宅設備の法人／ルート営業,住宅設備機器等の営業職（松山市）,カブシキガイシャダイキアクシス 株式会社ダイキアクシス,愛媛,建築材料卸売業,〒791-8022 愛媛県松山市美沢１丁目９番１号 伊予鉄衣山駅から徒歩10分,260000,400000,False,True,必要な経験・知識・技能等必須 法人営業経験１年以上かつ住宅設備営業経験者,普通自動車運転免許必須 （AT限定可）,ＰＣ基本操作（Ｗｏｒｄ、Ｅｘｃｅｌ）,,・水回りを中心とした設備機器、内外装工事、空調機器、エクステ リアなど、住環境を快適にする幅広い商材の販売・施工 ・法人営業（ゼネコン・サブコン・リフォーム業者）への提案・商 談・契約締結・アフターフォローなど 変更範囲：会社の定める業務 正社員 正社員登用 正社員登用の実績（過去３年間） 就業形態派遣・請負ではない,求人に関する特記事項 マイカー通勤：可（駐車場代１０００円／月） ＊事前に履歴書（写真貼付）、職務経歴書、ハローワークの紹介状 を送付して下さい。書類選考後、面接日等をご連絡します。 ＊エリア採用可 ＊転勤可の場合は、別途手当支給有 より労働条件の明示を受けてください。,2026年9月7日求人票（愛媛県住宅リフォーム）_2.pdf,39
住宅・リフォーム営業（提案営業）,住宅営業（松山市）,カブシキガイシャイチジョウコウムテン 株式会社一条工務店,愛媛,一般土木建築工事業,〒791-8004 愛媛県松山市鴨川２丁目１７－３３（住宅公園パル） 【松山パル展示場】【松山パル東展示場】,267500,267500,False,True,必要な経験・知識・技能等あれば尚可 業界未経験者歓迎 研修制度有り,普通自動車運転免許必須 （AT限定可）,,,モデルハウスにご来場されるお客様に家づくりのアドバイスをする ことから始まり、地盤調査・プラン作成・資金計画から上棟・お引 渡しまで、全ての窓口を担当します。設計担当・工事担当・インテ リアアドバイザーなどの専門スタッフと協力しながら、お客様のご 要望を一つ一つ叶えていきます。そのお客様のためだけに建てる世 界にたった一つの「家」です。お客様にご満足いただいた時の喜び は必ずあなたの‘やりがい・自信’につながっていきます。家族の 一員のように一緒になって家の完成を喜び合える、そんな信頼関係 を築き上げて下さい。 変更範囲：変更なし 正社員 正社員登用 正社員登用の実績（過去３年間） 就業形態派遣・請負ではない,求人に関する特記事項 【ＣＣＵＳ登録事業所】 ＊マイカーでの営業業務となります。通勤・営業業務で使用した ガソリン代は会社負担（上限３５０００円） ＊賞与は個々の成績により異なります。 ＊ホームページ（ｈｔｔｐ：／／ｉｃｈｉｊｏ．ｊｐ／）の採用情 報を是非ご覧下さい。（質問等がなければ、事前電話連絡不要） ＊職務経歴書には、パソコンのアドレスを記載してください。 ＊マイカー通勤：無料駐車場あり ＊応募前の職場見学：可 「応募にはハローワークの紹介状が必要です」 【オンライン自主応募可求人】オンライン自主応募の際は、「自主 応募」ボタンから応募してください。 ◆オンライン自主応募に関することは当事者間で対応してください ◆オンライン自主応募の場合、ハローワーク等の職業紹介を要件と する助成金［特定求職者雇用開発助成金・トライアル雇用助成金・ 雇用保険の再就職手当等］は対象外です！ より労働条件の明示を受けてください。,2026年9月7日求人票（愛媛県住宅リフォーム）_2.pdf,40
配送・ドライバー,住宅関連商品（サッシ等）の組立・配送スタッフ,,愛媛,建築材料卸売業,〒 愛媛県松山市,183766,265439,True,True,必要な経験・知識・技能等不問,普通自動車運転免許必須 （AT限定不可）,,,住宅関連商品を建築現場へ届ける仕事です。 １．アルミサッシの組立及び配送 ２．室内ドア・床材・トイレ等の物販商品の配送 ・入社後は配送業務からスタートし、組立・修理業務を先輩スタッ フの指示の下で徐々に覚えて頂きます。 ・希望に応じて、カーポート等の施工にも携わって頂きます。 ※作業着、工具、社用車の貸与あり 社用車はマニュアル車の為、ＡＴ限定不可となります。 ※配送エリア：愛媛県全域（主に中予地方） 変更の範囲：会社の定める業務 正社員 正社員登用 正社員登用の実績（過去３年間） 就業形態派遣・請負ではない,求人に関する特記事項 ※給与は実務経験・能力を総合的に判断して決定します。 ※昇給・賞与制度あり、実績あり、人事考課による。 ※無料駐車場あり ※事前に履歴書（写真添付）・職務経歴書・ハローワークの紹介状 を送付ください。書類選考後、面接日等を連絡します。 より労働条件の明示を受けてください。,2026年9月7日求人票（愛媛県住宅リフォーム）_2.pdf,41
建材・住宅設備の法人／ルート営業,住宅関連商品（サッシ等）の営業スタッフ,,愛媛,建築材料卸売業,〒 愛媛県松山市,193975,276664,True,True,必要な経験・知識・技能等不問,普通自動車運転免許必須 （AT限定不可）,Ｗｏｒｄ・Ｅｘｃｅｌ・メールの基本操作及び文字入力,,住宅関連商品（主要メーカー：ＬＩＸＩＬ）の営業販売を行ってい ただきます。 入社当初は固定得意先へのルート営業が中心です。 将来的には新規開拓もしていただきます。 ＊個人ノルマはありません。 ＊営業エリア：愛媛県内中予地方が中心 社用車（オートマ車）貸与あり ただしマニュアル車を運転する場合があります。 ＊２ヵ月間は先輩スタッフと同行にて教育します。 （未経験者歓迎） 変更の範囲：会社の定める業務 正社員 正社員登用 正社員登用の実績（過去３年間） 就業形態派遣・請負ではない,求人に関する特記事項 ※給与は実務経験・能力を総合的に判断して決定します。 ※昇給・賞与制度あり、実績あり、人事考課による。 ※無料駐車場あり ※事前に履歴書（写真添付）・職務経歴書・ハローワークの紹介状 を送付ください。書類選考後、面接日等を連絡します。 より労働条件の明示を受けてください。,2026年9月7日求人票（愛媛県住宅リフォーム）_2.pdf,42
建材・住宅設備の法人／ルート営業,住宅関連商品（サッシ等）の営業スタッフ（今治）,,愛媛,建築材料卸売業,〒 愛媛県今治市,193975,276664,True,True,必要な経験・知識・技能等不問,普通自動車運転免許必須 （AT限定不可）,Ｗｏｒｄ・Ｅｘｃｅｌの基本操作及び文字入力,,住宅関連商品（主要メーカー：ＬＩＸＩＬ）の営業販売を行ってい ただきます。 入社当初は固定得意先へのルート営業が中心です。 将来的には新規開拓もしていただきます。 ＊個人ノルマはありません。 ＊営業エリア：愛媛県内東予地方が中心 社用車（オートマ車）貸与あり ただしマニュアル車を運転する場合があります。 ＊入社後しばらくは松山本社にて研修を行います。 （未経験者歓迎） 変更の範囲：会社の定める業務 正社員 正社員登用 正社員登用の実績（過去３年間） 就業形態派遣・請負ではない,求人に関する特記事項 ※給与は実務経験・能力を総合的に判断して決定します。 ※昇給・賞与制度あり、実績あり、人事考課による。 ※無料駐車場あり ※事前に履歴書（写真添付）・職務経歴書・ハローワークの紹介状 を送付ください。書類選考後、面接日等を連絡します。 より労働条件の明示を受けてください。,2026年9月7日求人票（愛媛県住宅リフォーム）_2.pdf,43
住宅・リフォーム営業（提案営業）,住宅建築・リフォーム営業,カブシキガイシャビルリ 株式会社びるり,愛媛,建築リフォーム工事業,〒790-0065 愛媛県松山市宮西一丁目４番４３号大智ビル３Ｆ,187000,230000,True,True,必要な経験・知識・技能等不問,マニュアル車あれば優遇 普通自動車運転免許必須 （AT限定可）,,,○建築工事に掛かる顧客営業業務 ・住宅新築、リフォーム工事等の営業、提案、見積等 ・積算業務 未経験の方も応募可能です。丁寧に研修します。 研修・見習期間を経て、上記の業務を行います。 事前見学可能です。お気軽にお問い合わせください。 変更範囲：変更なし 正社員 正社員登用 正社員登用の実績（過去３年間） 就業形態派遣・請負ではない,求人に関する特記事項 ＊マイカー通勤：無料駐車場あり ＊制服の無料貸与（夏服・冬服） ＊携帯電話支給 ＊事前に履歴書（写真貼付）・ハローワークの紹介状を送付してく ださい。書類選考後、面接日等をご連絡いたします。 より労働条件の明示を受けてください。,2026年9月7日求人票（愛媛県住宅リフォーム）_2.pdf,44
＜業界外＞介護・看護・給食,介護職員「サービス付き高齢者向け住宅ゆうゆう東石井」,カブシキガイシャユウユウシャ 株式会社悠遊社,愛媛,老人福祉・介護事業,〒790-0933 愛媛県松山市越智町３丁目１０番２８号 伊予鉄道北久米駅から車7分,185300,219300,True,False,必要な経験・知識・技能等不問,介護福祉士あれば尚可 ホームヘルパー２級必須 介護職員初任者研修修了者必須 いずれかの免許・資格所持で可 普通自動車運転免許あれば尚可（AT限定可）,,,サービス付き高齢者向け住宅に入居されている ご利用者様に対する必要な介護サービスを提供いただきます。 ・生活支援（掃除、洗濯） ・身体介護支援（入浴、排泄、食事等） 変更範囲：変更なし 正社員 正社員登用 正社員登用の実績（過去３年間） 就業形態派遣・請負ではない,求人に関する特記事項 ◆正社員での募集ですが、就業時間・日数の相談ＯＫです （例１…週５日１日あたり６時間＝週３０時間 例２…週３日１日あたり８時間＝週２４時間など） その場合、賃金は時給になりますので、よくご相談ください！ ＊無料駐車場あり ＊通勤手当：直線距離に応じて支給（会社規程あり） ＊初回賞与：入社後の経過期間によります ＊面接時に履歴書（写真貼付）・ハローワークの紹介状をお持ちく ださい ＊転勤の場合は本人の意志を尊重します ＊まずはご見学からも大歓迎です。ぜひ一度ご連絡ください！ より労働条件の明示を受けてください。,2026年9月7日求人票（愛媛県住宅リフォーム）_2.pdf,45
＜業界外＞介護・看護・給食,介護職員（住宅型有料老人ホーム・夜勤専門）,ユウゲンガイシャタチバナ 有限会社たちばな,愛媛,老人福祉・介護事業,〒799-3114 愛媛県伊予市灘町１３６番地２ 伊予鉄郡中港駅から徒歩5分,285000,310000,True,False,必要な経験・知識・技能等不問,介護職員実務者研修修了者必須 介護職員初任者研修修了者必須 介護福祉士必須 ホームヘルパー２級必須 いずれかの免許・資格所持で可 普通自動車運転免許あれば尚可（AT限定可）,簡単なＰＣ入力（記録はタブレット入力） ※入力指導あります,,住宅型有料老人ホーム２７室 ・２名体制の夜勤 ・夜間の排泄介助（おむつ交換・トイレ誘導） ・介護記録、その他身体介護等 変更範囲：会社の定める業務 正社員 正社員登用 正社員登用の実績（過去３年間） 就業形態派遣・請負ではない,求人に関する特記事項 ＊施設見学可能です！ご連絡ください。 ＊無料駐車場あり ＊事前に履歴書（写真貼付）・ハローワークの紹介状を送付してく ださい。書類選考後、面接日等をご連絡いたします。 ＊その他付記手当事項（ｄ）への補足 役職手当：０〜３０，０００円 能率手当あり ※新型コロナウイルス感染防止対策実施しています・ より労働条件の明示を受けてください。,2026年9月7日求人票（愛媛県住宅リフォーム）_2.pdf,46
＜業界外＞介護・看護・給食,サービス提供責任者（住宅型有料老人ホーム）,ユウゲンガイシャタチバナ 有限会社たちばな,愛媛,老人福祉・介護事業,〒799-3114 愛媛県伊予市灘町１３６番地２ 伊予鉄郡中港駅から徒歩5分,259000,265000,True,False,必要な経験・知識・技能等不問,介護職員実務者研修修了者必須 介護福祉士必須 いずれかの免許・資格所持で可 普通自動車運転免許あれば尚可（AT限定可）,簡単なＰＣ入力（記録はタブレット入力） ※入力指導あります,,住宅型有料老人ホーム（２７室）にて、介護業務全般、食事介助、 入浴介助、排泄介助、レクリエーションの企画等を行っていただ きます ・急変時の対応等、介護記録 ・その他身体介護等 ・書類作成 ※サービス提供責任者の経験がなくてもＯＫ！ 丁寧に指導いたします 変更範囲：会社の定める業務 正社員 正社員登用 正社員登用の実績（過去３年間） 就業形態派遣・請負ではない,求人に関する特記事項 ＊無料駐車場あり ＊事前に履歴書（写真貼付）・ハローワークの紹介状を送付してく ださい。書類選考後、面接日等をご連絡いたします。 ※新型コロナウイルス感染防止対策実施しています。 より労働条件の明示を受けてください。,2026年9月7日求人票（愛媛県住宅リフォーム）_2.pdf,47
＜業界外＞介護・看護・給食,介護職員（住宅型有料老人ホーム）,ユウゲンガイシャタチバナ 有限会社たちばな,愛媛,老人福祉・介護事業,〒799-3114 愛媛県伊予市灘町１３６番地２ 伊予鉄郡中港駅から徒歩5分,220000,245000,True,False,必要な経験・知識・技能等不問,介護職員実務者研修修了者必須 介護職員初任者研修修了者必須 介護福祉士必須 ホームヘルパー２級必須 いずれかの免許・資格所持で可 普通自動車運転免許あれば尚可（AT限定可）,簡単なＰＣ入力（記録はタブレット入力） ※入力指導あります,,住宅型有料老人ホーム（２７室）にて、介護業務・夜間業務に 従事していただきます ・食事介助、入浴介助、排泄介助、急変時の対応等 ２名体制の夜勤 ・夜間の排泄介助（おむつ交換・トイレ誘導）、介護記録、 ・その他身体介護等 変更範囲：会社の定める業務 正社員 正社員登用 正社員登用の実績（過去３年間） 就業形態派遣・請負ではない,求人に関する特記事項 ＊無料駐車場あり ＊事前に履歴書（写真貼付）・ハローワークの紹介状を送付してく ださい。書類選考後、面接日等をご連絡いたします。 ※新型コロナウイルス感染防止対策実施しています。 より労働条件の明示を受けてください。,2026年9月7日求人票（愛媛県住宅リフォーム）_2.pdf,48
住宅・リフォーム営業（提案営業）,住宅コーディネーター,カブシキガイシャサカイハウス 株式会社ＳＡＫＡＩＨＯＵＳＥ,愛媛,建築リフォーム工事業,〒790-0943 愛媛県松山市古川南３丁目１６番３９号 伊予鉄松山市駅から車10分,210000,280000,False,True,必要な経験・知識・技能等あれば尚可 住宅販売経験,宅地建物取引士（旧：宅地建物取引主任者）あれば尚可 一級建築士あれば尚可 二級建築士あれば尚可 １級・２級建築施工管理技士あれば尚可 普通自動車運転免許必須 （AT限定可）,◎基本的ＰＣスキル（ワード・エクセル）,,■仕様決め ■営業・工務サポート ■プランニング・提案 上記仕事内容に付随する業務 ＊エリア：松山市及びその近郊（社用車使用） 変更範囲：変更なし 正社員 正社員登用 正社員登用の実績（過去３年間） 就業形態派遣・請負ではない,求人に関する特記事項 ＊マイカー通勤：無料駐車場あり ＊事前に履歴書（写真貼付）・職務経歴書・ハローワークの紹介状 を送付してください。書類選考後、面接日等をご連絡いたします。 より労働条件の明示を受けてください。,2026年9月7日求人票（愛媛県住宅リフォーム）_2.pdf,49
住宅・リフォーム営業（提案営業）,リフォームアドバイザー／未経験可,カブシキガイシャクリタコウムテン 株式会社栗田工務店,愛媛,木造建築工事業,〒790-0921 愛媛県松山市福音寺町４０－１ 伊予鉄福音寺駅から徒歩10分,249800,262200,True,True,必要な経験・知識・技能等不問,建築系の資格取得者及び経験者を優遇。 普通自動車運転免許必須 （AT限定可）,簡単なパソコン操作（ワード・エクセル）,,建築工事におけるリフォームの現場調査、見積作成、施工管理を行 っていただきます。受注件数の８０％がリピート・紹介のご依頼の ため、安心して仕事ができます。御施主様は、高齢者・女性のお客 様が多いため、丁寧な対応を心掛けていただきます。 ＊勤務先は下記３店舗のいずれかになります。 ●本店：松山市福音寺町４０－１ ●東長戸店：松山市東長戸店４丁目８－３８ ●伊予店：伊予市米湊６８７－１ ＊移動に使用する車は自家用車を使用していただきます。 ＊お子様の学校行事等ご家庭の事情は考慮いたします。 変更範囲：会社の定める業務 正社員 正社員登用 正社員登用の実績（過去３年間） 就業形態派遣・請負ではない,求人に関する特記事項 ＊一次面接：役員・店長面接 ＊二次面接：社長・会長面接 ＊基本給は内定通知と同時に通知します。 ＊昇給・賞与は業績に応じて変動します。 ＊ノルマ・歩合給はありません。 ＊自家用車を通勤・業務で使用していただきます。 ＊無料駐車場あり。 ＊事前に履歴書（写真貼付）・職務経歴書・ハローワークの紹介状 を送付してください。書類選考後、面接日等をご連絡します。 より労働条件の明示を受けてください。,2026年9月7日求人票（愛媛県住宅リフォーム）_2.pdf,50
住宅・リフォーム営業（提案営業）,リフォームアドバイザー／経験者,カブシキガイシャクリタコウムテン 株式会社栗田工務店,愛媛,木造建築工事業,〒790-0921 愛媛県松山市福音寺町４０－１ 伊予鉄福音寺駅から徒歩10分,268100,329800,False,True,必要な経験・知識・技能等必須 建築関係の経験者,２級建築施工管理技士必須 １級建築施工管理技士あれば尚可 二級建築士あれば尚可 普通自動車運転免許必須 （AT限定可）,簡単なパソコン操作（ワード・エクセル）,,建築工事におけるリフォームの現場調査、見積作成、施工管理を行 っていただきます。受注件数の８０％がリピート・紹介のご依頼の ため、安心して仕事ができます。御施主様は、高齢者・女性のお客 様が多いため、丁寧な対応を心掛けていただきます。 ＊勤務先は下記３店舗のいずれかになります。 ●本店：松山市福音寺町４０－１ ●東長戸店：松山市東長戸店４丁目８－３８ ●伊予店：伊予市米湊６８７－１ ＊移動に使用する車は自家用車を使用していただきます。 ＊お子様の学校行事等ご家庭の事情は考慮いたします。 変更範囲：会社の定める業務 正社員 正社員登用 正社員登用の実績（過去３年間） 就業形態派遣・請負ではない,求人に関する特記事項 ＊一次面接：役員・店長面接 ＊二次面接：社長・会長面接 ＊基本給は内定通知と同時に通知します。 ＊昇給・賞与は業績に応じて変動します。 ＊ノルマ・歩合給はありません。 ＊自家用車を通勤・業務で使用していただきます。 ＊無料駐車場あり。 ＊事前に履歴書（写真貼付）・職務経歴書・ハローワークの紹介状 を送付してください。書類選考後、面接日等をご連絡します。 より労働条件の明示を受けてください。,2026年9月7日求人票（愛媛県住宅リフォーム）_3.pdf,1
住宅・リフォーム営業（提案営業）,リフォームアドバイザー／一級建築士,カブシキガイシャクリタコウムテン 株式会社栗田工務店,愛媛,木造建築工事業,〒790-0921 愛媛県松山市福音寺町４０－１ 伊予鉄福音寺駅から徒歩10分,323600,372600,True,True,必要な経験・知識・技能等不問,一級建築士必須 建築系の資格取得者及び経験者を優遇。 普通自動車運転免許必須 （AT限定可）,簡単なパソコン操作（ワード・エクセル）,,建築工事におけるリフォームの現場調査、見積作成、施工管理を行 っていただきます。受注件数の８０％がリピート・紹介のご依頼の ため、安心して仕事ができます。御施主様は、高齢者・女性のお客 様が多いため、丁寧な対応を心掛けていただきます。 ＊勤務先は下記３店舗のいずれかになります。 ●本店：松山市福音寺町４０－１ ●東長戸店：松山市東長戸店４丁目８－３８ ●伊予店：伊予市米湊６８７－１ ＊移動に使用する車は自家用車を使用していただきます。 ＊お子様の学校行事等ご家庭の事情は考慮いたします。 変更範囲：会社の定める業務 正社員 正社員登用 正社員登用の実績（過去３年間） 就業形態派遣・請負ではない,求人に関する特記事項 ＊一次面接：役員・店長面接 ＊二次面接：社長・会長面接 ＊基本給は内定通知と同時に通知します。 ＊昇給・賞与は業績に応じて変動します。 ＊ノルマ・歩合給はありません。 ＊自家用車を通勤・業務で使用していただきます。 ＊無料駐車場あり。 ＊事前に履歴書（写真貼付）・職務経歴書・ハローワークの紹介状 を送付してください。書類選考後、面接日等をご連絡します。 より労働条件の明示を受けてください。,2026年9月7日求人票（愛媛県住宅リフォーム）_3.pdf,2
＜業界外＞その他,オフハウスの販売スタッフ／未経験歓迎／住宅・家族手当あり,カブシキガイシャアリガトウサービス 株式会社ありがとうサービス,愛媛,管理，補助的経済活動を行,〒794-0063 今治市片山３丁目１０－３３「オフハウス今治片山店」 松山市南久米町２４３－１「オフハウス松山久米店」 新居浜市西喜光地町２－６「オフハウス新居浜西喜光地店」 今治駅から車10分,197238,214515,False,True,必要な経験・知識・技能等あれば尚可 リユースショップ、アパレル、家電屋、接客サービスなどでの勤務 経験がある方大歓迎！,普通自動車運転免許必須 （AT限定可）,ＰＣにてキーボードを使った簡単な作業があります。特に難しい 作業はなくキーボードにてローマ字入力ができればＯＫです。,高卒以上,色々な商品に触れられるので欲しいものが増えて困る方もいます！ 入社する時点で商品知識ゼロでＯＫ！というか知識がある方が 珍しいです。まずは見学にお越しください。 【リユースってどんな仕事？】…新規出店のため正社員大募集中… お客様からお持ち頂いた品物を査定・買取をして販売するお仕事で す。毎日いろんな品物が持ち込まれるので、レアものや掘り出し物 、憧れの商品に実際に触れることができ毎日楽しく働くことができ ます。 【「好き」を仕事に】…あの憧れの時計に触れられる！？… 趣味が仕事に出来ます。古着好き、家電好き、キャンプ好きな方 大歓迎！何も興味なくても働いているうちに多趣味になる人続出！ ＊変更範囲：変更無し 正社員 正社員登用 正社員登用の実績（過去３年間） 就業形態派遣・請負ではない,求人に関する特記事項 ■家族、単身者どちらも大切にする福利厚生を用意 ・ハネムーン休暇（結婚時１０日間連続で取得できる休暇） ・男性社員育休制度（子の出生日から７日連続で取得できる休暇） ・子ども手当（中学校卒業まで一人２０，０００円支給／月） ・社員寮（４０歳までの独身の方に適用※社内規定あり） ・転居費用補助（全額会社負担※社内規定あり） ■あなたのやる気と成長を応援 ・新規出店計画あり、活躍の舞台が広がります。スタッフ管理や 店舗運営などにも携わる店長への道も用意しています。 ・入社後研修、毎月フォロー研修、店長研修などスキルアップ研修 が充実しています。 ■各店の裁量権が大きく、徹底した現場主義だから面白い 大切にしていることは「深めて尖る」です。「あの人がいるから」 「あの商品を買うならあの店」など深く尖った特徴ある店作りをし ていただきます。店舗運営の多くを店長の裁量で進めることができ ます。 ■年収例（月収＋各種手当＋残業代） ３２０万円／入社２年目・２４歳／アルバイトからの社員雇用 ４００万円／入社１０年目・３２歳／新卒入社／店長 ＊オンライン自主応募可（オンライン自主応募の場合は紹介状不要 より労働条件の明示を受けてください。,2026年9月7日求人票（愛媛県住宅リフォーム）_3.pdf,3
住宅・リフォーム営業（提案営業）,リフォーム営業,カブシキガイシャアドバンス 株式会社アドバンス,愛媛,一般土木建築工事業,〒792-0829 愛媛県新居浜市松木町４－２５ 新居浜駅から車5分,270000,270000,True,True,必要な経験・知識・技能等不問,一級建築士あれば尚可 二級建築士あれば尚可 １級建築施工管理技士あれば尚可 ２級建築施工管理技士あれば尚可（以上の資格所持者優遇） 普通自動車運転免許必須 （AT限定可）,パソコン（ワード・エクセル）の基本操作,,自宅のリフォームを検討されているお客様に対しての 提案営業全般がお仕事になります。 ＜具体的な仕事内容＞ ・ヒアリング・ご提案 ・資材手配・アフターフォロー ★テレアポ・飛び込みどちらもナシ！ ＊経験者や有資格者 （１級・２級建築士、１級２級施工管理技士） は優遇します。 変更範囲：変更なし 正社員 正社員登用 正社員登用の実績（過去３年間） 就業形態派遣・請負ではない,求人に関する特記事項 ＊無料駐車場あり。 ※通勤手当は通勤距離に応じて段階的に支給額が決定します。 （上限額２８，０００円／月） ※昇給、賞与は会社の業績や個人の能力によって決定します。 （賞与は年２回） ※固定残業代は３１時間分として支給しますが、実際の時間外労働 時間は月平均２５時間程度となります。 ◆書類選考があるため、事前にハローワーク紹介状、履歴書（写真 貼付）を郵送してください。後日、選考結果等を通知します。 ※ハローワーク以外の職業紹介事業者からの営業はお断りします。 より労働条件の明示を受けてください。,2026年9月7日求人票（愛媛県住宅リフォーム）_3.pdf,4
住宅・リフォーム営業（提案営業）,住宅リフォーム担当者,カブシキガイシャフィディア（ホームデコ） 株式会社フィディア（ホームデコ）,鳥取,建築工事業（木造建築工事,〒683-0805 鳥取県米子市西福原６丁目１９－２９ ＪＲ境線冨士見町駅から徒歩23分,230000,380000,False,True,必要な経験・知識・技能等必須 建築工事の施工管理経験,二級建築士あれば尚可 ２級建築施工管理技士あれば尚可 一級建築士あれば尚可 ２級建築士又は２級建築施工管理技士以上あれば優遇 普通自動車運転免許必須 （AT限定可）,エクセル・ワード,,ホームデコ（米子・松江・境港・安来）に問合せのあった顧客の 要望を聞き取り、見積、設計、工事管理を行う。主に住宅・店舗 のリフォームを行う。 ＊創業６４年、旧社名（株）福井工務店、 年商１３億の建築工事主体のゼネコンです。 ＊変更範囲：当社業務全般 正社員 正社員登用 正社員登用の実績（過去３年間） 就業形態派遣・請負ではない,求人に関する特記事項 駐車場：有（無料） ＊応募希望の方は事前電話連絡の上、履歴書・工事経歴書を 本社事務部：手打宛送付してください。 書類選考の上、面接日時を連絡します。 より労働条件の明示を受けてください。,2026年9月7日求人票（鳥取県住宅リフォーム）_1.pdf,1
施工管理・現場監督（工務）,住宅施工管理,ミホテクノスカブシキガイシャ 美保テクノス株式会社,鳥取,一般土木建築工事業,〒683-0037 鳥取県米子市昭和町２５ 米子駅から徒歩10分,211880,319180,False,True,必要な経験・知識・技能等あれば尚可 施工管理,１級建築施工管理技士あれば尚可 ２級建築施工管理技士あれば尚可 普通自動車運転免許必須 （AT限定不可）,,,住宅の新築、リフォームの施工管理 安全管理・原価管理・品質管理・工程管理等行っていただきます。 ＊変更範囲：変更なし 正社員 正社員登用 正社員登用の実績（過去３年間） 就業形態派遣・請負ではない,求人に関する特記事項 ◆受付方法：弊社ホームページよりエントリーいただくか、応募 書類を直接郵送ください。求職者マイページからの登録可。 ◆オンライン自主応募可（自主応募の場合は紹介状を不要とする） ◆選考方法：書類選考、面接 ◆試用期間：３ヶ月（同条件） ※住宅施工管理の経験者は優遇します。 より労働条件の明示を受けてください。,2026年9月7日求人票（鳥取県住宅リフォーム）_1.pdf,2
施工管理・現場監督（工務）,木造住宅の施工管理職,カブシキガイシャミヨシサンギョウ 株式会社ミヨシ産業,鳥取,建築材料卸売業,〒683-0853 鳥取県米子市両三柳２３６０－８ ＪＲ境線後藤駅から徒歩25分,250000,350000,False,True,必要な経験・知識・技能等必須 木造住宅の現場管理,普通自動車運転免許必須 （AT限定不可）,,,新築住宅は大手ハウスメーカーの住宅をご担当いただきます。最新 の施工方法や安全管理について学ぶことができ、随時スキルアップ 可能な環境です。まずは、お客様との図面の打ち合わせから。大工 さんをはじめとする現場の職人さんとの進行・作業の打ち合わせか ら、必要な材料の発注、配送手配なども主務のひとつです。 ＊変更範囲：変更なし 正社員 正社員登用 正社員登用の実績（過去３年間） 就業形態派遣・請負ではない,求人に関する特記事項 ＊駐車場自己負担１，６５０円／月 ＊書類選考→一次選面接、筆記試験（一般常識）→役員面接 より労働条件の明示を受けてください。,2026年9月7日求人票（鳥取県住宅リフォーム）_1.pdf,3
設計・ＣＡＤオペレーター,木造住宅の実施設計,カブシキガイシャミヨシサンギョウ 株式会社ミヨシ産業,鳥取,建築材料卸売業,〒683-0853 鳥取県米子市両三柳２３６０－８ ＪＲ境線後藤駅から徒歩25分,205000,280000,False,True,必要な経験・知識・技能等あれば尚可 実務経験２年以上,二級建築士あれば尚可 木造建築士あれば尚可 普通自動車運転免許必須 （AT限定可）,,,建築に必要な各種計算業務や、官公庁に提出する書類の作成業務な どを行います。他にも耐震等級の計算なども設計のお仕事。幅広い 専門知識を身に付けられます。 頻繁にではありませんが、現場に赴き現地調査を行うこともありま す。図面通りに工事が進んでいるか確認するのも大事なお仕事です 。 ＊変更範囲：変更なし 正社員 正社員登用 正社員登用の実績（過去３年間） 就業形態派遣・請負ではない,求人に関する特記事項 ＊駐車場自己負担１６５０円／月 ＊書類選考→一次面接、筆記試験（一般常識）→役員面接 ＊有給休暇は１時間単位で取得できます。 より労働条件の明示を受けてください。,2026年9月7日求人票（鳥取県住宅リフォーム）_1.pdf,4
住宅・リフォーム営業（提案営業）,住宅営業（鳥取市）,カブシキガイシャイチジョウコウムテン 株式会社一条工務店,鳥取,一般土木建築工事業,〒680-0835 鳥取県鳥取市東品治１２１－９ 【鳥取事務所】,291500,291500,True,True,必要な経験・知識・技能等不問,普通自動車運転免許必須 （AT限定可）,,,モデルハウスにご来場されるお客様に家づくりのアドバイスをする ことから始まり、地盤調査・プラン作成・資金計画から上棟・お引 渡しまで全ての窓口を担当します。 設計担当・工事担当など専門スタッフと協力しながら、お客様の要 望を一つ一つ叶えていきます。そのお客様のためだけに建てる世界 にたった一つの「家」です。 お客様にご満足頂いた時の喜びは必ずあなたの”やりがい・自信” につながっていきます。 家族の一員のように、一緒になって家の完成を喜び合える、そんな 信頼関係を築き上げて下さい。 変更範囲：変更なし 正社員 正社員登用 正社員登用の実績（過去３年間） 就業形態派遣・請負ではない,求人に関する特記事項 【ＣＣＵＳ登録事業所】 ＊マイカーでの営業業務となります。通勤・営業業務で使用した ガソリン代は会社負担（上限３５０００円） ＊入社後当面は転勤はありません ＊賞与は個々の成績により異なります。 ＊営業手当は１年間保障し通常勤務の場合続きます。 ＊業界未経験者歓迎。研修制度あり＊無料駐車場あり ※パソコンのメールアドレスをご記入の上、事前に紹介状・履歴書 （写貼）職務履歴書を郵送願います。質問等なければ事前連絡不要 ※ホームページ（ｈｔｔｐ：／／ｉｃｈｉｊｏ．ｊｐ／）の採用 情報を是非ご覧下さい。応募前の職場見学：可 「応募にはハローワークの紹介状が必要です」 【オンライン自主応募可求人】オンライン自主応募の際は、「自主 応募」ボタンから応募してください。 ◆オンライン自主応募に関することは当事者間で対応してください ◆オンライン自主応募の場合、ハローワーク等の職業紹介を要件と する助成金［特定求職者雇用開発助成金・トライアル雇用助成金・ 雇用保険の再就職手当等］は対象外です！ より労働条件の明示を受けてください。,2026年9月7日求人票（鳥取県住宅リフォーム）_1.pdf,5
住宅・リフォーム営業（提案営業）,住宅営業（米子市）,カブシキガイシャイチジョウコウムテン 株式会社一条工務店,鳥取,一般土木建築工事業,〒683-0003 鳥取県米子市皆生３－１１－２３ 【米子事務所】,291500,291500,True,True,必要な経験・知識・技能等不問,普通自動車運転免許必須 （AT限定可）,,,モデルハウスにご来場されるお客様に家づくりのアドバイスをする ことから始まり、地盤調査・プラン作成・資金計画から上棟・お引 渡しまで全ての窓口を担当します。 設計担当・工事担当など専門スタッフと協力しながら、お客様の要 望を一つ一つ叶えていきます。そのお客様のためだけに建てる世界 にたった一つの「家」です。 お客様にご満足頂いた時の喜びは必ずあなたの”やりがい・自信” につながっていきます。 家族の一員のように、一緒になって家の完成を喜び合える、そんな 信頼関係を築き上げて下さい。 変更範囲：変更なし 正社員 正社員登用 正社員登用の実績（過去３年間） 就業形態派遣・請負ではない,求人に関する特記事項 【ＣＣＵＳ登録事業所】 ＊マイカーでの営業業務となります。通勤・営業業務で使用した ガソリン代は会社負担（上限３５０００円） ＊入社後当面は転勤はありません ＊賞与は個々の成績により異なります。 ＊営業手当は１年間保障し通常勤務の場合続きます。 ＊業界未経験者歓迎。研修制度あり＊無料駐車場あり ※パソコンのメールアドレスをご記入の上、事前に紹介状・履歴書 （写貼）職務履歴書を郵送願います。質問等なければ事前連絡不要 ※ホームページ（ｈｔｔｐ：／／ｉｃｈｉｊｏ．ｊｐ／）の採用 情報を是非ご覧下さい。応募前の職場見学：可 「応募にはハローワークの紹介状が必要です」 【オンライン自主応募可求人】オンライン自主応募の際は、「自主 応募」ボタンから応募してください。 ◆オンライン自主応募に関することは当事者間で対応してください ◆オンライン自主応募の場合、ハローワーク等の職業紹介を要件と する助成金［特定求職者雇用開発助成金・トライアル雇用助成金・ 雇用保険の再就職手当等］は対象外です！ より労働条件の明示を受けてください。,2026年9月7日求人票（鳥取県住宅リフォーム）_1.pdf,6
施工管理・現場監督（工務）,注文住宅の施工管理（鳥取市）,カブシキガイシャイチジョウコウムテン 株式会社一条工務店,鳥取,一般土木建築工事業,〒680-0835 鳥取県鳥取市東品治町１２１－９ 【鳥取事務所】,262000,472000,True,True,必要な経験・知識・技能等必須 実務経験（経験年数不問、住宅経験不問）ゼネコン経験者も歓迎。 お客様の満足に喜びを感じていただける方を歓迎します,一級建築士必須 二級建築士必須 ２級建築施工管理技士必須 一級・二級建築士または一級・二級建築施工管理技士 いずれかの免許・資格所持で可 普通自動車運転免許必須 （AT限定可）,,,お客様の夢やライフスタイルに合わせて作成された設計図が、実際 の家として完成するまでの指揮監督。１現場３〜３．５ヶ月程の 工期で、年間２０〜３０棟を担当。 当社の施工管理職の一番の醍醐味は、お客様と直接やりとりし、 反応を直に感じながら、世界最高水準のハイスペック住宅を造り上 げていけるところです。時には７〜１０の現場を同時進行させます 。的確な業務手配により、工期短縮と施工精度の向上をすることも 重要。任された現場は責任を持って、設計図通りに施工されている か確認してください。 変更範囲：変更なし 正社員 正社員登用 正社員登用の実績（過去３年間） 就業形態派遣・請負ではない,求人に関する特記事項 【ＣＣＵＳ登録事業所】 入社後、当面は転勤はありません。 【採用ＨＰ】 ｈｔｔｐ：／／ｓａｉｙｏ．ｉｃｈｉｊｏ．ｃｏ．ｊｐ／ を是非ご覧ください。 無料駐車場あり 事前に応募書類を本社へ郵送願います。 面接は本社で行う場合があります。（交通費弊社負担） （質問等なければ、事前電話連絡不要） 賞与について：前年度実績年２回賞与月数１〜５ヶ月 「応募にはハローワークの紹介状が必要です」 【オンライン自主応募可求人】オンライン自主応募の際は、「自主 応募」ボタンから応募してください。 ◆オンライン自主応募に関することは当事者間で対応してください ◆オンライン自主応募の場合、ハローワーク等の職業紹介を要件と する助成金［特定求職者雇用開発助成金・トライアル雇用助成金・ 雇用保険の再就職手当等］は対象外です！ より労働条件の明示を受けてください。,2026年9月7日求人票（鳥取県住宅リフォーム）_1.pdf,7
施工管理・現場監督（工務）,注文住宅の施工管理（米子市）,カブシキガイシャイチジョウコウムテン 株式会社一条工務店,鳥取,一般土木建築工事業,〒683-0003 鳥取県米子市皆生３－１１－２３ 【米子事務所】,262000,472000,True,True,必要な経験・知識・技能等必須 実務経験（経験年数不問、住宅経験不問）ゼネコン経験者も歓迎。 お客様の満足に喜びを感じていただける方を歓迎します,一級建築士必須 二級建築士必須 ２級建築施工管理技士必須 一級・二級建築士または一級・二級建築施工管理技士 いずれかの免許・資格所持で可 普通自動車運転免許必須 （AT限定可）,,,お客様の夢やライフスタイルに合わせて作成された設計図が、実際 の家として完成するまでの指揮監督。１現場３〜３．５ヶ月程の 工期で、年間２０〜３０棟を担当。 当社の施工管理職の一番の醍醐味は、お客様と直接やりとりし、 反応を直に感じながら、世界最高水準のハイスペック住宅を造り上 げていけるところです。時には７〜１０の現場を同時進行させます 。的確な業務手配により、工期短縮と施工精度の向上をすることも 重要。任された現場は責任を持って、設計図通りに施工されている か確認してください。 変更範囲：変更なし 正社員 正社員登用 正社員登用の実績（過去３年間） 就業形態派遣・請負ではない,求人に関する特記事項 【ＣＣＵＳ登録事業所】 入社後、当面は転勤はありません。 【採用ＨＰ】 ｈｔｔｐ：／／ｓａｉｙｏ．ｉｃｈｉｊｏ．ｃｏ．ｊｐ／ を是非ご覧ください。 無料駐車場あり 事前に応募書類を本社へ郵送願います。 面接は本社で行う場合があります。（交通費弊社負担） （質問等なければ、事前電話連絡不要） 賞与について：前年度実績年２回賞与月数１〜５ヶ月 「応募にはハローワークの紹介状が必要です」 【オンライン自主応募可求人】オンライン自主応募の際は、「自主 応募」ボタンから応募してください。 ◆オンライン自主応募に関することは当事者間で対応してください ◆オンライン自主応募の場合、ハローワーク等の職業紹介を要件と する助成金［特定求職者雇用開発助成金・トライアル雇用助成金・ 雇用保険の再就職手当等］は対象外です！ より労働条件の明示を受けてください。,2026年9月7日求人票（鳥取県住宅リフォーム）_1.pdf,8
設計・ＣＡＤオペレーター,注文住宅の企画・設計（米子市）,カブシキガイシャイチジョウコウムテン 株式会社一条工務店,鳥取,一般土木建築工事業,〒683-0003 鳥取県米子市皆生３－１１－２３ 【米子事務所】,312000,512000,True,True,必要な経験・知識・技能等必須 実務経験者（年数不問）,一級建築士必須 二級建築士必須 いずれかの免許・資格所持で可 普通自動車運転免許必須 （AT限定可）,,,木造注文住宅プランの企画・製図。敷地調査。建築確認等の申請 業務。 注文住宅ですから定型的なパターンはありません。何度も打合せを 繰り返す中からお客様の夢や漠然としたイメージをカタチにする 仕事です。 一条の設計担当は建築現場を見に行く機会も多くお客様がとても 身近に感じられます。一条の技術力とあなたの技術屋魂をフルに活 かし、お客様と一緒に家を造り上げてください 変更範囲：変更なし 正社員 正社員登用 正社員登用の実績（過去３年間） 就業形態派遣・請負ではない,求人に関する特記事項 【ＣＣＵＳ登録事業所】 入社後、当面は転勤はありません。 【採用ＨＰ】 ｈｔｔｐ：／／ｓａｉｙｏ．ｉｃｈｉｊｏ．ｃｏ．ｊｐ／ を是非ご覧ください。 無料駐車場あり 事前に応募書類を本社へ郵送願います。 面接は本社で行う場合があります。（交通費弊社負担） （質問等なければ、事前電話連絡不要） 賞与について：前年度実績年２回賞与月数１〜５ヶ月 「応募にはハローワークの紹介状が必要です」 【オンライン自主応募可求人】オンライン自主応募の際は、「自主 応募」ボタンから応募してください。 ◆オンライン自主応募に関することは当事者間で対応してください ◆オンライン自主応募の場合、ハローワーク等の職業紹介を要件と する助成金［特定求職者雇用開発助成金・トライアル雇用助成金・ 雇用保険の再就職手当等］は対象外です！ より労働条件の明示を受けてください。,2026年9月7日求人票（鳥取県住宅リフォーム）_1.pdf,9
設計・ＣＡＤオペレーター,注文住宅の企画・設計（鳥取市）,カブシキガイシャイチジョウコウムテン 株式会社一条工務店,鳥取,一般土木建築工事業,〒680-0835 鳥取県鳥取市東品治町１２１－９ 【鳥取事務所】,312000,512000,True,True,必要な経験・知識・技能等必須 実務経験者（年数不問）,一級建築士必須 二級建築士必須 いずれかの免許・資格所持で可 普通自動車運転免許必須 （AT限定可）,,,木造注文住宅プランの企画・製図。敷地調査。建築確認等の申請 業務。 注文住宅ですから定型的なパターンはありません。何度も打合せを 繰り返す中からお客様の夢や漠然としたイメージをカタチにする 仕事です。 一条の設計担当は建築現場を見に行く機会も多くお客様がとても 身近に感じられます。一条の技術力とあなたの技術屋魂をフルに活 かし、お客様と一緒に家を造り上げてください 変更範囲：変更なし 正社員 正社員登用 正社員登用の実績（過去３年間） 就業形態派遣・請負ではない,求人に関する特記事項 【ＣＣＵＳ登録事業所】 入社後、当面は転勤はありません。 【採用ＨＰ】 ｈｔｔｐ：／／ｓａｉｙｏ．ｉｃｈｉｊｏ．ｃｏ．ｊｐ／ を是非ご覧ください。 無料駐車場あり 事前に応募書類を本社へ郵送願います。 面接は本社で行う場合があります。（交通費弊社負担） （質問等なければ、事前電話連絡不要） 賞与について：前年度実績年２回賞与月数１〜５ヶ月 「応募にはハローワークの紹介状が必要です」 【オンライン自主応募可求人】オンライン自主応募の際は、「自主 応募」ボタンから応募してください。 ◆オンライン自主応募に関することは当事者間で対応してください ◆オンライン自主応募の場合、ハローワーク等の職業紹介を要件と する助成金［特定求職者雇用開発助成金・トライアル雇用助成金・ 雇用保険の再就職手当等］は対象外です！ より労働条件の明示を受けてください。,2026年9月7日求人票（鳥取県住宅リフォーム）_1.pdf,10
住宅・リフォーム営業（提案営業）,住宅リフォーム営業（米子）,カブシキガイシャシマヅグミ 株式会社島津組,鳥取,一般土木建築工事業,〒683-0009 鳥取県米子市観音寺新町３丁目４番２９号 東山公園駅から徒歩5分,222350,393410,False,True,必要な経験・知識・技能等あれば尚可 職種問わず営業経験者優遇,宅地建物取引士（旧：宅地建物取引主任者）あれば尚可 普通自動車運転免許必須 （AT限定可）,簡単なパソコン操作,,お客様から住まいに関するお悩みやご要望をお聞きし、リフォーム のご提案を行っていただきます。 営業活動やお客様対応は設計士とチームで行うため、建設業界未経 験の方でも安心してスタートできます。 入社後は先輩社員が丁寧にサポートし、住宅やリフォームの知識を 基礎から学んでいただきます。 ＊変更範囲：変更なし 正社員 正社員登用 正社員登用の実績（過去３年間） 就業形態派遣・請負ではない,求人に関する特記事項 ●設計士と一緒に活動するので業界未経験でも安心です。 興味がある方は、ぜひ飛び込んでみてください。 ●打ち合わせには、必要に応じてコーディネーターや 施工管理担当者も同席します。 ●やりがいは「島津組の家は自由設計」であること。 お客様にあわせたオリジナル設計です。だからこそ、 あなたの提案がお客様の喜びにつながります。 やりがいのある仕事ですよ。 ●社員が自慢の会社です。社員の声 「とにかく社員みんなの人柄がいい。会社に来るのが楽しい」 「お客様からも『親切で人柄が良い』と言われるぐらい、 人がいい会社です」 「もともと島津組のお客でした。誘われて社員になりたいと 思うぐらい人柄が素晴らしい」 ◇オンライン自主応募可（自主応募の場合は紹介状を不要とする） より労働条件の明示を受けてください。,2026年9月7日求人票（鳥取県住宅リフォーム）_1.pdf,11
住宅・リフォーム営業（提案営業）,住宅営業,カブシキガイシャシマヅグミ 株式会社島津組,鳥取,一般土木建築工事業,〒683-0009 鳥取県米子市観音寺新町３丁目４番２９号 東山公園駅から徒歩5分,211830,375840,False,True,必要な経験・知識・技能等あれば尚可 職種問わず基本的な営業経験または建築業界における何らかのご経 験か建築関連学科卒業,普通自動車運転免許必須 （AT限定可）,簡単なパソコン操作,,●お客様はリピーター様、ご紹介先様、展示会ご来場者様です 住宅の新築、リフォームのご相談に応じ、ご提案をして頂きます ●飛び込み営業は一切ありません。 ※建築業界素人の方でも、設計士と営業活動を行いますので安心 して接客できます。 （建築関連の知識を入社後学ぶ必要はあります） ＊変更範囲：変更なし 正社員 正社員登用 正社員登用の実績（過去３年間） 就業形態派遣・請負ではない,求人に関する特記事項 ●設計士と一緒に活動するので業界未経験でも安心です。 興味がある方は、ぜひ飛び込んでみてください。 ●打ち合わせには、必要に応じてコーディネーターや 施工管理担当者も同席します。 ●やりがいは「島津組の家は自由設計」であること。 お客様にあわせたオリジナル設計です。だからこそ、 あなたの提案がお客様の喜びにつながります。 やりがいのある仕事ですよ。 ●社員が自慢の会社です。社員の声 「とにかく社員みんなの人柄がいい。会社に来るのが楽しい」 「お客様からも『親切で人柄が良い』と言われるぐらい、 人がいい会社です」 「もともと島津組のお客でした。誘われて社員になりたいと 思うぐらい人柄が素晴らしい」 ◇オンライン自主応募可（自主応募の場合は紹介状を不要とする） より労働条件の明示を受けてください。,2026年9月7日求人票（鳥取県住宅リフォーム）_1.pdf,12
施工技能職（大工・内外装・基礎・足場ほか）,外壁塗装リフォームアドバイザー,カブシキガイシャトサイコウボウ 株式会社塗彩工房,鳥取,塗装工事業,〒683-0804 鳥取県米子市米原５丁目１０番２４号,220000,350000,True,True,必要な経験・知識・技能等不問,普通自動車運転免許必須 （AT限定可）,,,飛び込み無しの完全反響型営業です。 日々の頑張りや成果をしっかり評価し、賞与や昇給というかたちで しっかり還元します。「どれだけ頑張っても給料が変わらない・・ ・」そんな不安とは無縁です。仕事にやりがいを感じながら、将来 設計もしやすい安定した収入を実現できます。 プライベートを大切にしながら、安心して長く働ける環境です。 【具体的な仕事内容】 ・現地調査・見積業務 ・リフォームプランの提案 ・各種ヒアリング ・現場の管理（工程・予算・品質など） ・ＨＰ更新作業など［変更範囲：変更なし］ 正社員 正社員登用 正社員登用の実績（過去３年間） 就業形態派遣・請負ではない,求人に関する特記事項 より労働条件の明示を受けてください。,2026年9月7日求人票（鳥取県住宅リフォーム）_1.pdf,13
施工管理・現場監督（工務）,住宅施工管理者（米子営業所）,カブシキガイシャコウノグミ 株式会社高野組,鳥取,一般土木建築工事業,〒683-0033 鳥取県米子市長砂町６５－１ 米子駅から車6分,200000,370000,False,True,必要な経験・知識・技能等あれば尚可 建築士、建築施工管理技士,一級建築士あれば尚可 １級建築施工管理技士あれば尚可 普通自動車運転免許必須 （AT限定不可）,Ｅｘｃｅｌ、Ｗｏｒｄ、ＪＷーＣＡＤの基本的な操作,,◎住宅現場（イシンホーム）の施工管理業務。 ◎工程管理・安全管理・予算管理・品質管理など営業、設計 コーディネーターと協力して、より良い品質になるよう 管理してもらいます。 【変更範囲：変更なし】 正社員 正社員登用 正社員登用の実績（過去３年間） 就業形態派遣・請負ではない,求人に関する特記事項 より労働条件の明示を受けてください。,2026年9月7日求人票（鳥取県住宅リフォーム）_1.pdf,14
住宅・リフォーム営業（提案営業）,住宅営業（米子営業所）,カブシキガイシャコウノグミ 株式会社高野組,鳥取,一般土木建築工事業,〒683-0033 鳥取県米子市長砂町６５－１ 米子営業所 米子駅から車6分,200000,300000,True,True,必要な経験・知識・技能等不問,普通自動車運転免許必須 （AT限定可）,,,◎『見学会・常設展示場』に来られたお客様からイメージを 聞き、それを受けて資金計画、プランの提案、契約、建 築中の打ち合わせ、お引き渡し後のアフターフォローま でを担当します ※飛び込み営業はありません ・これから新居を建てたいお客様の夢をカタチにする仕事です お客様に満足していただけるよう誠実であり、この業界に 興味がある方を希望します ・お客様の気持ちがこもった家が完成するととても感謝される ので、大きなやりがいを感じられるでしょう 【変更範囲：変更なし】 正社員 正社員登用 正社員登用の実績（過去３年間） 就業形態派遣・請負ではない,求人に関する特記事項 ※業務にあたってはマイカー（私有車）を 使用していただきます。（ガソリン支給）→※通勤手当無し ＊応募希望の方は事業所所在地に、履歴書・職務経歴書・紹介状 を郵送してください（職歴のない方は職務経歴書は不要です） 書類選考通過者には追って面接日時の連絡をします。 より労働条件の明示を受けてください。,2026年9月7日求人票（鳥取県住宅リフォーム）_1.pdf,15
施工管理・現場監督（工務）,リフォーム工事のお客様担当、現場管理者【見習い】,カブシキカイシャマツモトコウムテン 株式会社マツモト工務店,鳥取,管工事業（さく井工事業を,〒680-0911 鳥取県鳥取市千代水３丁目５９番地 山陰本線湖山駅から徒歩20分,202500,236250,False,False,必要な経験・知識・技能等あれば尚可 ＊施工管理等の経験者＊建築・設備関連の有資格者,不不問問,建築ＣＡＤが使えること、または覚えようとする意気込みがある方 。,,○住まいの新築・リフォーム工事の設計・現場管理の見習い ・リフォームをご依頼のお客様のご要望の聞き取り、現場調査、 プレゼン資料作成・見積書の作成、プレゼン、契約 ・予算書、工程表、注文書作成 ・工事段取り、現場管理、引き渡し、アフター管理 ※鳥取東部エリアが中心です。 ＊変更範囲：変更なし 正社員 正社員登用 正社員登用の実績（過去３年間） 就業形態派遣・請負ではない,求人に関する特記事項 お客様の笑顔を見続けて、信頼を誇りに 「いつも一生懸命！」の仕事を提供する人材を求めます。 ＊駐車場あり：無料 ＊正社員登用後：定年制あり６０歳、再雇用制度あり６５歳まで ＊育児・介護等でパート勤務希望の方は相談に応じます。 ＊６０歳以上の方は１年毎の契約社員で採用可能です。 ★ハローワークからのお願い→期限内であっても求人が 取下げされる場合もあります。早めにご相談ください。 より労働条件の明示を受けてください。,2026年9月7日求人票（鳥取県住宅リフォーム）_1.pdf,16
住宅・リフォーム営業（提案営業）,住宅営業／タマホーム米子店,タマホームカブシキガイシヤ タマホーム株式会社,鳥取,木造建築工事業,〒683-0801 鳥取県米子市新開６丁目４－３９ タマホーム米子店,211000,467000,False,True,必要な経験・知識・技能等あれば尚可 エクセルを使用した事務経験や接客経験,宅地建物取引士（旧：宅地建物取引主任者）あれば尚可 普通自動車運転免許必須 （AT限定可）,,,モデルハウスに来場されたお客様へ、タマホームの住宅を提 案していただきます。一方的な飛び込み営業は禁止のため、 お客様と一緒にじっくりと「理想の家づくり」が可能！ 主な業務内容は、下記のとおりです。 ●住宅に関するご希望のヒアリング、プラン作成 ●住宅建設地の敷地調査、現地調査、役所調査 ●住宅ローンのご相談等 変更範囲：変更なし 正社員 正社員登用 正社員登用の実績（過去３年間） 就業形態派遣・請負ではない,求人に関する特記事項 ＊全国転勤ありの求人です。 ＊賃金は経験により決定します。 ＊賞与は業績により変動いたします。 ＊応募書類は返送いたしません。 ＊有給休暇については入社時に前倒しで１０日付与となります。 ＜選考の流れ書類選考→面接＞ 質問がない場合、ハローワークの紹介を受ければ事前連絡がなくて も応募可能です。応募希望の方は、履歴書（写真貼付）・職歴があ る方は職務経歴書・ハローワークの紹介状をお送り下さい。 書類到着後、１０営業日程度でご連絡いたします。 ＜モデル年収＞ 入社７年目・４０歳・全国社員年収１，０６０万円 入社４年目・３５歳・地域限定社員年収７４０万円 ※２０２０年度全職種平均年収６９３万円（前年比３８万円増） より労働条件の明示を受けてください。,2026年9月7日求人票（鳥取県住宅リフォーム）_1.pdf,17
住宅・リフォーム営業（提案営業）,住宅営業／タマホーム米子店／エリア限定社員,タマホームカブシキガイシヤ タマホーム株式会社,鳥取,木造建築工事業,〒683-0801 鳥取県米子市新開６丁目４－３９ タマホーム米子店,197000,454000,False,True,必要な経験・知識・技能等あれば尚可 住宅営業経験、他業種での営業経験,宅地建物取引士（旧：宅地建物取引主任者）あれば尚可 普通自動車運転免許必須 （AT限定可）,,,モデルハウスに来場されたお客様へ、タマホームの住宅を提 案していただきます。一方的な飛び込み営業は禁止のため、 お客様と一緒にじっくりと「理想の家づくり」が可能！ 主な業務内容は、下記のとおりです。 ●住宅に関するご希望のヒアリング、プラン作成 ●住宅建設地の敷地調査、現地調査、役所調査 ●住宅ローンのご相談等 変更範囲：変更なし 正社員 正社員登用 正社員登用の実績（過去３年間） 就業形態派遣・請負ではない,求人に関する特記事項 ＊下記エリア内で転勤の可能性がある求人です。 中国エリア：鳥取県、島根県、岡山県、広島県、山口県 ＊賃金は経験により決定します。 ＊賞与は業績により変動いたします。 ＊応募書類は返送いたしません。 ＊有給休暇については入社時に前倒しで１０日付与となります。 ＜選考の流れ書類選考→面接＞ 質問がない場合、ハローワークの紹介を受ければ事前連絡がなくて も応募可能です。応募希望の方は、履歴書（写真貼付）・職歴があ る方は職務経歴書・ハローワークの紹介状をお送り下さい。 書類到着後、１０営業日程度でご連絡いたします。 ＜モデル年収＞ 入社７年目・４０歳・全国社員年収１，０６０万円 入社４年目・３５歳・地域限定社員年収７４０万円 ※２０２０年度全職種平均年収６９３万円（前年比３８万円増） より労働条件の明示を受けてください。,2026年9月7日求人票（鳥取県住宅リフォーム）_1.pdf,18
住宅・リフォーム営業（提案営業）,住宅営業／タマホーム米子店／地域限定社員,タマホームカブシキガイシヤ タマホーム株式会社,鳥取,木造建築工事業,〒683-0801 鳥取県米子市新開６丁目４－３９ タマホーム米子店,195000,441000,False,True,必要な経験・知識・技能等あれば尚可 住宅営業経験、他業種での営業経験,宅地建物取引士（旧：宅地建物取引主任者）あれば尚可 普通自動車運転免許必須 （AT限定可）,,,モデルハウスに来場されたお客様へ、タマホームの住宅を提 案していただきます。一方的な飛び込み営業は禁止のため、 お客様と一緒にじっくりと「理想の家づくり」が可能！ 主な業務内容は、下記のとおりです。 ●住宅に関するご希望のヒアリング、プラン作成 ●住宅建設地の敷地調査、現地調査、役所調査 ●住宅ローンのご相談等 変更範囲：変更なし 正社員 正社員登用 正社員登用の実績（過去３年間） 就業形態派遣・請負ではない,求人に関する特記事項 ＊転居をしない範囲で、転勤の可能性がある求人です。 ＊賃金は経験により決定します。 ＊賞与は業績により変動いたします。 ＊応募書類は返送いたしません。 ＊有給休暇については入社時に前倒しで１０日付与となります。 ＜選考の流れ書類選考→面接＞ 質問がない場合、ハローワークの紹介を受ければ事前連絡がなくて も応募可能です。応募希望の方は、履歴書（写真貼付）・職歴があ る方は職務経歴書・ハローワークの紹介状をお送り下さい。 書類到着後、１０営業日程度でご連絡いたします。 ＜モデル年収＞ 入社７年目・４０歳・全国社員年収１，０６０万円 入社４年目・３５歳・地域限定社員年収７４０万円 ※２０２０年度全職種平均年収６９３万円（前年比３８万円増） より労働条件の明示を受けてください。,2026年9月7日求人票（鳥取県住宅リフォーム）_1.pdf,19
住宅・リフォーム営業（提案営業）,住宅プランナー,カブシキガイシャケンチクコウボウアルバ 株式会社建築工房ＡＬＢＡ,鳥取,木造建築工事業,〒683-0004 鳥取県米子市上福原４丁目２－２７,250000,300000,False,True,必要な経験・知識・技能等あれば尚可 住宅営業・不動産営業の経験者優遇,普通自動車運転免許必須 （AT限定可）,パソコン基本操作（文字入力・ワード・エクセル）程度できる方,,■お問い合わせや展示場来場者への反響営業・ヒアリング ■ライフスタイルや予算に合わせた住宅プラン・資金計画の提案 ■設計担当との打ち合わせ、間取り・仕様の調整 ■契約手続きから着工・完成・引渡しまでの進捗管理 ■引渡し後の追加提案等のアフターフォローお客様の理想や暮らし 方に寄り添い、最適な住まいを提案することで高い顧客満足度に貢 献いただきます。 【業務内容の変更範囲】当社の指定する業務 正社員 正社員登用 正社員登用の実績（過去３年間） 就業形態派遣・請負ではない,求人に関する特記事項 より労働条件の明示を受けてください。,2026年9月7日求人票（鳥取県住宅リフォーム）_1.pdf,20
施工管理・現場監督（工務）,リフォーム営業・現場管理・配達,ユウゲンガイシャクラミツケンザイテン 有限会社倉光建材店,鳥取,建築材料卸売業,〒689-2352 鳥取県東伯郡琴浦町大字浦安２３３－１６ ＪＲ浦安駅から徒歩30分,190000,260000,True,True,必要な経験・知識・技能等不問,普通自動車運転免許必須 （AT限定可）,,,・お客様のニーズに合わせたリフォームプランの提案、見積作成 ・建材の仕入れや在庫の管理 ・新規顧客の開拓や既存顧客のフォロー ・営業成績や市場動向の分析・報告 ・リフォーム工事における現場管理 （工程管理・品質管理・安全管理など） ・外勤と内勤の割合はおおよそ７：３ ・業務ではスマートフォンやタブレットを使用 ・営業エリアは鳥取県内全域 ・対象顧客は個人・法人の両方（ノルマなし） ※男女問わず活躍できる仕事です。 【変更範囲：変更なし】 正社員 正社員登用 正社員登用の実績（過去３年間） 就業形態派遣・請負ではない,求人に関する特記事項 ・将来的に、就業時間の変更（８時〜１７時、６０分休憩）を 導入予定です。 ・営業成績に応じた歩合制があります。 （詳細は面接時にお伝えします。）なお、基本給は 求人票記載の通りです。 ・応募書類のメールでの提出は、担当者欄記載のアドレス宛に お願いします。 ※職歴のない方は「職務経歴書」不要です。 より労働条件の明示を受けてください。,2026年9月7日求人票（鳥取県住宅リフォーム）_1.pdf,21
＜業界外＞介護・看護・給食,相談員〈サービス付高齢者向け住宅翠のさと〉,ユウゲンガイシャミドリノサト 有限会社翠のさと,鳥取,老人福祉・介護事業,〒683-0805 鳥取県米子市西福原７丁目４－１ 介護付有料老人ホーム翠のさと 後藤駅から車10分,198000,228000,False,False,必要な経験・知識・技能等あれば尚可 経験者歓迎,介護福祉士あれば尚可 介護職員初任者研修修了者あれば尚可 介護職員実務者研修修了者あれば尚可 普通自動車運転免許あれば尚可（AT限定可）,,,サービス付高齢者向け住宅翠のさと （２階２０室、３階２０名合計４０室）の相談業務、また入居 者に対する生活支援サービスの業務です。 ・入退去に関する相談・契約に関する説明 ・入居者や家族からの生活に関する相談 ・施設見学への対応 ◇新人研修や実務を通して親切・丁寧にしっかりご指導させていた だきます。介護付ホームが初めての方や未経験の方も歓迎です。 ［変更範囲：変更なし］ 正社員以外 正社員以外の名称準職員 正社員登用あありり 正社員登用の実績（過去３年間） ３名 就業形態派遣・請負ではない,求人に関する特記事項 サービス付高齢者向け住宅翠のさとでは、ご入居者が出来る だけ安全に自立した生活を営む事が出来るように支援体制を 充実させ他サービスとも連携を図っていきます。 当施設でともに頑張っていただけるスタッフの方を 募集します。 ○誕生日特別休暇を設けています。 ○育児休業の取得実績があります。希望休もあり、ライフ イベントに対応しながら長く活躍していただけます。 ○無資格・未経験者歓迎します。ぜひご検討ください。 ◇オンライン自主応募可（自主応募の場合は紹介状を不要とする） より労働条件の明示を受けてください。,2026年9月7日求人票（鳥取県住宅リフォーム）_1.pdf,22
住宅・リフォーム営業（提案営業）,住宅の営業,コクタイケンセツカブシキガイシャトモエホーム 国太建設株式会社（巴ホーム）,鳥取,建築工事業（木造建築工事,〒680-0851 鳥取県鳥取市大杙２２０－２ 大杙駅から徒歩5分,200000,306000,True,True,必要な経験・知識・技能等不問,普通自動車運転免許必須 （AT限定可）,簡単なＰＣ操作,,住宅等の建築物の新設・改修・増築工事について、お客様と打ち合 わせ、契約、家の仕様などを決める 変更範囲：変更なし 正社員 正社員登用 正社員登用の実績（過去３年間） 就業形態派遣・請負ではない,求人に関する特記事項 ＊駐車場あり：無料 ◎和気あいあいとした職場です。 社員一同今後の発展に向けて頑張っております。 未経験者大歓迎です！ より労働条件の明示を受けてください。,2026年9月7日求人票（鳥取県住宅リフォーム）_1.pdf,23
住宅・リフォーム営業（提案営業）,準社員／リフォーム営業／ヤマダデンキ鳥取東店／３０１９,カブシキガイシャヤマダデンキ 株式会社ヤマダデンキ,鳥取,機械器具小売業（自動車，,〒680-0851 鳥取県鳥取市大杙２１７ ヤマダデンキテックランド鳥取東店 鳥取駅から車7分,216543,262683,False,True,必要な経験・知識・技能等必須 ※リフォーム営業経験者歓迎！,普通自動車運転免許必須 （AT限定可）,,,●仕事内容 リフォーム商品販売営業 １日２〜３件のアポイント済のお客様宅に訪問し提案。 難しい改築リフォームなどは、建築士がアドバイスや上司 が同行応援してくれるので未経験者をサポート。安心して 提案できるお仕事です。 ●仕事内容補足 若手からシニアの方まで幅広く活躍頂ける職場環境です！ 未経験者には、マニュアル・研修完備！経験者は特別優遇！ 【変更の範囲：リフォーム営業事務及び当社が定める業務】 正社員以外 正社員以外の名称準社員 正社員登用ななしし 正社員登用の実績（過去３年間） 就業形態派遣・請負ではない,求人に関する特記事項 ※リフォーム営業職務手当１５，６１７円〜２１，６５７円 （固定残業代とリフォーム営業職務手当の合計額は５０，０００円 です） ※最低賃金法を遵守します。 ※他の小売リフォームと違い、施工マネージャーを各店舗に配備 積算一級建築士も各エリアに配備し、本気のリフォーム事業。 当社グループに住宅設備機器メーカー・建材メーカー・住宅 メーカーがあり、他社にない提案が多数できます。 ※雇止めは満６５歳迄です。 ※履歴書、紹介状、職務経歴書を 人事部人事課（群馬県高崎市）宛てに郵送下さい。 ※質問等はハローワークの窓口を通じて行って下さい。 ※応募書類は返却致しません。 ※応募書類より取得した個人情報は 採用以外の目的には使用致しません。 ＊応募にはハローワークの紹介状が必要となります。 より労働条件の明示を受けてください。,2026年9月7日求人票（鳥取県住宅リフォーム）_1.pdf,24
配送・ドライバー,住宅用商品の組立て・配達・施工｜鳥取支店勤務,トリカイトーヨージュウキカブシキガイシャ 鳥飼トーヨー住器株式会社,鳥取,家具・建具・じゅう器等卸,〒680-0911 鳥取県鳥取市千代水４丁目１００ 鳥取支店,200000,260000,True,True,必要な経験・知識・技能等不問,ＡＴ限定の場合でも、ご相談可能です。 普通自動車運転免許必須 （AT限定不可）,,,ＬＩＸＩＬのフランチャイズ店として住宅用商品［サッシ（窓）・ 玄関ドア・室内ドア・キッチン・バスルーム・トイレ・カーポート など］を取り扱う会社です ＜業務内容＞ ●サッシ・ドアなどの商品組立て（電動ドライバー使用） ●住宅新築現場やリフォーム現場への配達・施工 ●お客様のご自宅へ訪問し、窓やドアの修理 ＊現場は鳥取市を中心とした、県内エリアです。 ＊現場への配達は１．５トン車を使用します。 ＊商品の積み下ろしは基本的に手作業となり、重量物の取り扱いも あるため、体力に自信のある方大歓迎です！ 正社員 正社員登用 正社員登用の実績（過去３年間） 就業形態派遣・請負ではない,求人に関する特記事項 ◆有給休暇消化率８１．３％・平均取得１２日（Ｒ７年度実績） ◆男性社員の育児休業取得実績あり ◆制服一部貸与あり ◆昼食代一部補助あり（会社指定業者） ◆水素水飲み放題 ◆メーカーの組立施工研修あり（不定期） ◆資格取得支援制度あり（会社が必要と認めた資格） ＊自分の組み立て・施工した商品が、形に残るお仕事です。 ＊住宅商品を扱い、商品に詳しくなり専門技術も身につきます！ ＊入社後は、先輩社員が同行して教えますので安心して作業に取 り組めます。 ＊２０代から５０代の幅広い年齢層の社員が活躍しています！ 変更範囲：会社が定める業務 より労働条件の明示を受けてください。,2026年9月7日求人票（鳥取県住宅リフォーム）_1.pdf,25
施工管理・現場監督（工務）,リフォーム施工管理,カブシキガイシャショウワケンセツ 株式会社松和建設,鳥取,一般土木建築工事業,〒683-0804 鳥取県米子市米原７丁目２－１ 後藤駅から徒歩10分,250000,400000,False,True,必要な経験・知識・技能等必須 経験者,二級建築士必須 ２級建築施工管理技士必須 いずれかの免許・資格所持で可 普通自動車運転免許必須 （AT限定不可）,ワード、エクセル、建築ＣＡＤ（ＪＷＣＡＤ等）,,【一般住宅のリフォーム・リノベーション現場の施工管理】 ・現場施工管理業務全般 ・現場調査、設計、積算 ・リフォームプランの提案 ・お客様打合せ ・現場施工管理（工程・予算・品質など） ・ＨＰ更新作業など ＊変更範囲：変更なし ＊ハローワークの窓口で事業所ホームページもご覧いただけます のでご利用ください。 ｈｔｔｐｓ：／／ｍａｔｓｕｙａ－ｒｅｆｏｒｍ．ｃｏｍ 正社員 正社員登用 正社員登用の実績（過去３年間） 就業形態派遣・請負ではない,求人に関する特記事項 ＊駐車場：有（無料） ＊制服：有 ＊業績により期末賞与の支給あり（３月） 直近６年間は業績好調につき毎年期末賞与を支給しています。 より労働条件の明示を受けてください。,2026年9月7日求人票（鳥取県住宅リフォーム）_1.pdf,26
住宅・リフォーム営業（提案営業）,住宅営業（分譲）／タマホーム米子支店,タマホームカブシキガイシヤ タマホーム株式会社,鳥取,木造建築工事業,〒683-0801 鳥取県米子市新開６丁目４－３９ タマホーム米子支店,211000,467000,False,True,必要な経験・知識・技能等必須 住宅営業経験又は分譲住宅販売経験又は用地仕入経験,宅地建物取引士（旧：宅地建物取引主任者）あれば尚可 普通自動車運転免許必須 （AT限定可）,,,主な業務内容は、下記のとおりです。 ●土地仕入れ ●分譲住宅販売 ●住宅に関するご希望のヒアリング、プラン作成 ●住宅建設地の敷地調査、現地調査、役所調査 ●住宅ローンのご相談等 ＊入社後６カ月は契約社員といたします。 その後、原則として正社員登用いたします。 契約期間中の基本的な待遇は正社員と同様です。 変更範囲：変更なし 正社員以外 正社員以外の名称契約期間満了後、原則として正社員登用 正社員登用あありり 正社員登用の実績（過去３年間） ２４名登用（全国実績） 就業形態派遣・請負ではない,求人に関する特記事項 ＊全国転勤ありの求人です。 ＊賃金は経験により決定します。 ＊賞与は業績により変動いたします。 ＊正社員登用の場合、定年は６５歳となります。 ＊応募書類は返送いたしません。 ＊有給休暇については入社時に前倒しで１０日付与となります。 ＜選考の流れ書類選考→面接＞ 質問がない場合、ハローワークの紹介を受ければ事前連絡がなくて も応募可能です。応募希望の方は、履歴書（写真貼付）・職務経歴 書・ハローワークの紹介状をお送り下さい。書類到着後、１０営業 日程度でご連絡いたします。 ＜モデル年収＞ 入社７年目・４０歳・全国社員年収１，０６０万円 入社４年目・３５歳・地域限定社員年収７４０万円 ※２０２０年度全職種平均年収６９３万円（前年比３８万円増） より労働条件の明示を受けてください。,2026年9月7日求人票（鳥取県住宅リフォーム）_1.pdf,27
住宅・リフォーム営業（提案営業）,住宅営業（分譲）／タマホーム米子支店／エリア限定,タマホームカブシキガイシヤ タマホーム株式会社,鳥取,木造建築工事業,〒683-0801 鳥取県米子市新開６丁目４－３９ タマホーム米子支店,197000,454000,False,True,必要な経験・知識・技能等必須 住宅営業経験又は分譲住宅販売経験又は用地仕入経験,宅地建物取引士（旧：宅地建物取引主任者）あれば尚可 普通自動車運転免許必須 （AT限定可）,,,主な業務内容は、下記のとおりです。 ●土地仕入れ ●分譲住宅販売 ●住宅に関するご希望のヒアリング、プラン作成 ●住宅建設地の敷地調査、現地調査、役所調査 ●住宅ローンのご相談等 ＊入社後６カ月は契約社員といたします。 その後、原則として正社員登用いたします。 契約期間中の基本的な待遇は正社員と同様です。 変更範囲：変更なし 正社員以外 正社員以外の名称契約期間満了後、原則として正社員登用 正社員登用あありり 正社員登用の実績（過去３年間） ２４名登用（全国実績） 就業形態派遣・請負ではない,求人に関する特記事項 ＊下記エリア内で転勤の可能性がある求人です。 中国エリア：鳥取県、島根県、岡山県、広島県、山口県 ＊賃金は経験により決定します。 ＊賞与は業績により変動いたします。 ＊正社員登用の場合、定年は６５歳となります。 ＊応募書類は返送いたしません。 ＊有給休暇については入社時に前倒しで１０日付与となります。 ＜選考の流れ書類選考→面接＞ 質問がない場合、ハローワークの紹介を受ければ事前連絡がなくて も応募可能です。応募希望の方は、履歴書（写真貼付）・職務経歴 書・ハローワークの紹介状をお送り下さい。書類到着後、１０営業 日程度でご連絡いたします。 ＜モデル年収＞ 入社７年目・４０歳・全国社員年収１，０６０万円 入社４年目・３５歳・地域限定社員年収７４０万円 ※２０２０年度全職種平均年収６９３万円（前年比３８万円増） より労働条件の明示を受けてください。,2026年9月7日求人票（鳥取県住宅リフォーム）_1.pdf,28
住宅・リフォーム営業（提案営業）,住宅営業（分譲）／タマホーム米子支店／地域限定社員,タマホームカブシキガイシヤ タマホーム株式会社,鳥取,木造建築工事業,〒683-0801 鳥取県米子市新開６丁目４－３９ タマホーム米子支店,195000,441000,False,True,必要な経験・知識・技能等必須 住宅営業経験又は分譲住宅販売経験又は用地仕入経験,宅地建物取引士（旧：宅地建物取引主任者）あれば尚可 普通自動車運転免許必須 （AT限定可）,,,主な業務内容は、下記のとおりです。 ●土地仕入れ ●分譲住宅販売 ●住宅に関するご希望のヒアリング、プラン作成 ●住宅建設地の敷地調査、現地調査、役所調査 ●住宅ローンのご相談等 ＊入社後６カ月は契約社員といたします。 その後、原則として正社員登用いたします。 契約期間中の基本的な待遇は正社員と同様です。 変更範囲：変更なし 正社員以外 正社員以外の名称契約期間満了後、原則として正社員登用 正社員登用あありり 正社員登用の実績（過去３年間） ２４名登用（全国実績） 就業形態派遣・請負ではない,求人に関する特記事項 ＊転居をしない範囲で、転勤の可能性がある求人です。 ＊賃金は経験により決定します。 ＊賞与は業績により変動いたします。 ＊正社員登用の場合、定年は６５歳となります。 ＊応募書類は返送いたしません。 ＊有給休暇については入社時に前倒しで１０日付与となります。 ＜選考の流れ書類選考→面接＞ 質問がない場合、ハローワークの紹介を受ければ事前連絡がなくて も応募可能です。応募希望の方は、履歴書（写真貼付）・職務経歴 書・ハローワークの紹介状をお送り下さい。 書類到着後、１０営業日程度でご連絡いたします。 ＜モデル年収＞ 入社７年目・４０歳・全国社員年収１，０６０万円 入社４年目・３５歳・地域限定社員年収７４０万円 ※２０２０年度全職種平均年収６９３万円（前年比３８万円増） より労働条件の明示を受けてください。,2026年9月7日求人票（鳥取県住宅リフォーム）_1.pdf,29
＜業界外＞介護・看護・給食,【正社員】高齢者住宅内の調理シニアステージ中野町別館,カブシキガイシャグランエフスタイル 株式会社グランエフスタイル松江営業所,鳥取,喫茶店,〒684-0041 鳥取県境港市中野町５３１１ シニアステージ中野町別館 上道駅から車5分,180600,231200,True,False,必要な経験・知識・技能等不問,不不問問,文字入力程度,,《入居者様の健康をお食事でサポート》 調理済み食材の盛付がメインのお仕事で未経験でも安心して始めら れ、提供食数も決まっているので慌てず計画的に作業ができます。 ［主なお仕事］ ・盛付：調理済食材を温め、お料理をお皿に盛り付ける作業 ・組膳：入居者様毎のお食事トレイに、盛付けた料理を並べる作業 →メイン・小鉢・汁・ごはんをお盆に配置します。 ・配膳チェック：入居者様毎のお料理に間違いがないかチェック ・洗浄：食べ終わった食器等を洗浄機で洗浄する作業など。 ・発注業務など。 〇コミュニケーションがとりやすく、福利厚生も充実しており長く お勤めいただける環境です。変更範囲：変更なし 正社員 正社員登用 正社員登用の実績（過去３年間） 就業形態派遣・請負ではない,求人に関する特記事項 【トライアル雇用併用求人】＊雇用期間等：３ヶ月（同条件） 【中高年層（ミドルシニア）歓迎求人】 ＊マイカー通勤可、無料駐車場有。バイク、自転車通勤可。 ＊通勤手当は日割りでの支給になります。 ＊雇用条件に応じて各種保険に加入します。 ＊年次有給休暇は週の所定労働日数に応じて付与します。 ＊応募希望の方は、事前連絡の上、応募書類を所在地に郵送して ください。追って面接日時・場所を連絡します。 ＊Ｗワーク（兼業可） ★グループの飲食店は、社員割引き（３割）で利用できます。 ★外国人歓迎！ （日本語での指示が理解でき、ひらがな、カタカナが読める方） ＊応募前職場見学可 ＊シニア歓迎求人 子育て世代〜７０代まで幅広い年代で協力して食事提出しており、 初めての方や多くの女性スタッフが生き生きとして働いています。 扶養内で働きたい、しっかり働きたいなど働き方についても気軽に ご相談ください。 より労働条件の明示を受けてください。,2026年9月7日求人票（鳥取県住宅リフォーム）_1.pdf,30
住宅・リフォーム営業（提案営業）,住宅営業／タマホーム鳥取店,タマホームカブシキガイシヤ タマホーム株式会社,鳥取,木造建築工事業,〒680-0921 鳥取県鳥取市古海６１５番１ タマホーム鳥取店,211000,467000,False,True,必要な経験・知識・技能等あれば尚可 住宅営業経験、他業種での営業経験,宅地建物取引士（旧：宅地建物取引主任者）あれば尚可 普通自動車運転免許必須 （AT限定可）,,,モデルハウスに来場されたお客様へ、タマホームの住宅を提 案していただきます。一方的な飛び込み営業は禁止のため、 お客様と一緒にじっくりと「理想の家づくり」が可能！ 主な業務内容は、下記のとおりです。 ●住宅に関するご希望のヒアリング、プラン作成 ●住宅建設地の敷地調査、現地調査、役所調査 ●住宅ローンのご相談等 変更範囲：変更なし 正社員 正社員登用 正社員登用の実績（過去３年間） 就業形態派遣・請負ではない,求人に関する特記事項 ＊全国転勤ありの求人です。 ＊賃金は経験により決定します。 ＊賞与は業績により変動いたします。 ＊応募書類は返送いたしません。 ＊有給休暇については入社時に前倒しで１０日付与となります。 ＜選考の流れ書類選考→面接＞ 質問がない場合、ハローワークの紹介を受ければ事前連絡がなくて も応募可能です。応募希望の方は、履歴書（写真貼付）・職歴ある 方は職務経歴書・ハローワークの紹介状をお送り下さい。 書類到着後、１０営業日程度でご連絡いたします。 より労働条件の明示を受けてください。,2026年9月7日求人票（鳥取県住宅リフォーム）_1.pdf,31
住宅・リフォーム営業（提案営業）,住宅営業／タマホーム鳥取店／エリア限定社員,タマホームカブシキガイシヤ タマホーム株式会社,鳥取,木造建築工事業,〒680-0921 鳥取県鳥取市古海６１５番１ タマホーム鳥取店,197000,454000,False,True,必要な経験・知識・技能等あれば尚可 住宅営業経験、他業種での営業経験,宅地建物取引士（旧：宅地建物取引主任者）あれば尚可 普通自動車運転免許必須 （AT限定可）,,,モデルハウスに来場されたお客様へ、タマホームの住宅を提 案していただきます。一方的な飛び込み営業は禁止のため、 お客様と一緒にじっくりと「理想の家づくり」が可能！ 主な業務内容は、下記のとおりです。 ●住宅に関するご希望のヒアリング、プラン作成 ●住宅建設地の敷地調査、現地調査、役所調査 ●住宅ローンのご相談等 変更範囲：変更なし 正社員 正社員登用 正社員登用の実績（過去３年間） 就業形態派遣・請負ではない,求人に関する特記事項 ＊下記エリア内で転勤の可能性がある求人です。 中国エリア：鳥取県、島根県、岡山県、広島県、山口県 ＊賃金は経験により決定します。 ＊賞与は業績により変動いたします。 ＊応募書類は返送いたしません。 ＊有給休暇については入社時に前倒しで１０日付与となります。 ＜選考の流れ書類選考→面接＞ 質問がない場合、ハローワークの紹介を受ければ事前連絡がなくて も応募可能です。応募希望の方は、履歴書（写真貼付）・職歴があ る方は職務経歴書・ハローワークの紹介状をお送り下さい。 書類到着後、１０営業日程度でご連絡いたします。 より労働条件の明示を受けてください。,2026年9月7日求人票（鳥取県住宅リフォーム）_1.pdf,32
住宅・リフォーム営業（提案営業）,住宅営業／タマホーム鳥取店／地域限定社員,タマホームカブシキガイシヤ タマホーム株式会社,鳥取,木造建築工事業,〒680-0921 鳥取県鳥取市古海６１５番１ タマホーム鳥取店,195000,441000,False,True,必要な経験・知識・技能等あれば尚可 住宅営業経験、他業種での営業経験,宅地建物取引士（旧：宅地建物取引主任者）あれば尚可 普通自動車運転免許必須 （AT限定可）,,,モデルハウスに来場されたお客様へ、タマホームの住宅を提 案していただきます。一方的な飛び込み営業は禁止のため、 お客様と一緒にじっくりと「理想の家づくり」が可能！ 主な業務内容は、下記のとおりです。 ●住宅に関するご希望のヒアリング、プラン作成 ●住宅建設地の敷地調査、現地調査、役所調査 ●住宅ローンのご相談等 来場時のご案内から契約〜引渡しまでの業務に携わります。 未経験の場合は先輩社員がサポートします。 もちろん経験者・有資格者は大歓迎です！ 変更範囲：変更なし 正社員 正社員登用 正社員登用の実績（過去３年間） 就業形態派遣・請負ではない,求人に関する特記事項 ＊転居をしない範囲で、転勤の可能性がある求人です。 ＊賃金は経験により決定します。 ＊賞与は業績により変動いたします。 ＊応募書類は返送いたしません。 ＊有給休暇については入社時に前倒しで１０日付与となります。 ＜選考の流れ書類選考→面接＞ 質問がない場合、ハローワークの紹介を受ければ事前連絡がなくて も応募可能です。応募希望の方は、履歴書（写真貼付）・職歴があ る方は職務経歴書・ハローワークの紹介状をお送り下さい。 書類到着後、１０営業日程度でご連絡いたします。 より労働条件の明示を受けてください。,2026年9月7日求人票（鳥取県住宅リフォーム）_1.pdf,33
＜業界外＞介護・看護・給食,【正社員】高齢者住宅内の調理シニアステージ浜ノ町,カブシキガイシャグランエフスタイル 株式会社グランエフスタイル松江営業所,鳥取,喫茶店,〒684-0003 鳥取県境港市浜ノ町６２－１ シニアステージ浜ノ町 境港駅から車3分,180600,231200,True,False,必要な経験・知識・技能等不問,不不問問,文字入力程度,,《入居者様の健康をお食事でサポート》 調理済み食材の盛付がメインのお仕事で未経験でも安心して始めら れ、提供食数も決まっているので慌てず計画的に作業ができます。 ［主なお仕事］ ・盛付：調理済食材を温め、お料理をお皿に盛り付ける作業 ・組膳：入居者様毎のお食事トレイに、盛付けた料理を並べる作業 →メイン・小鉢・汁・ごはんをお盆に配置します。 ・配膳チェック：入居者様毎のお料理に間違いがないかチェック ・洗浄：食べ終わった食器等を洗浄機で洗浄する作業など。 ・発注業務など。 〇コミュニケーションがとりやすく、福利厚生も充実しており長く お勤めいただける環境です。変更範囲：変更なし 正社員 正社員登用 正社員登用の実績（過去３年間） 就業形態派遣・請負ではない,求人に関する特記事項 【トライアル雇用併用求人】＊雇用期間等：３ヶ月（同条件） 【中高年層（ミドルシニア）歓迎求人】 ＊マイカー通勤可、無料駐車場有。バイク、自転車通勤可。 ＊通勤手当は日割りでの支給になります。 ＊応募希望の方は、事前連絡の上、応募書類を所在地に郵送して ください。追って面接日時・場所を連絡します。 ＊Ｗワーク（兼業可） ★グループの飲食店は、社員割引き（３割）で利用できます。 ★外国人歓迎！ （日本語での指示が理解でき、ひらがな、カタカナが読める方） ＊応募前職場見学可 ＊シニア歓迎求人 子育て世代〜７０代まで幅広い年代で協力して食事提出しており、 初めての方や多くの女性スタッフが生き生きとして働いています。 扶養内で働きたい、しっかり働きたいなど働き方についても気軽に ご相談ください。 より労働条件の明示を受けてください。,2026年9月7日求人票（鳥取県住宅リフォーム）_1.pdf,34
設計・ＣＡＤオペレーター,【急募】住宅の設計,コトブキホームズカブシキガイシャ 寿ホームズ株式会社,鳥取,木造建築工事業,〒682-0816 本社（鳥取県倉吉市駄経寺町２－３８－３）または 鳥取店（鳥取市南隈６３３）のいずれか,230000,300000,False,True,必要な経験・知識・技能等あれば尚可 住宅の設計,二級建築士必須 一級建築士あれば尚可 普通自動車運転免許必須 （AT限定可）,エクセル・ワード,,○主に住宅の新築・リフォーム業務における間取りの提案及び詳細 設計、現地調査、顧客との打ち合わせなどを行います。 【変更範囲：変更なし】 正社員 正社員登用 正社員登用の実績（過去３年間） 就業形態派遣・請負ではない,求人に関する特記事項 ＊賞与欄の賞与月数は、採用初年度の支給見込み月数を記載して おります。 より労働条件の明示を受けてください。,2026年9月7日求人票（鳥取県住宅リフォーム）_1.pdf,35
施工管理・現場監督（工務）,住まいのリフォームお客様担当、現場管理者【経験者】,カブシキカイシャマツモトコウムテン 株式会社マツモト工務店,鳥取,管工事業（さく井工事業を,〒680-0911 鳥取県鳥取市千代水３丁目５９番地 山陰本線湖山駅から徒歩20分,253125,337500,False,True,必要な経験・知識・技能等あれば尚可 ＊施工管理等の経験者＊建築・設備関連の有資格者,２級建築施工管理技士あれば尚可 １級建築施工管理技士あれば尚可 建築士（１級または２級）あれば尚可 普通自動車運転免許必須 （AT限定可）,建築ＣＡＤが使えること,,○住まいの新築・リフォーム工事の設計・現場管理 ・リフォームをご依頼のお客様のご要望の聞き取り、現場調査、 プレゼン資料作成・見積書の作成、プレゼン、契約 ・予算書、工程表、注文書作成 ・工事段取り、現場管理、引き渡し、アフター管理 ※鳥取東部エリアが中心です。 ＊変更範囲：変更なし 正社員 正社員登用 正社員登用の実績（過去３年間） 就業形態派遣・請負ではない,求人に関する特記事項 お客様の笑顔を見続けて、信頼を誇りに 「いつも一生懸命！」の仕事を提供する人材を求めます。 ＊駐車場あり：無料 ＊正社員登用後：定年制あり６０歳、再雇用制度あり６５歳まで ＊育児・介護等でパート勤務希望の方は相談に応じます。 ＊６０歳以上の方は１年毎の契約社員で採用可能です。 ★ハローワークからのお願い→期限内であっても求人が 取下げされる場合もあります。早めにご相談ください。 より労働条件の明示を受けてください。,2026年9月7日求人票（鳥取県住宅リフォーム）_1.pdf,36
建材・住宅設備の法人／ルート営業,工事部・住宅部のスタッフ,ホンジヨウガラスケンザイシヨウジカブシキガイシヤ 本城硝子建材商事株式会社,鳥取,建築材料卸売業,〒689-3541 鳥取県米子市二本木６６２－１ 伯耆大山駅から徒歩5分,230000,230000,True,True,必要な経験・知識・技能等不問,普通自動車運転免許必須 （AT限定可）,,,〇工事部スタッフ 主にビル、学校などの新築、リフォーム時に関わる建築資材の営業 および取り付け業務 ・既存取引先からのニーズの取得 ・見積書の作成 ・工事に向けた調整業務 ・現地調査、提案資料の作成 〇住宅部スタッフ 一般住宅の建築材料の販売および山陰各地のサッシ店、ガラス店へ のコース営業（取り次ぎ） ＊業務には社用車（普通車）を使用。 ＊変更範囲：会社の定める業務 正社員 正社員登用 正社員登用の実績（過去３年間） 就業形態派遣・請負ではない,求人に関する特記事項 ＊資格は入社後取得可 ＊業務用スマートフォンは会社から貸与 ＊通勤手当については距離に応じて支給（社内規定による） ＊駐車場：有（無料） 〇未経験の方でも安心して就業いただけます。 入社後はすぐに全ての業務をお任せするわけではありません。 ベテラン社員が多数おり、先輩社員のサポートを受けながら、 できることを増やしていくことができます。 より労働条件の明示を受けてください。,2026年9月7日求人票（鳥取県住宅リフォーム）_2.pdf,12
施工技能職（大工・内外装・基礎・足場ほか）,鍛冶工（溶接、金属加工、鉄骨組立加工）、住宅解体,カブシキガイシャニシムラケンコウ 株式会社西村建工,鳥取,その他の設備工事業,〒683-0832 鳥取県米子市立町４丁目１７９番地,220000,380000,True,False,必要な経験・知識・技能等不問,不不問問,,,弊社は、建設業をメインとし、職種は解体業と鍛冶工事業を行って おります。 ・解体工事 木造、鉄骨造住宅の解体工事に従事し、内装撤去、廃材の分別、搬 出、重機作業といった内容となります。 ・鍛冶工事 鉄骨の切断、加工、溶接作業などの鍛冶工事を行っております。 （↑こちらの作業はある程度の経験を要するため、まずは運搬業務 、火元の監視業務等の軽作業から始めてもらっておりますので、未 経験大歓迎です。） ［変更範囲：変更なし］ 正社員 正社員登用 正社員登用の実績（過去３年間） 就業形態派遣・請負ではない,求人に関する特記事項 ＊中国地方など他県への出張の可能性もありますが、本人の主張、 意思を尊重します。 ＊松江市（他県）での鍛冶工勤務の場合は希望であれば寮を用意 します。 ＊基本的に日給月給制ですが、希望、事情、環境等に応じて、 相談の上で決定します。 より労働条件の明示を受けてください。,2026年9月7日求人票（鳥取県住宅リフォーム）_2.pdf,13
住宅・リフォーム営業（提案営業）,住宅営業員（米子支店）,カブシキガイシャヒラギノ 株式会社ひらぎの,鳥取,木造建築工事業,〒683-0853 鳥取県米子市両三柳２９００－１１ 株式会社ひらぎの米子支店 米子駅から車10分,260000,466900,True,True,必要な経験・知識・技能等不問,宅地建物取引士証を有している方は賃金条件優遇します 普通自動車運転免許必須 （AT限定可）,ワード、エクセルの基本操作,,住まいづくりの第一歩をサポートする住宅営業のお仕事です。 具体的には、 ・展示場やモデルハウスへご来場されたお客様のご案内 ・土地探しや資金計画のご提案 ・間取りや住宅プランのご提案 ・お見積り作成やご契約手続き ・ベントや完成見学会での接客対応など 頑張りが成果としてしっかり評価されます！ 飛び込み営業はありません。「ひらぎの」の家に興味を 持ってくださった方への反響営業がメインです。 仕事内容の変更範囲：会社の定める業務 正社員 正社員登用 正社員登用の実績（過去３年間） 就業形態派遣・請負ではない,求人に関する特記事項 営業活動は基本的にマイカーを使用していただきます。 営業エリア：松江・安来〜米子方面 ☆専門的な知識は必要ありません。お客様とお話しすることが好き な方が向いています。 ☆行動力のある方、お客様のご要望にすぐに対応できる方、お客様 のことが気になる方 駐車場：完全無料 ◆シニア歓迎求人 応募前でも質問などお気軽にハローワークを通じてお問い合わせく ださい。 ＊応募希望の方は、ハローワークの紹介状・履歴書・職務経歴書を 事業所宛てに送付ください。 書類選考後、面接日等を連絡します。 より労働条件の明示を受けてください。,2026年9月7日求人票（鳥取県住宅リフォーム）_2.pdf,14
住宅・リフォーム営業（提案営業）,住宅営業員（鳥取支店）,カブシキガイシャヒラギノ 株式会社ひらぎの,鳥取,木造建築工事業,〒680-0903 鳥取県鳥取市南隈８８２ 株式会社ひらぎの鳥取支店 鳥取駅から車15分,260000,466900,True,True,必要な経験・知識・技能等不問,宅地建物取引士証を有している方は賃金条件優遇します 普通自動車運転免許必須 （AT限定可）,ワード、エクセルの基本操作,,住まいづくりの第一歩をサポートする住宅営業のお仕事です。 具体的には、 ・展示場やモデルハウスへご来場されたお客様のご案内 ・土地探しや資金計画のご提案 ・間取りや住宅プランのご提案 ・お見積り作成やご契約手続き ・ベントや完成見学会での接客対応など 頑張りが成果としてしっかり評価されます！ 経験者はもちろん、これまでの営業経験や接客経験を 活かしたい方も歓迎します。 正社員 正社員登用 正社員登用の実績（過去３年間） 就業形態派遣・請負ではない,求人に関する特記事項 営業活動は基本的にマイカーを使用していただきます。 営業エリア：松江・安来〜米子方面 ☆専門的な知識は必要ありません。お客様とお話しすることが好き な方が向いています。 ☆行動力のある方、お客様のご要望にすぐに対応できる方、お客様 のことが気になる方 仕事内容の変更範囲：会社の定める業務 駐車場：完全無料 ◆シニア歓迎求人 応募前でも質問などお気軽にハローワークを通じてお問い合わせく ださい。 ＊応募希望の方は、ハローワークの紹介状・履歴書・職務経歴書を 事業所宛てに送付ください。 書類選考後、面接日等を連絡します。 より労働条件の明示を受けてください。,2026年9月7日求人票（鳥取県住宅リフォーム）_2.pdf,15
設備工事（配管・電気・住宅設備）,新築・リフォーム・住宅設備の配管工（経験者採用／日野郡）,ヒロシマガスジュウセツカブシキガイシャ 広島ガス住設株式会社,鳥取,燃料小売業,〒689-4511 鳥取県日野郡日野町高尾４１１－１４ 広島ガス住設根雨営業所,230990,271850,False,True,必要な経験・知識・技能等必須 給排水設備工事経験３年以上,普通自動車運転免許必須 （AT限定不可）,,,鳥取県日野郡を中心に、給排水衛生設備工事をお任せします。 幅広く経験を積める現場責任者のポジションです。 ・給排水、ＬＰガスの配管工事 ・住宅設備の取付工事 ・案件に関わる各種書類の作成 ・未経験の設備配管工の育成など ■工事現場の割合など ・個人宅、飲食店など：８割 ・学校やスーパーなどの大型施設：２割 ・件数：１日に２〜３件程度（１〜３名体制） 変更範囲：会社の定める範囲 正社員 正社員登用 正社員登用の実績（過去３年間） 就業形態派遣・請負ではない,求人に関する特記事項 ■更なる技術習得を支える教育体制 ・入社時のスキルや知識に応じて、住宅や大型施設などの給排水衛 生設備工事をお任せします。 ・将来の現場責任者候補として、幅広い知識や技術を習得できる環 境をご提供いたします。 ・教育係の一員として部下の人材育成もお任せする予定です。 ・メーカー主催の勉強会やＬＰガスの保安講習会などの教育制度も 整っています。 ・資格取得支援制度もあり、未経験から手に職をつけることが可能 です！ ■職場環境 ・休みは週休２日制（土・日）・祝日に加え、残業は月平均１０ｈ と少なめです。 ・夏季・年末年始休暇以外にも長期休暇の取得が可能です。 ・等級ごとの業務分担が明確で、一つひとつ着実に覚えられる環境 です。 ・半期に１回、仕事への姿勢を正当に評価し、期末に処遇を決定し ます。 より労働条件の明示を受けてください。,2026年9月7日求人票（鳥取県住宅リフォーム）_2.pdf,16
住宅・リフォーム営業（提案営業）,営業（船橋市）,カブシキガイシャウォースペイント 株式会社ウォースぺイント,千葉,塗装工事業,〒274-0072 千葉県船橋市三山６丁目４５－４ 株式会社ウォースペイント船橋支店 京成電鉄本線実籾駅から車8分,250000,250000,True,False,必要な経験・知識・技能等不問,不不問問,,,◎一般住宅の塗装（外壁・屋根の塗替え）を中心とした リフォーム営業 営業活動エリア：船橋市等 変更範囲：変更なし 正社員 正社員登用 正社員登用の実績（過去３年間） 就業形態派遣・請負ではない,求人に関する特記事項 ＊応募の方は、事前連絡の上、面接日を確認して下さい。 面接日当日、応募書類を持参願います。 【事業主・求職者の皆様へ】 労働条件通知書や労働契約書等の書面により採用後の労働条件を 必ず確認しましょう。 より労働条件の明示を受けてください。,住宅＆リフォーム（千葉県）_1）.pdf,1
施工技能職（大工・内外装・基礎・足場ほか）,大工,カブシキガイシャセイミヤ 株式会社ＳＥＩМＩＹＡ,千葉,その他の職別工事業,〒278-0014 千葉県野田市下三ケ尾３４９—５ 東武野田線運河駅から車5分,230000,350000,False,True,必要な経験・知識・技能等あれば尚可 リフォーム工事、キッチン組立、家具造作,第二種電気工事士あれば尚可 普通自動車運転免許必須 （AT限定可）,,,住宅・店舗のリフォームや、キッチン、洗面化粧台の施工、オーダ ーメイド家具の製造。 変更範囲：なし 正社員 正社員登用 正社員登用の実績（過去３年間） 就業形態派遣・請負ではない,求人に関する特記事項 ＊＊ より労働条件の明示を受けてください。,住宅＆リフォーム（千葉県）_1）.pdf,2
施工技能職（大工・内外装・基礎・足場ほか）,（ト）現場作業員,ユウゲンガイシャダイコクケンソウ 有限会社大黒建装,千葉,建築リフォーム工事業,〒273-0115 千葉県鎌ケ谷市東道野辺７－２２－７８松宮ビル３Ｆ 東武野田線馬込沢駅から徒歩1分,200000,350000,True,True,必要な経験・知識・技能等不問,有期溶剤作業責任者あれば尚可 普通自動車運転免許必須 （AT限定可）,,,工事現場にて塗装作業やリフォーム作業に従事して頂きます ＊屋根・外壁の塗装、内装リフォーム ＊住宅のリフォーム ★トライアル雇用併用求人の為、応募の場合はハローワークでの職 業相談が必要です。 〔変更範囲：変更なし〕 正社員 正社員登用 正社員登用の実績（過去３年間） 就業形態派遣・請負ではない,求人に関する特記事項 マイカー通勤可／駐車場無料 ☆トライアル雇用対象者の選考は面接からになります。 ☆〈トライアル雇用期間中の求人条件〉試用期間と同じ ☆〈常用雇用移行要件〉 ・基本作業を１人で行えること ・顧客及び社員とのコミュニケーションがとれること ※事前連絡の上、履歴書（写真貼付）、職務経歴書、紹介状をご郵 送願います。書類到達後、７日以内で書類選考の結果及び面接日 程についてご連絡します。 より労働条件の明示を受けてください。,住宅＆リフォーム（千葉県）_1）.pdf,3
施工管理・現場監督（工務）,施工管理者,ユウゲンガイシャダイコクケンソウ 有限会社大黒建装,千葉,建築リフォーム工事業,〒273-0115 千葉県鎌ケ谷市東道野辺７－２２－７８松宮ビル３Ｆ 東武野田線馬込沢駅から徒歩1分,216000,324000,True,True,必要な経験・知識・技能等不問,一級建築士必須 １級建築施工管理技士必須 １級土木施工管理技士必須 どちらの資格も有している方は優遇します いずれかの免許・資格所持で可 普通自動車運転免許必須 （AT限定可）,,,住宅やビルの塗装工事やリフォーム工事の施工管理をしていただき ます。現地調査・見積もり作成や、行程・品質・安全等の施工管理 を行っていただきます。 〔変更範囲：変更なし〕 正社員 正社員登用 正社員登用の実績（過去３年間） 就業形態派遣・請負ではない,求人に関する特記事項 ※賃金締切日は毎月２０日、支払日は当月末となります。 より労働条件の明示を受けてください。,住宅＆リフォーム（千葉県）_1）.pdf,4
施工技能職（大工・内外装・基礎・足場ほか）,内装工事スタッフ（リフォーム工事）,カブシキガイシャリードソリューション 株式会社リードソリューション,千葉,自動車小売業,〒270-2223 千葉県松戸市秋山４７４－５ 北総線秋山駅から徒歩12分,220000,250000,True,False,必要な経験・知識・技能等不問,不不問問,,,自社で保有する中古戸建住宅の内装工事 （リノベーション・リフォーム）を企画から完成まで 一貫してプロデュースしていただきます。 担当物件に入居が決まればインセンティブとしてしっかり還元しま す！ 【主な業務内容】 ＊企画・デザイン：間取りや内装のデザインなど ＊現場作業：材料の選定やクロスの張替えなど ＊賃貸に出すための準備：写真撮影や紹介文の作成など 大きな組織ではないからこそ、裁量が大きいのが特徴です。 未経験でも構いません。 「変更の範囲：変更なし」 正社員 正社員登用 正社員登用の実績（過去３年間） 就業形態派遣・請負ではない,求人に関する特記事項 【求める人材】 ＊未経験歓迎 ＊ＤＩＹやインテリア、家づくりに興味がある方 ＊自分のアイデアを形にしたい方 【アピールポイント】 会社から細かい指示を出すのではなく、ある程度「個人の裁量」に お任せします。 自由度の高い環境で、あなたのセンスを形にしませんか？ ワクワク感がある仕事です。 インセンティブ＆賞与支給有り より労働条件の明示を受けてください。,住宅＆リフォーム（千葉県）_1）.pdf,5
メンテナンス・アフターサービス・点検,リフォームアフターサポート（未経験ＯＫ／柏市）,グランディリフォームカブシキガイシャ グランディリフォーム株式会社,千葉,建築リフォーム工事業,〒277-0855 千葉県柏市南柏１丁目１４番５号 グランディリフォーム株式会社千葉柏営業所,255000,270000,True,True,必要な経験・知識・技能等不問,普通自動車運転免許必須 （AT限定可）,,,・リフォームアフターメンテナンス（未経験ＯＫ） ・オーナー様のお住まいの点検や簡単な対応業務 ・お客様対応あり／住宅やリフォームに興味のある方歓迎 【具体的には】 ・リフォーム後のお住まいの定期点検 ・お客様からのご相談内容の確認、簡単な対応 ・必要に応じて社内や協力業者への連絡 ・点検内容の記録や報告書作成 【変更範囲：変更なし】 正社員 正社員登用 正社員登用の実績（過去３年間） 就業形態派遣・請負ではない,求人に関する特記事項 ・日曜が固定休日＋週１日火水土のいずれかが休める完全週休 ２日制のため自分や家族の時間を大切にしながら働けます。 ・お客様はグループ企業のグランディハウスで住宅を購入された 方がメインになります。メンテナンスや修繕を必要とする方の サポートを行っていただくお仕事です。 【特記事項】 ・社有車、ガソリンカード、携帯電話を貸与します。 通勤および業務は社有車を使用していただきます。 ・基本給にはライフプラン給を含んでおり、 任意で確定拠出年金へ拠出することも可能です。 ・転居を伴う転勤は原則ありません。 ただし将来的に配置転換により当社拠点間で転勤の可能性が あります。 ・従来の夏季賞与を月額給与へ組み込み、年収水準を維持しつつ、 毎月安定した収入を得られる給与体系としています。 より労働条件の明示を受けてください。,住宅＆リフォーム（千葉県）_1）.pdf,6
メンテナンス・アフターサービス・点検,住宅メンテナンススタッフ／松戸市【未経験大歓迎】,カブシキガイシャキャッツ 株式会社キャッツ,千葉,建物等維持管理業,〒270-0034 千葉県松戸市新松戸１丁目４３９番地８岡田ビル２Ｆ 松戸オフィス ＪＲ常磐線新松戸駅から徒歩2分,270000,350000,True,True,必要な経験・知識・技能等不問,普通自動車運転免許必須 （AT限定可）,,,当社の既存顧客様に向けた住宅のメンテナンス業務です。 【１日の業務の流れ】 ・お客様宅を訪問してお住まいの状態をチェックし、撮影した画像 をお見せしながら現状を報告 ・お客様からのご要望や修繕の必要があればリフォーム等のご提案 ・特に問題が無ければメンテナンスのみで終了 一日２〜３件実施します。住宅のつくりや商品知識についての研修 を約３か月間行いますし、先輩や上司がしっかりとサポートします ので、未経験からのスタートでも安心です。お客様から笑顔で 「ありがとう」が聞けることも仕事の楽しみの一つです。 お客様の大切な財産であるお家を一緒に守りませんか？ 正社員 正社員登用 正社員登用の実績（過去３年間） 就業形態派遣・請負ではない,求人に関する特記事項 【研修充実で安心！未経験の方も氷河期世代も大歓迎です】 ■先輩社員に同行し、住宅メンテナンスの方法やお客様への ご提案の仕方などを身に付けます。 ■住宅・商品の基礎知識や会社概要などを学ぶ座学研修を 定期的に実施します。 ■近くのショールームを見学し、実際に取り扱う商品の使い勝手の 良さを体感します。 ■リフォーム工事を見学し、工事の流れや解体の様子を実際に目で 見て学びます。お客様のリアクションも間近で体感できます。 ※研修は一人ひとりのペースに合わせて行っていきますので、初め ての業界・職種で不安な方もしっかりサポートしていきます！ 窓口紹介の際は事前連絡の上、履歴書・職歴のある方は職務経歴書 ・紹介状を郵送して下さい。 ＊従事すべき業務の変更の範囲：変更なし ＊マイカー通勤可：駐車場利用本人負担あり ※オンライン自主応募可：紹介状は必要ありません（ハローワーク 紹介が条件となる各種助成金や給付金の適用になりません）。 より労働条件の明示を受けてください。,住宅＆リフォーム（千葉県）_1）.pdf,7
施工技能職（大工・内外装・基礎・足場ほか）,建築板金職人,ツカサコウギョウ 司興業,千葉,板金・金物工事業,〒264-0021 千葉県千葉市若葉区若松町２０９１－８ 会社から関東一円の現場へ,280800,388800,True,False,必要な経験・知識・技能等不問,普通自動車運転免許あれば尚可（AT限定可）,,,システム建築の屋根、外壁工事です。 未経験、経験は問いません。 大手システム建築メーカーの仕事です。 ・在来建築板金工事 ・住宅リフォーム 【変更範囲：変更なし】 ◆ポリテクセンターやハロートレーニングの修了者歓迎！ 正社員 正社員登用 正社員登用の実績（過去３年間） 就業形態請負,求人に関する特記事項 ※ご応募の際は、ハローワークから連絡のうえ、面接当日に 応募書類をご持参ください。 ◆ポリテクセンターやハロートレーニングの修了者歓迎！ ◆あなたの学んだ知識や技術を当社で活かしてみませんか？ より労働条件の明示を受けてください。,住宅＆リフォーム（千葉県）_1）.pdf,8
建材・住宅設備の法人／ルート営業,法人ルート営業（住設東葛ＬＡＢ）,カブシキガイシャオグラ 株式会社オグラ,千葉,建築材料卸売業,〒270-0111 千葉県流山市江戸川台東３－６－１ 江戸川台駅から徒歩7分,285000,400000,True,True,必要な経験・知識・技能等不問,中型自動車免許あれば尚可 フォークリフト運転技能者あれば尚可 普通自動車運転免許必須 （AT限定可）,,,◆営業車（ワゴン車やバンなど）に乗車し、住設商品等の配送を兼 ねた受注活動及び新商品のＰＲ等を担当していただきます。 《具体的には》【変更範囲：変更なし】 ・営業商品は上下水道等のパイプ、バルブ、住宅関連・空調設備機 器などを販売します。 ・取引先は既存のリフォーム店や工務店等等 ・活動エリアは・東京東葛エリア・埼玉・千葉県周辺（配送先現場 による） ☆入社後２〜３か月は先輩社員と同乗し、多種多様にある商品を 理解し、同時に取引先との顔合わせも体験するなど、営業職と して必要な知識を習得していただきます。また、状況に応じて 他支店での一時的な研修勤務の可能性も有り得ます。 正社員 正社員登用 正社員登用の実績（過去３年間） 就業形態派遣・請負ではない,求人に関する特記事項 ☆指導や研修制度について スキルアップの為の社内研修やメーカー研修等の社外研修にも参加 し、業務に関わる知識全般を習得し、取引先への提案営業が出来る ように支援いたします。 ＊オンライン自主応募可 ＊オンラインにて応募の際はハローワーク紹介状は不要です。 【当社の福利厚生】千葉ロッテマリーンズ・鹿島アントラーズとの オフィシャルスポンサーです。／旅行補助金／ロッテマリーンズ年 間契約シートあり。鹿島スタジアムの希望シート申込可／旅行補助 金／コンタクトレンズ、眼鏡費用補助等 【給与例】 ＊４８０万円（２０代・入社３年目） ＊６５０万円（３０代・入社８年目） 《ちば働き方改革共同宣言賛同企業》 より労働条件の明示を受けてください。,住宅＆リフォーム（千葉県）_1）.pdf,9
施工技能職（大工・内外装・基礎・足場ほか）,【未経験者歓迎！】外構工事,シゲコウギョウモトムラシゲキ 繁興業本村繁樹,千葉,石工・れんが・タイル・ブ,〒292-0043 千葉県木更津市東太田４－５－９グランソレイユＡ２０３ ＪＲ内房線木更津駅から車10分,276000,276000,True,False,必要な経験・知識・技能等不問,普通自動車運転免許あれば尚可（AT限定可）,,,＊住宅の外構工事、ブロック積み、車庫・土間工事、タイル、左官 外構リフォームなどの工事を行っていただきます。 ＊経験者優遇します。未経験の方でも丁寧に指導します。 ＊仕事を覚えて、手に職をつけたい方、是非お待ちしています。 業務に必要な資格取得の支援をします。 ＊外国人の方も歓迎します。 ＊受注状況は良好で、仕事は切れずに入ってきます。 「変更範囲：変更なし」 正社員 正社員登用 正社員登用の実績（過去３年間） 就業形態派遣・請負ではない,求人に関する特記事項 ＊雇用が決まり次第、各種保険には法定通り加入いたします。 ＊所定労働時間、法定労働時間を超えた場合は時間外手当、割増手 当を支給します。 ・従業員の気持ちを大切に考えます。 ・若い会社ですが、去年よりも今年、今年よりも来年とさらに成長 して、将来は大きな会社になって行こうと頑張っています。 ・経験を積んだ方には、希望があれば独立を支援します。 より労働条件の明示を受けてください。,住宅＆リフォーム（千葉県）_1）.pdf,10
施工技能職（大工・内外装・基礎・足場ほか）,【経験者限定】外構工事（図面作成）,シゲコウギョウモトムラシゲキ 繁興業本村繁樹,千葉,石工・れんが・タイル・ブ,〒292-0043 千葉県木更津市東太田４－５－９グランソレイユＡ２０３ ＪＲ内房線木更津駅から車10分,250000,250000,False,False,必要な経験・知識・技能等必須 外構工事等の図面の作成経験,普通自動車運転免許あれば尚可（AT限定可）,ＣＡＤによる図面作成,,＊住宅の外構工事、ブロック積み、車庫・土間工事、タイル、 左官、外構リフォームなどの工事の図面作成、打ち合わせ、 見積作成等の業務を行っていただきます。 ＊外構工事などの図面作成経験のある方を募集します。 労働条件（給与形態、就業時間・場所等）については相談に応じ ます。 ＊受注状況は良好で、仕事は切れずに入ってきます。 「変更範囲：変更なし」 正社員 正社員登用 正社員登用の実績（過去３年間） 就業形態派遣・請負ではない,求人に関する特記事項 ＊雇用が決まり次第、各種保険には法定通り加入いたします。 ＊所定労働時間、法定労働時間を超えた場合は時間外手当、割増手 当を支給します。 ＊受注は良好で、図面作成は２〜３件／月程度お願いする見込み ですが、出来るだけ業務がし易い環境を維持する為、勤務形態 を含めた勤務条件について柔軟に対応する予定です。（テレワー クの実施や給与等）詳細は面接時に説明致します。 ・従業員の気持ちを大切に考えます。 ・若い会社ですが、去年よりも今年、今年よりも来年とさらに成長 して、将来は大きな会社になって行こうと頑張っています。 ・経験を積んだ方には、希望があれば独立を支援します。 より労働条件の明示を受けてください。,住宅＆リフォーム（千葉県）_1）.pdf,11
設備工事（配管・電気・住宅設備）,配管工見習い,,千葉,管工事業（さく井工事業を,〒 千葉県木更津市,220000,280000,True,True,必要な経験・知識・技能等不問,普通自動車運転免許必須 （AT限定不可）,,,＊住宅設備の配管の作業 ・かずさ水道広域連合企業団、県発注の管工事 木更津市発注の学校、公共施設の営繕工事等を行います。 ＊一般設備工事、リフォーム工事、下水道工事、 合併浄化槽工事等も行います。 ※未経験でも１から指導しますので、安心して働けます。 ［変更範囲：事業所の定める業務］ 正社員 正社員登用 正社員登用の実績（過去３年間） 就業形態派遣・請負ではない,求人に関する特記事項 ＊電話連絡等は、必ずハローワークを通してご連絡下さい。 ＊応募時は、ハローワークの紹介状が必要です。 より労働条件の明示を受けてください。,住宅＆リフォーム（千葉県）_1）.pdf,12
設備工事（配管・電気・住宅設備）,配管工【有資格者】,,千葉,管工事業（さく井工事業を,〒 千葉県木更津市,480000,600000,False,True,必要な経験・知識・技能等必須 管工事経験３年以上,１級管工事施工管理技士必須 普通自動車運転免許必須 （AT限定不可）,,,＊住宅設備の配管の作業 ・かずさ水道広域連合企業団、県発注の管工事 木更津市発注の学校、公共施設の営繕工事等を行います。 ＊一般設備工事、リフォーム工事、下水道工事、 合併浄化槽工事等も行います。 ＊高齢者の方でも、現場管理出来る方、あるいは有資格者の方は、 歓迎します。 ［変更範囲：事業所の定める業務］ 正社員 正社員登用 正社員登用の実績（過去３年間） 就業形態派遣・請負ではない,求人に関する特記事項 ＊電話連絡等は、必ずハローワークを通してご連絡下さい。 ＊応募時は、ハローワークの紹介状が必要です。 より労働条件の明示を受けてください。,住宅＆リフォーム（千葉県）_1）.pdf,13
住宅・リフォーム営業（提案営業）,住宅リフォームの営業,サクラジユウケンカブシキガイシャ さくら住建株式会社,千葉,その他の設備工事業,〒272-0021 千葉県市川市八幡４－１７－２１ 「市川事務所」 京成八幡駅から徒歩5分,250000,300000,True,True,必要な経験・知識・技能等不問,普通自動車運転免許必須 （AT限定可）,,,＊住宅リフォーム全般の個人宅向け営業をお願いします。 ※基本的には既存顧客からの紹介やＷｅｂサイトからの反響でのお 問い合わせがメインです。 ◆主な仕事の流れ◆ ◎お客様からの問い合わせ対応 「防音性の高い窓に変更したい」「システムキッチンの種類を知り たい」といった問い合わせが入ったら、ご希望のリフォームや予 算、スケジュールなどを詳しくヒアリングします。 その内容を元に、見積書の作成・工事手配などもお願いします。 ＊外出には社有車を利用していただきます。（１人１台貸与） 【変更範囲：会社が定める業務】 正社員 正社員登用 正社員登用の実績（過去３年間） 就業形態派遣・請負ではない,求人に関する特記事項 ＊応募に際しハローワークの紹介状が必要となります。 （オンライン自主応募を除く） ＊昇給、賞与は、会社業績、勤務実績により支給します。 一級・二級建築士の資格取得支援制度あり。 事前連絡のうえ事業所見学可能です。 勤務して頂く「市川事務所」は、２０２６年２月にオープンしたば かりの綺麗なオフィスです。 未経験からスタートしたスタッフも在籍しておりますので、リフォ ームに関する基礎や、初心者が間違えやすいポイントまで、丁寧に 教えてくれます。 ＪＲ「本八幡駅」、都営新宿線「本八幡駅」からも徒歩圏ですので 、通勤もしやすいです。 より労働条件の明示を受けてください。,住宅＆リフォーム（千葉県）_1）.pdf,14
メンテナンス・アフターサービス・点検,住宅メンテナンス員／市原市【未経験大歓迎】,カブシキガイシャキャッツ 株式会社キャッツ,千葉,建物等維持管理業,〒299-0111 千葉県市原市姉崎１０５３－６１０１号室 当社市原オフィス ＪＲ内房線姉ヶ崎駅から徒歩17分,270000,350000,True,True,必要な経験・知識・技能等不問,普通自動車運転免許必須 （AT限定可）,,,当社の既存顧客様に向けた住宅のメンテナンス業務です。 【１日の業務の流れ】 ・お客様宅を訪問してお住まいの状態をチェックし、撮影した画像 をお見せしながら現状を報告 ・お客様からのご要望や修繕の必要があればリフォーム等のご提案 ・特に問題が無ければメンテナンスのみで終了 一日２〜３件実施します。住宅のつくりや商品知識についての研修 を約３か月間行いますし、先輩や上司がしっかりとサポートします ので、未経験からのスタートでも安心です。お客様から笑顔で 「ありがとう」が聞けることも仕事の楽しみの一つです。 お客様の大切な財産であるお家を一緒に守りませんか？ 正社員 正社員登用 正社員登用の実績（過去３年間） 就業形態派遣・請負ではない,求人に関する特記事項 【研修充実で安心！未経験の方も氷河期世代も大歓迎です】 ■先輩社員に同行し、住宅メンテナンスの方法やお客様への ご提案の仕方などを身に付けます。 ■住宅・商品の基礎知識や会社概要などを学ぶ座学研修を 定期的に実施します。 ■近くのショールームを見学し、実際に取り扱う商品の使い勝手の 良さを体感します。 ■リフォーム工事を見学し、工事の流れや解体の様子を実際に目で 見て学びます。お客様のリアクションも間近で体感できます。 ※研修は一人ひとりのペースに合わせて行っていきますので、初め ての業界・職種で不安な方もしっかりサポートしていきます！ 窓口紹介の際は事前連絡の上、履歴書・職歴のある方は職務経歴書 ・紹介状を郵送して下さい。 ＊従事すべき業務の変更の範囲：変更なし ＊マイカー通勤可：駐車場利用本人負担あり ※オンライン自主応募可：紹介状は必要ありません（ハローワーク 紹介が条件となる各種助成金や給付金の適用になりません）。 より労働条件の明示を受けてください。,住宅＆リフォーム（千葉県）_1）.pdf,15
メンテナンス・アフターサービス・点検,住宅メンテナンススタッフ／千葉市【未経験大歓迎】,カブシキガイシャキャッツ 株式会社キャッツ,千葉,建物等維持管理業,〒262-0019 千葉県千葉市花見川区朝日ケ丘１丁目３４ー１０宍倉ビル２ 当社千葉オフィス 京成バス「畑町ホームランド」駅から徒歩5分,270000,350000,True,True,必要な経験・知識・技能等不問,普通自動車運転免許必須 （AT限定可）,,,当社の既存顧客様に向けた住宅のメンテナンス業務です。 【１日の業務の流れ】 ・お客様宅を訪問してお住まいの状態をチェックし、撮影した画像 をお見せしながら現状を報告 ・お客様からのご要望や修繕の必要があればリフォーム等のご提案 ・特に問題が無ければメンテナンスのみで終了 一日２〜３件実施します。住宅のつくりや商品知識についての研修 を約３か月間行いますし、先輩や上司がしっかりとサポートします ので、未経験からのスタートでも安心です。お客様から笑顔で 「ありがとう」が聞けることも仕事の楽しみの一つです。 お客様の大切な財産であるお家を一緒に守りませんか？ 正社員 正社員登用 正社員登用の実績（過去３年間） 就業形態派遣・請負ではない,求人に関する特記事項 【研修充実で安心！未経験の方も氷河期世代も大歓迎です】 ■先輩社員に同行し、住宅メンテナンスの方法やお客様への ご提案の仕方などを身に付けます。 ■住宅・商品の基礎知識や会社概要などを学ぶ座学研修を 定期的に実施します。 ■近くのショールームを見学し、実際に取り扱う商品の使い勝手の 良さを体感します。 ■リフォーム工事を見学し、工事の流れや解体の様子を実際に目で 見て学びます。お客様のリアクションも間近で体感できます。 ※研修は一人ひとりのペースに合わせて行っていきますので、初め ての業界・職種で不安な方もしっかりサポートしていきます！ 窓口紹介の際は事前連絡の上、履歴書・職歴のある方は職務経歴書 ・紹介状を郵送して下さい。 ＊従事すべき業務の変更の範囲：変更なし ＊マイカー通勤可：駐車場利用本人負担あり ※オンライン自主応募可：紹介状は必要ありません（ハローワーク 紹介が条件となる各種助成金や給付金の適用になりません）。 より労働条件の明示を受けてください。,住宅＆リフォーム（千葉県）_1）.pdf,16
メンテナンス・アフターサービス・点検,住宅メンテナンススタッフ／成田市【未経験大歓迎】,カブシキガイシャキャッツ 株式会社キャッツ,千葉,建物等維持管理業,〒286-0045 千葉県成田市並木町２１９－１４８ 成田オフィス 京成本線公津の杜駅から徒歩18分,270000,350000,True,True,必要な経験・知識・技能等不問,普通自動車運転免許必須 （AT限定可）,,,当社の既存顧客様に向けた住宅のメンテナンス業務です。 【１日の業務の流れ】 ・お客様宅を訪問してお住まいの状態をチェックし、撮影した画像 をお見せしながら現状を報告 ・お客様からのご要望や修繕の必要があればリフォーム等のご提案 ・特に問題が無ければメンテナンスのみで終了 一日２〜３件実施します。住宅のつくりや商品知識についての研修 を約３か月間行いますし、先輩や上司がしっかりとサポートします ので、未経験からのスタートでも安心です。お客様から笑顔で 「ありがとう」が聞けることも仕事の楽しみの一つです。 お客様の大切な財産であるお家を一緒に守りませんか？ 正社員 正社員登用 正社員登用の実績（過去３年間） 就業形態派遣・請負ではない,求人に関する特記事項 【研修充実で安心！未経験の方も氷河期世代も大歓迎です】 ■先輩社員に同行し、住宅メンテナンスの方法やお客様への ご提案の仕方などを身に付けます。 ■住宅・商品の基礎知識や会社概要などを学ぶ座学研修を 定期的に実施します。 ■近くのショールームを見学し、実際に取り扱う商品の使い勝手の 良さを体感します。 ■リフォーム工事を見学し、工事の流れや解体の様子を実際に目で 見て学びます。お客様のリアクションも間近で体感できます。 ※研修は一人ひとりのペースに合わせて行っていきますので、初め ての業界・職種で不安な方もしっかりサポートしていきます！ 窓口紹介の際は事前連絡の上、履歴書・職歴のある方は職務経歴書 ・紹介状を郵送して下さい。 ＊従事すべき業務の変更の範囲：変更なし ＊マイカー通勤可：駐車場利用本人負担あり ※オンライン自主応募可：紹介状は必要ありません（ハローワーク 紹介が条件となる各種助成金や給付金の適用になりません）。 より労働条件の明示を受けてください。,住宅＆リフォーム（千葉県）_1）.pdf,17
施工管理・現場監督（工務）,戸建住宅のリフォーム施工管理,カブシキガイシャキャッツ 株式会社キャッツ,千葉,建物等維持管理業,〒262-0019 千葉県千葉市花見川区朝日ケ丘１丁目３４－１０ 宍倉ビル２Ｃ 千葉オフィス 京成バス「畑中ホームランド」駅から徒歩2分,300000,350000,True,True,必要な経験・知識・技能等不問,第二種電気工事士あれば尚可 普通自動車運転免許必須 （AT限定可）,,,戸建住宅のリフォーム現場で、施工管理をお任せします。 ご経験により、メンテナンス業務や蓄電池設置等の作業をご担当 いただく場合がございます。 【具体的な仕事内容】 ・現地調査 ・施工前の準備（打ち合わせ／見積／協力会社の手配） ・工程／品質／安全の管理 ・報告書作成／引き渡しなど 資格取得応援制度があり、入社後に資格取得を通じスキルアップ が可能です。電気工事士、施工管理技士の資格保有の方、業界経 験をお持ちの方等、適性に合わせ業務に携わっていただきます。 正社員 正社員登用 正社員登用の実績（過去３年間） 就業形態派遣・請負ではない,求人に関する特記事項 【モノづくりが好きな方歓迎】 工期の中でスケジュールを管理しご自身のペースを作りながら働く 事が可能です。身体を動かす事が好きな人は向いているはずです。 【健康面も手厚いサポート】 「健康経営優良法人２０２５」認定企業です。 社内に看護師が常駐しており、お客様の暮らしと健康を守っていく うえで、自身の健康も大切にしてほしいと考えています。 窓口紹介の際は事前連絡の上、履歴書・職歴のある方は職務経歴書 ・紹介状を郵送して下さい。 ＊従事すべき業務の変更の範囲：変更なし ＊マイカー通勤可：駐車場利用本人負担あり ※オンライン自主応募可：紹介状は必要ありません（ハローワーク 紹介が条件となる各種助成金や給付金の適用になりません）。 より労働条件の明示を受けてください。,住宅＆リフォーム（千葉県）_1）.pdf,18
住宅・リフォーム営業（提案営業）,【千葉市】住宅のリフォーム営業※未経験可,カブシキガイシャニホンハウスホールディングスチバシテン 株式会社日本ハウスホールディングス千葉支店,千葉,木造建築工事業,〒262-0032 千葉県千葉市花見川区幕張町５－４１７－７幕張ハウジングパー ク４７区画 総武線幕張駅から徒歩15分,263000,293000,True,True,必要な経験・知識・技能等不問,普通自動車運転免許必須 （AT限定可）,,,【モデル年収４６９万円】 既客訪問を対象としたルート営業及び住宅展示場案内で、 お客様から要望を聞きリフォームの提案・見積書を作成します。 教育・同行・支援があり、未経験者でも働きやすい職場です。 ・契約の９０％以上は既客。ルート営業のため未経験者でも安心。 ・携帯電話支給、自家用車借り上げ、役職者登用制度有り。 ・東証プライム企業、研修等継続的なスキルアップをサポート。 ・営業エリアは千葉市内及び千葉市近郊です。 ※変更範囲：会社の定める業務 正社員 正社員登用 正社員登用の実績（過去３年間） 就業形態派遣・請負ではない,求人に関する特記事項 各種手当の詳しい内訳等は、面接時にお伝えいたします。 より労働条件の明示を受けてください。,住宅＆リフォーム（千葉県）_1）.pdf,19
施工技能職（大工・内外装・基礎・足場ほか）,リフォーム職人（未経験者歓迎）,カブシキガイシヤビンゴヤ 株式会社備後屋,千葉,家具・建具・じゅう器等卸,〒272-0142 千葉県市川市欠真間２－１８－２２ 東京メトロ東西線南行徳駅から徒歩13分,217935,275590,True,True,必要な経験・知識・技能等不問,※ＡＴ限定可 普通自動車運転免許必須 （AT限定可）,,,内装リフォーム（大工・クロス・設備・畳襖）の職人 戸建てやマンションにおける住宅工事の施工です。 ・床、天井仕上げ ・ボード張り ・木製建具工事 ・クロス張り ・設備工事 ・畳・襖貼替えなど ※施工エリアは市川・船橋・浦安・松戸・柏・東京２３区 ※現場見学可能です。 ※従事すべき業務の変更の範囲：変更なし 正社員 正社員登用 正社員登用の実績（過去３年間） 就業形態派遣・請負ではない,求人に関する特記事項 ・有給休暇取得しやすい環境！ 入社月より５日（消化制度あり） 年間付与日数は法定どおり ・ワークライフバランス良好！ リフォーム業界では珍しい日曜休み 日曜日以外に月３日間好きな日の休みを設定 ・ユニフォーム支給 ・社用車を専属１台貸与（社用車で通勤可能です） ・資格取得支援あり ・休憩室、無料ウォーターサーバーあり ☆業種・業界未経験の方歓迎！ 先輩スタッフが責任を持って指導いたします。 ☆年齢や社歴に関わらずそれぞれの頑張りをしっかり評価します。 フラットな環境の当社でご活躍ください。 ※初年度の年収は総額２６０万円〜３５０万円程度になります。 ※オンライン自主応募可 より労働条件の明示を受けてください。,住宅＆リフォーム（千葉県）_1）.pdf,20
住宅・リフォーム営業（提案営業）,不動産営業用地仕入・開発業務,カブシキガイシャシンショウワ 株式会社新昭和,千葉,建物売買業，土地売買業,〒299-1144 千葉県君津市東坂田４－３－３ ＪＲ内房線君津駅から徒歩7分,274560,381997,True,True,必要な経験・知識・技能等不問,普通自動車運転免許必須 （AT限定可）,,,＊グループ会社の「注文・分譲住宅用地」の仕入業務 ＊自社「大型建設や商業施設用地」としての土地仕入れ ＊リゾート物件を仕入れ、リフォームした後に販売など ・用地情報収集〜仕入 ・注文住宅用地の販売支援 ・不動産の仲介等 変更範囲：変更なし 正社員 正社員登用 正社員登用の実績（過去３年間） 就業形態派遣・請負ではない,求人に関する特記事項 《資格手当》対象資格：宅地建物取引士、建築士、建築施工管理技 士等 《受講費補助》最大１０万円：会社指定の資格取得に向けて の受講費補助（資格学校・通信教材） ＊職務経歴のある方は併せて職務経歴書の提出をお願いします。 応募書類は当社の選考以外では使用しません。不要の場合、当社で 責任を持って破棄します。 今すぐご応募をお願い致します。 新昭和グループＨＰ ｈｔｔｐｓ：ｗｗｗ．ｓｈｉｎｓｈｏｗａ．ｃｏ．ｊｐ／ より労働条件の明示を受けてください。,住宅＆リフォーム（千葉県）_1）.pdf,21
設備工事（配管・電気・住宅設備）,水道設備配管管工事業,ユウゲンガイシャイシイソウゴウセツビ 有限会社石井総合設備,千葉,管工事業（さく井工事業を,〒297-0213 千葉県長生郡長柄町徳増６３８－１ 茂原駅から車15分,229000,343500,False,True,必要な経験・知識・技能等あれば尚可 水道設備等管工事経験,中型自動車免許あれば尚可 普通自動車運転免許必須 （AT限定不可）,,,配水管布設工事、新築給排水配管工事、住宅リフォーム工事、住宅 設備工事・修繕、漏水修理工事、浄化槽設置工事、舗装工事 建材の運搬（２ｔ、３ｔダンプ車を使用、社有車） 【業務変更範囲：なし】 正社員以外 正社員以外の名称契約社員 正社員登用あありり 正社員登用の実績（過去３年間） ０名 就業形態派遣・請負ではない,求人に関する特記事項 ＊６０歳以上歓迎求人（経験者） より労働条件の明示を受けてください。,住宅＆リフォーム（千葉県）_1）.pdf,22
住宅・リフォーム営業（提案営業）,【柏市】住宅のリフォーム営業※未経験可,カブシキガイシャニホンハウスホールディングスジェイニホンハウスジギョウブカシワシテン 株式会社日本ハウスホールディングス日本ハウス事業部 柏営業所,千葉,木造建築工事業,〒277-0804 千葉県柏市新十余二１５－２住まいるパーク柏の葉会場内 ＴＸ線柏の葉キャンパス駅から徒歩25分,263000,293000,True,True,必要な経験・知識・技能等不問,普通自動車運転免許必須 （AT限定可）,,,【モデル年収４６９万円】 既客訪問を対象としたルート営業及び住宅展示場案内で、 お客様から要望を聞きリフォームの提案・見積書を作成します。 教育・同行・支援があり、未経験者でも働きやすい職場です。 ・契約の９０％以上は既客。ルート営業のため未経験者でも安心。 ・携帯電話支給、自家用車借り上げ、役職者登用制度有り。 ・東証プライム企業、研修等継続的なスキルアップをサポート。 ・営業エリアは柏市内及び柏市近郊です。 ※変更範囲：会社の定める業務 正社員 正社員登用 正社員登用の実績（過去３年間） 就業形態派遣・請負ではない,求人に関する特記事項 各種手当の詳しい内訳等は、面接時にお伝えいたします。 ◎応募の際は必ずハローワークで紹介状を受けて下さい より労働条件の明示を受けてください。,住宅＆リフォーム（千葉県）_1）.pdf,23
建材・住宅設備の法人／ルート営業,建材販売の営業,ツダサンギョウカブシキガイシャトウキョウケンザイエイギョウショ 津田産業株式会社東京建材営業所,千葉,建築材料卸売業,〒277-0872 千葉県柏市十余二２７６ ＪＲ常磐線柏駅から車10分,238500,370000,True,True,必要な経験・知識・技能等不問,普通自動車運転免許必須 （AT限定可）,エクセル、ワード入力程度,,津田産業株式会社は創業１０５年の老舗の木材商社です。 ◇新築住宅やリフォームに必要なキッチン・風呂・ドア・フロー リング・断熱材・木材を住宅メーカーや工務店・販売店に販買・ 施工する部門です。 （主な仕事内容） ・住宅に関わる材料を工務店、販売店に営業販売 ・見積業務、現場調査など ・ルート営業 ※業務には社用車（軽自動車）を使用※未経験の方、歓迎 「変更範囲：変更なし」 正社員 正社員登用 正社員登用の実績（過去３年間） 就業形態派遣・請負ではない,求人に関する特記事項 ＊賞与は会社業績に連動します。 ＊マイカー通勤可：無料駐車場あり ※事前連絡の上、履歴書（写真貼付）・職務経歴書・紹介状を郵送 して下さい。書類到着後速やかに連絡いたします。（職務経歴書は 職歴がある方のみ）不採用の場合は返却いたします。 ＜送付先＞ 〒２７７－０８７２千葉県柏市十余二２７６ 津田産業（株）東京建材営業所土屋あて ※是非当社ホームページをご覧下さい。 ◇創業以来、順調に業績を伸ばし住設建材資材の卸売り業から建築 総合請負まで、幅広く営業しております。 【オンライン自主応募可、自主応募の場合紹介状は不要です】 より労働条件の明示を受けてください。,住宅＆リフォーム（千葉県）_1）.pdf,24
施工管理・現場監督（工務）,外壁工事の施工管理,ウォルテックカブシキカイシャ ウォルテック株式会社,千葉,建築リフォーム工事業,〒285-0866 千葉県佐倉市臼井台１２３９－２０ 京成臼井駅から徒歩7分,274300,274300,False,True,必要な経験・知識・技能等あれば尚可 現場での施工管理経験等：あれば尚可,普通自動車運転免許必須 （AT限定可）,パソコン（メール、ワード、エクセル、パワーポイント）基本操作 のできる方,,◆外壁工事に伴う現場の施工管理をお任せします。 ＜主な業務内容＞ ・主に戸建て住宅の新築及びリフォームの外壁工事の施工管理 及び監督 ・工事工程表の作成 ・その他関係する業務 ※主に工事現場は、関東圏（千葉・埼玉・東京・神奈川）及び地元 佐倉市内を月に２〜３棟の施工管理を行っていただきます。 ※工事現場へは社用車運転での移動になります。 【変更範囲：変更なし】 正社員以外 正社員以外の名称契約社員 正社員登用あありり 正社員登用の実績（過去３年間） １名 就業形態派遣・請負ではない,求人に関する特記事項 ＊応募に際しハローワークの紹介状が必要となります。 ◆新しく綺麗な自社オフィスです。 ◆制服貸与、駐車場は無料で直行直帰も可です。 ◆基本は現場での施工管理ですが、職能給規定により職能給を支払 います。 ◆今年度の職能給の支給金額は、月額３０万円支給実績有り。 ◆昇給、賞与については、本人の能力および会社業績により支給し ます。 より労働条件の明示を受けてください。,住宅＆リフォーム（千葉県）_1）.pdf,25
施工管理・現場監督（工務）,外壁工事の施工管理（正社員）,ウォルテックカブシキカイシャ ウォルテック株式会社,千葉,建築リフォーム工事業,〒285-0866 千葉県佐倉市臼井台１２３９－２０ 京成臼井駅から徒歩7分,274300,385400,False,True,必要な経験・知識・技能等あれば尚可 現場での施工管理経験等：あれば尚可,普通自動車運転免許必須 （AT限定可）,パソコン（メール、ワード、エクセル、パワーポイント）基本操作 のできる方,,◆外壁工事に伴う現場の施工管理をお任せします。 ＜主な業務内容＞ ・主に戸建て住宅の新築及びリフォームの外壁工事の施工管理 及び監督 ・工事工程表の作成 ・その他関係する業務 ※主に工事現場は、関東圏（千葉・埼玉・東京・神奈川）及び地元 佐倉市内を月に２〜３棟の施工管理を行っていただきます。 ※工事現場へは社用車運転での移動になります。 【変更範囲：変更なし】 正社員 正社員登用 正社員登用の実績（過去３年間） 就業形態派遣・請負ではない,求人に関する特記事項 ＊応募に際しハローワークの紹介状が必要となります。 ◆新しく綺麗な自社オフィスです。 ◆制服貸与、駐車場は無料で直行直帰も可です。 ◆基本は現場での施工管理ですが、職能給規定により職能給を支払 います。 ◆今年度の職能給の支給金額は、月額３０万円支給実績有り。 ◆昇給、賞与については、本人の能力および会社業績により支給し ます。 より労働条件の明示を受けてください。,住宅＆リフォーム（千葉県）_1）.pdf,26
建材・住宅設備の法人／ルート営業,営業（福祉用具）／千葉県柏市,カブシキガイシャニホンドライ 株式会社日本ドライ,千葉,各種物品賃貸業,〒277-0945 千葉県柏市しいの木台５－８－７ 当社介護用品スマイル柏営業所 東武野田線高柳駅から徒歩17分,330000,330000,True,True,必要な経験・知識・技能等不問,福祉用具専門相談員あれば尚可 資格をお持ちでない方は入社後取得（会社全額負担） 普通自動車運転免許必須 （AT限定可）,,,■ケアマネージャーさん（居宅介護支援事業所、介護施設等）に 営業を行い、利用者様をご紹介頂きます。 ＊ご紹介頂いた利用者様宅を訪問し、最適な福祉用具 （介護ベット・車いす・杖など）と住宅のリフォーム提案を 行います。 ＊入社時より当面の間は、既存顧客や既存エリアを引き継ぎ、 先輩社員が同行、丁寧に指導します。 社用車（ワンボックスＡＴ車）を使用して営業します。 ★納品後は「ありがとう」と感謝の言葉を頂く事もあり、 やりがいと社会貢献の高いお仕事です。 ※変更の範囲：会社の定める業務 正社員 正社員登用 正社員登用の実績（過去３年間） 就業形態派遣・請負ではない,求人に関する特記事項 ＊休日の交替制待機あり（振替休日で対応します） （詳細については、面接時にご説明します） ＊マイカー通勤：可（無料駐車場あり） ＊普通自動車免許（ＡＴ限定可） ※ｃ欄に記載された時間数は固定残業代の積算根拠となるもの。 実際の時間外労働の時間数の見込みや実績を示すものではない。 ■ハローワークより事前連絡のうえ、応募書類を郵送ください■ 書類選考後、面接日時などを連絡します。 ＜書類送付先＞ 〒１１６－０００１ 東京都荒川区町屋１－２７－５ 株式会社日本ドライ総務部宛 『応募する場合はハローワークの紹介状が必要です』 より労働条件の明示を受けてください。,住宅＆リフォーム（千葉県）_1）.pdf,27
建材・住宅設備の法人／ルート営業,営業（福祉用具）／千葉県流山市,カブシキガイシャニホンドライ 株式会社日本ドライ,千葉,各種物品賃貸業,〒270-0176 千葉県流山市加２－８－１１ 介護用品のスマイル流山営業所 流鉄流山線流山駅ＴＸ流山セントラルパーク駅から徒歩12分,270000,330000,True,True,必要な経験・知識・技能等不問,福祉用具専門相談員あれば尚可 資格をお持ちでない方は入社後取得（会社全額負担） 普通自動車運転免許必須 （AT限定可）,,,■ケアマネージャーさん（居宅介護支援事業所、介護施設等）に 営業を行い、利用者様をご紹介頂きます。 ＊ご紹介頂いた利用者様宅を訪問し、最適な福祉用具 （介護ベット・車いす・杖など）と住宅のリフォーム提案を 行います。 ＊入社時より当面の間は、既存顧客や既存エリアを引き継ぎ、 先輩社員が同行、丁寧に指導します。 ＊社用車（ワンボックスＡＴ車）を使用して営業します。 ★納品後は「ありがとう」と感謝の言葉を頂く事もあり、 やりがいと社会貢献の高いお仕事です。 ※従事すべき業務の変更の範囲：会社の定める業務 正社員 正社員登用 正社員登用の実績（過去３年間） 就業形態派遣・請負ではない,求人に関する特記事項 ＊休日の交替制待機あり（振替休日で対応します） （詳細については、面接時にご説明します） ＊駐車場無料 ※ｃ欄に記載された時間数は固定残業代の積算根拠となるもの。 実際の時間外労働の時間数の見込みや実績を示すものではない。 ■ハローワークより事前連絡のうえ、応募書類を郵送ください■ 書類選考後、面接日時などを連絡します。 ＜書類送付先＞ 〒１１６－０００１ 東京都荒川区町屋１－２７－５ 株式会社日本ドライ総務部宛 『応募する場合はハローワークの紹介状が必要です』 より労働条件の明示を受けてください。,住宅＆リフォーム（千葉県）_1）.pdf,28
住宅・リフォーム営業（提案営業）,住宅トータルアドバイザー（千葉：市原店）,ジュウタクジョウホウカンカブシキガイシヤ 住宅情報館株式会社,千葉,建物売買業，土地売買業,〒290-0062 千葉県市原市八幡３－６ 当社市原店 ＪＲ内房線八幡宿駅から徒歩11分,340000,480000,True,True,必要な経験・知識・技能等不問,※運転歴１年以上 普通自動車運転免許必須 （AT限定可）,,,◎住宅情報館の各店舗に来店されたお客様への住宅販売、 仲介及び自社分譲住宅販売 ◎既存のお客様への住宅建築紹介の営業又はリフォーム営業 ※新規飛び込み営業はありません 変更範囲：当社の定める建築系職種、内勤事務など 正社員 正社員登用 正社員登用の実績（過去３年間） 就業形態派遣・請負ではない,求人に関する特記事項 ※財形貯蓄制度、確定拠出年金制度、 飯田グループの福利厚生制度利用可、 健康保険組合の福利厚生制度利用可 ※履歴書・職務経歴書・ハローワーク紹介状を、 住宅情報館株式会社本社採用担当宛にご郵送下さい。 書類到着後、１４日以内にご連絡いたします。 ※質問等はハローワークの窓口を通じてお願いします。 ※車通勤応相談 ☆面接はＷｅｂ面接など、個別に対応いたします。 メールアドレスを履歴書に記載ください。 より労働条件の明示を受けてください。,住宅＆リフォーム（千葉県）_1）.pdf,29
住宅・リフォーム営業（提案営業）,住宅トータルアドバイザー（千葉：船橋店）,ジュウタクジョウホウカンカブシキガイシヤ 住宅情報館株式会社,千葉,建物売買業，土地売買業,〒273-0866 千葉県船橋市夏見台３－８－１ 当社船橋店 東武鉄道アーバンパークライン線塚田駅から徒歩14分,340000,480000,True,True,必要な経験・知識・技能等不問,※運転歴１年以上 普通自動車運転免許必須 （AT限定可）,,,◎住宅情報館の各店舗に来店されたお客様への住宅販売、 仲介及び自社分譲住宅販売 ◎既存のお客様への住宅建築紹介の営業又はリフォーム営業 ※新規飛び込み営業はありません 変更範囲：当社の定める建築系職種、内勤事務など 正社員 正社員登用 正社員登用の実績（過去３年間） 就業形態派遣・請負ではない,求人に関する特記事項 ※財形貯蓄制度、確定拠出年金制度、 飯田グループの福利厚生制度利用可、 健康保険組合の福利厚生制度利用可 ※履歴書・職務経歴書・ハローワーク紹介状を、 住宅情報館株式会社本社採用担当宛にご郵送下さい。 書類到着後、１４日以内にご連絡いたします。 ※質問等はハローワークの窓口を通じてお願いします。 ※車通勤応相談 ☆面接はＷｅｂ面接など、個別に対応いたします。 メールアドレスを履歴書に記載ください。 より労働条件の明示を受けてください。,住宅＆リフォーム（千葉県）_1）.pdf,30
住宅・リフォーム営業（提案営業）,住宅トータルアドバイザー（千葉：柏店）,ジュウタクジョウホウカンカブシキガイシヤ 住宅情報館株式会社,千葉,建物売買業，土地売買業,〒277-0921 千葉県柏市大津ケ丘２－７－１ 当社柏店 ＪＲ常磐線・東武鉄道アーバンパークライン線柏駅から車15分,340000,480000,True,True,必要な経験・知識・技能等不問,※運転歴１年以上 普通自動車運転免許必須 （AT限定可）,,,◎住宅情報館の各店舗に来店されたお客様への住宅販売、 仲介及び自社分譲住宅販売 ◎既存のお客様への住宅建築紹介の営業又はリフォーム営業 ※新規飛び込み営業はありません 変更範囲：当社の定める建築系職種、内勤事務など 正社員 正社員登用 正社員登用の実績（過去３年間） 就業形態派遣・請負ではない,求人に関する特記事項 ※財形貯蓄制度、確定拠出年金制度、 飯田グループの福利厚生制度利用可、 健康保険組合の福利厚生制度利用可 ※履歴書・職務経歴書・ハローワーク紹介状を、 住宅情報館株式会社本社採用担当宛にご郵送下さい。 書類到着後、１４日以内にご連絡いたします。 ※質問等はハローワークの窓口を通じてお願いします。 ※車通勤応相談 ☆面接はＷｅｂ面接など、個別に対応いたします。 メールアドレスを履歴書に記載ください。 より労働条件の明示を受けてください。,住宅＆リフォーム（千葉県）_1）.pdf,31
住宅・リフォーム営業（提案営業）,住宅トータルアドバイザー（千葉：東千葉店）,ジュウタクジョウホウカンカブシキガイシヤ 住宅情報館株式会社,千葉,建物売買業，土地売買業,〒264-0024 千葉県千葉市若葉区高品町４２７－１ 当社東千葉店 ＪＲ総武本線東千葉駅から徒歩18分,340000,480000,True,True,必要な経験・知識・技能等不問,※運転歴１年以上 普通自動車運転免許必須 （AT限定可）,,,◎住宅情報館の各店舗に来店されたお客様への住宅販売、 仲介及び自社分譲住宅販売 ◎既存のお客様への住宅建築紹介の営業又はリフォーム営業 ※新規飛び込み営業はありません 変更範囲：当社の定める建築系職種、内勤事務など 正社員 正社員登用 正社員登用の実績（過去３年間） 就業形態派遣・請負ではない,求人に関する特記事項 ※財形貯蓄制度、確定拠出年金制度、 飯田グループの福利厚生制度利用可、 健康保険組合の福利厚生制度利用可 ※履歴書・職務経歴書・ハローワーク紹介状を、 住宅情報館株式会社本社採用担当宛にご郵送下さい。 書類到着後、１４日以内にご連絡いたします。 ※質問等はハローワークの窓口を通じてお願いします。 ※車通勤応相談 ☆面接はＷｅｂ面接など、個別に対応いたします。 メールアドレスを履歴書に記載ください。 より労働条件の明示を受けてください。,住宅＆リフォーム（千葉県）_1）.pdf,32
施工技能職（大工・内外装・基礎・足場ほか）,足場施工（千葉北営業所）将来リーダー候補【年休１１０日】,トウカイステップカブシキガイシャ 東海ステップ株式会社,千葉,その他の職別工事業,〒263-0001 千葉県千葉市稲毛区長沼原町５１０－２ 千葉北営業所 ＪＲ四街道駅から車5分,227000,386200,True,True,必要な経験・知識・技能等不問,普通自動車運転免許必須 （AT限定可）,基本的な入力・操作,,●万全なサポート体制、ゼロから学べます！ ■一般住宅（新築・リフォーム等）から高層ビルまで様々な建築現 場の足場の組立及び解体作業 ■資材置場での部材の管理・整理等 ■建設業者や職人さん達が安心に、快適にその技術を最大限に発揮 するための足場を築きます ＜仕事の流れ＞ ○資材を積んだトラックで現場に行き危険予知確認後作業開始 ○会社に戻り翌日の現場に必要な資材をトラックに積み込みします ○まずは施工リーダーに聞きながらの作業となります。 ※転勤については本人の意思・希望を尊重します 変更の範囲：適性や業務都合により会社内全ての業務に配置転換有 正社員 正社員登用 正社員登用の実績（過去３年間） 就業形態派遣・請負ではない,求人に関する特記事項 ＊普通自動車免許（ＡＴ限定可） ＊資格取得支援制度あり（準中型免許等） ＊昇給は年１回（４月）の人事考課による ＊東証プライム市場上場企業のコンドーテック株式会社のグループ 会社 ＊転勤は可能な方のみ可能性あり ＊制服、道具、空調服支給 ＊残業少なめ（月２０時間以内）、休憩１時間半 ＊給与月末締／翌月２５日払 ＊ハローワークからの紹介状を必ず持参して下さい。 ◆気になることがありましたら、お気軽にお問い合わせ下さい。 より労働条件の明示を受けてください。,住宅＆リフォーム（千葉県）_1）.pdf,33
住宅・リフォーム営業（提案営業）,現場スタッフ,,千葉,管工事業（さく井工事業を,〒 千葉県流山市,280000,360000,True,True,必要な経験・知識・技能等不問,普通自動車運転免許必須 （AT限定可）,,,◇給排水衛生工事の配管がメインな仕事になります。 弊社の水に関わる仕事は多岐に渡っており、店舗が多いですが、一 般住宅、注文住宅、工場、スポーツクラブ、公園、マンションのリ フォーム、マンションの供用管更新工事等々があり各現場毎、色々 な配管に携わる事が出来ます。手に職をつけるには最適な環境と自 負しております。 １人１台社用車を貸与し、社用車での直行、直帰可能です。 また、現場用タブレットも貸与します。 先輩スタッフの丁寧な指導を心掛けていますので、未経験者大歓迎 です。 【変更範囲：変更なし】 正社員 正社員登用 正社員登用の実績（過去３年間） 就業形態派遣・請負ではない,求人に関する特記事項 ＊マイカー通勤可：無料駐車場あり ＊自主応募の場合はハローワーク紹介状を不要とする。 未経験者でも５年後の独立を目指して技術を習得してみませんか。 近年、建設業に若者が居なくなっていく時代ではありますが、体を 使って稼ぐブルーカラーが正当に評価され、お金を稼ぐことが出来 る時代に突入しました。ＡＩに打って変られる職種とは違い、自ら 技術を習得することで自分の成長を感じられる職場です。５年後、 自分がどうなりたいかを一緒に考えそれを実行できるように、目指 していきませんか。仕事を覚えていく過程は、見えない所はこうな っているのかと感じる場面も多くあり、大変楽しい感覚を覚えます 。水はライフラインに深く関わっていますので、仕事が無くなる事 もありません。手に職をつける事が出来れば、一生仕事に困ること もありません。物を作るという一面もある仕事でもありますので達 成感を感じる事も出来ます。お客様に喜んで頂ける仕事でもありま すので、世の為、人の為になっているとも感じることも出来る仕事 です。弊社は、社員の個人を尊重しています。それが長く続けてこ れている要因でもあると思っております。良いことばかりつらつら と書き連ねましたが、仕事がきついと感じることは当然ありますが 、それが自分の成長に繋がるます。弊社の理念に賛同できる方、と もに成長していける方のご応募を心からお待ちしております。 より労働条件の明示を受けてください。,住宅＆リフォーム（千葉県）_1）.pdf,34
配送・ドライバー,配送業務,カブシキガイシャエヌ・イー 株式会社エヌ・イー,千葉,家具・建具・じゅう器等卸,〒266-0007 千葉県千葉市緑区辺田町２２０－１ ＪＲ外房線鎌取駅から徒歩7分,250000,350000,True,True,必要な経験・知識・技能等不問,準中型自動車免許必須 普通自動車運転免許必須 （AT限定可）,,,・住宅用建材、住宅設備機器の配送業務を行って頂きます。 （床材、壁材、アルミサッシ等） ・新築工事、リフォーム工事各現場及び工務店への配送です ・配送エリア：千葉県内が中心（２ｔ車使用） ・倉庫内商品管理、商品整理等 ※変更範囲：会社の定めによる。 正社員 正社員登用 正社員登用の実績（過去３年間） 就業形態派遣・請負ではない,求人に関する特記事項 ＊車通勤の場合は会社規定によりガソリン代を支給します。 ＊無料駐車場あり ＊退職金の支給は社内規定による。詳細は面接時にご説明します。 ※オンライン自主応募可。自主応募の場合は紹介状は不要です。 より労働条件の明示を受けてください。,住宅＆リフォーム（千葉県）_1）.pdf,35
施工管理・現場監督（工務）,建築現場の監督員【準社員】,,千葉,一般土木建築工事業,〒 千葉県流山市,230000,230000,True,True,必要な経験・知識・技能等不問,２級建築施工管理技士あれば尚可 インテリアコーディネーターあれば尚可 普通自動車運転免許必須 （AT限定可）,Ｗｏｒｄ、Ｅｘｃｅｌの基本的操作,,一般戸建て住宅のリフォームや一般企業の建物の修繕などの施工管 理を募集しています。お客様との打ち合わせや現場の指揮、円滑に 工事を進める役割を担います。また、官公庁の工事も請け負ってい るので、施工管理のプロになれます。 ＊現場は、主に東葛地域他東京・埼玉など 【変更範囲：会社の定める業務】 正社員以外 正社員以外の名称準社員 正社員登用あありり 正社員登用の実績（過去３年間） ０ 就業形態派遣・請負ではない,求人に関する特記事項 長期で一緒に働いて頂ける方を募集します。経験がなくても、やる 気があれば大歓迎です。必要な資格取得の支援もあります。 マイカー通勤可：駐車場あり無料 ＊正社員登用後は定年制が適用されます より労働条件の明示を受けてください。,住宅＆リフォーム（千葉県）_1）.pdf,36
施工管理・現場監督（工務）,技術職（工事）,ダイトウケンタクカブシキガイシャフナバシシテン 大東建託株式会社船橋支店,千葉,一般土木建築工事業,〒273-0026 千葉県船橋市山野町８０－１ベルクオール１Ｆ ＪＲ・東京メトロ東西線・東葉高速鉄道西船橋駅から徒歩4分,227000,452000,False,True,必要な経験・知識・技能等あれば尚可 経験者優遇,二級建築士あれば尚可 ２級建築施工管理技士あれば尚可 一級建築士あれば尚可 上記いずれかもしくは一級建築施工管理技士があれば尚可 普通自動車運転免許必須 （AT限定可）,,,木造・鉄骨造・鉄筋コンクリート造・独自工法による、 新築・リフォーム工事の施工管理業務をお任せします。 ◎幅広い構造種別の施工管理経験が積めます ■安全管理■品質管理■工程管理■原価管理 ■職人さん・施主様とのスケジュール調整 ＜手掛ける物件＞ ・２×４工法の木造低層住宅（平均１人２〜４物件を担当） ・Ｓ造、ＲＣ造の中高層物件（平均１人１件担当） ・独自の新工法による建築 ※２×４木造アパートが案件の８割〜９割を占めます 【変更の範囲：会社の定める業務】 正社員 正社員登用 正社員登用の実績（過去３年間） 就業形態派遣・請負ではない,求人に関する特記事項 ■一級建築士・一級建築施工管理技士・一級土木施工管理技士・ 建築設備士・一級電気工事施工管理技士・一級管工事施工管理 技士の資格をお持ちの方へ毎月１〜３万円の手当を支給します。 ※各種社内申請完了後、翌月給与より支給開始となります。 ※複数保有している場合は、上限３万円となります。 ■昇給は個人業績に応じて実施します。 ■原則、社有車通勤です（自宅〜支店の距離が２ｋｍ以上の場合） ■社有車通勤の場合は通勤手当はありません。（ガソリン代支給） ■入社の際は身元保証人が必要となります。 選択定年制：６０歳〜６５歳まで定年年齢を選択 選択した定年以降６５歳まで再雇用制度の適用可。 ６５歳以上の再雇用は職種や評価により基準あり。 より労働条件の明示を受けてください。,住宅＆リフォーム（千葉県）_1）.pdf,37
設備工事（配管・電気・住宅設備）,配管工・現場作業員,ユウゲンガイシャキタジュウタクセツビ 有限会社喜多住宅設備,千葉,管工事業（さく井工事業を,〒289-2232 千葉県香取郡多古町喜多９００,230000,350000,False,True,必要な経験・知識・技能等あれば尚可 設備（建築）工事関係の知識・技能,準中型自動車免許あれば尚可 普通自動車運転免許必須 （AT限定不可）,日報等への入力作業,,配管工として建設工事現場で業務に従事していただきます。 ・建物内、建物外部、給排水配管工事 ・便器等の器具の取付、交換 ・給湯ボイラーの取付、交換 ・浄化槽工事 ・水道引込工事 ・住宅のリフォーム工事 ・配管工事を伴う設備の修理全般 ※技能、経験に応じて作業を担当して頂きます。 「変更範囲：変更なし」 ※６０歳以上の方の応募も可能です。 正社員 正社員登用 正社員登用の実績（過去３年間） 就業形態派遣・請負ではない,求人に関する特記事項 ＊経験者優遇（詳細は面接時に説明します。） ＊賃金支払日が金融機関の休業日の場合、翌金融機関営業日に支給 『オンライン自主応募可』 より労働条件の明示を受けてください。,住宅＆リフォーム（千葉県）_1）.pdf,38
施工技能職（大工・内外装・基礎・足場ほか）,住宅・内装プランナー／反響営業で飛び込みなし／未経験可,オオヤケンコウカブシキカイシャ 大矢建工株式会社,千葉,建築リフォーム工事業,〒273-0001 千葉県船橋市市場１ー３ー８ 船橋駅から徒歩12分,280000,807000,True,True,必要な経験・知識・技能等不問,普通自動車運転免許必須 （AT限定可）,,,お客様からのお問い合わせに応じてご自宅を訪問し、住宅リフォー ムの提案から施工の進捗管理までを担当していただきます。自社集 客の仕組みで年間２０００件を超えるご相談があり、飛び込み営業 やテレアポは一切ありません。 【仕事の流れ】お問い合わせのあったお客様と打ち合わせ→キッチ ン・バス・壁紙・床材などのご提案→お見積り・ご契約→着工後の 進捗管理まで一貫して担当。リフォーム中心ですが、新築注文住宅 や公共工事も手がけており、幅広い経験を積むことができます。 未経験の方には先輩社員が同行し、ゼロから丁寧にお教えします。 将来的には施工管理などへの職種転換も可能です。 ※会社の雰囲気や制度は「求人に関する特記事項」もご覧ください ＜変更範囲：会社の定める業務＞ 正社員 正社員登用 正社員登用の実績（過去３年間） 就業形態派遣・請負ではない,求人に関する特記事項 ＊給与について・・・経験・能力を考慮のうえ決定します。目安： 未経験〜経験３年（月給２８万〜４０万円）／経験３〜５年（月 給３３万〜５５万円）／経験５〜１０年（月給４０万〜７０万円 ）／経験１０年以上（月給５０万〜８０万円）。前職の給与も考 慮します。 ＊１日の流れの例・・・朝礼→お客様宅で打ち合わせ・現場確認→ 午後は見積書作成やプランニング→夕方に翌日の準備→１８時頃 までに全員退社。 ＊教育体制・・・入社後は先輩社員が同行し、商材知識・提案の流 れをゼロからお教えします。未経験入社の社員も活躍中です。 ＊職場について・・・２０代〜７０代が在籍し、中途入社が中心。 服装自由。オフィスにはアイドル犬がいます。 ＊選考の流れ・・・書類選考→面接（１〜２回）。ＷＥＢ面接や私 服での参加も可能です。応募から内定まで１ヶ月以内を想定して います。 ＊会社の雰囲気・・・ＹｏｕＴｕｂｅで「大矢建工」と検索すると 、社長と専務が出演する動画をご覧いただけます。 ・オンライン自主応募可 （オンライン自主応募の場合、ハローワーク紹介状は不要。） より労働条件の明示を受けてください。,住宅＆リフォーム（千葉県）_1）.pdf,39
配送・ドライバー,運送・サービス・営繕・清掃,ユウゲンガイシャジュウカン 有限会社ジュウカン,千葉,建物等維持管理業,〒276-0044 千葉県八千代市萱田町９４１ 京成大和田駅から徒歩10分,230000,230000,True,True,必要な経験・知識・技能等不問,準中型自動車免許あれば尚可 普通自動車運転免許必須 （AT限定可）,,,■ＵＲ都市再生機構の委託作業が主の仕事となります １、主はＵＲ住宅内の荷物搬出移送（引っ越し作業） ２、他にＵＲ住宅でリフォーム業者が作業後の清掃 ・ＵＲ敷地内不法投棄物搬出処分、 ・ＵＲ敷地内不法駐輪車両等撤去 ・ＵＲ個人宅チラシ貼付、配布等作業（まれに） ・ＵＲ敷地内簡易工事作業 ・強制執行等関連業務 ※上記作業の実務と、各作業工程の仕分け等のリーダー候補の求人 となります。 【変更範囲：会社の定める業務】 正社員 正社員登用 正社員登用の実績（過去３年間） 就業形態派遣・請負ではない,求人に関する特記事項 ＊ＵＲ都市再生機構の仕事は主に成田市・千葉市内での作業 ＊他に千葉市からの依頼等、官公庁関連のお仕事が多い ＊家電等の重量物を一人で運ぶことは無く、必ず２人体制での業務 〜他業者がＵＲ居室をリフォーム後の室内清掃等もあり、男女を問 わず活躍できます〜 ※駐車場代：無料 ※通勤手当：電車通勤者は一定額ではなく実費支給となります 《ミドルシニアで、正社員雇用の機会に恵まれなかった方歓迎》 より労働条件の明示を受けてください。,住宅＆リフォーム（千葉県）_1）.pdf,40
＜業界外＞その他,ハウスクリーニングスタッフ／未経験ＯＫ・男女共に活躍！,,千葉,床・内装工事業,〒 千葉県市原市,205800,257250,True,False,必要な経験・知識・技能等不問,普通自動車運転免許あれば尚可（AT限定可）,,,■新築住宅やリフォーム現場での簡単な清掃業務です。 ■主に掃き掃除や拭き掃除などの作業を行っていただきます。 ■マニュアルを完備しているため、未経験の方でも安心して始めら れます。 ※作業は２〜３名のチームで行うため、分からないことがあっても すぐに相談できる環境です。 ※高所作業や重量物の運搬はありません。働きながら住宅に関する 知識や技術を身に付けることができます。 ※乗り合いで市原市内〜袖ヶ浦、木更津周辺の現場へ向かいます。 『変更範囲：変更なし』 正社員以外 正社員以外の名称パート、アルバイト 正社員登用あありり 正社員登用の実績（過去３年間） なし 就業形態派遣・請負ではない,求人に関する特記事項 ■難しい仕事内容は一切ありません。お気軽にお問合せ下さい！ ■社員寮完備：寮費月額５万円（電気・ガス・水道代込み） ４．５畳または６畳で、エアコン・寝具一式を備えています。 浴室・トイレ・キッチンは共同利用となります。 ■面接選考のみです。 ■外国籍の方のご応募歓迎します（日本語の日常会話のできる方） ■男性・女性共に活躍できる仕事です。 ■お子様の学校行事や病気のお休みについても相談可 ■制服・空調服の貸与あり ■服装・髪型・髪色自由 ■ピアス・ネイル可 ■ブランク・未経験の方も丁寧に指導しますので安心してご応募下 さい。 ※オンライン自主応募可。自主応募の場合は紹介状は不要です。 ※契約更新上限なし ※採用後、労働保険（労災・雇用）に速やかに加入します。 より労働条件の明示を受けてください。,住宅＆リフォーム（千葉県）_1）.pdf,41
施工技能職（大工・内外装・基礎・足場ほか）,屋根・外壁・大工・塗装【施工スタッフ】,カブシキガイシャエステック 株式会社エステック,千葉,建築リフォーム工事業,〒278-0037 千葉県野田市野田７２２ 東武野田線愛宕駅から徒歩2分,250000,600000,False,False,必要な経験・知識・技能等あれば尚可 屋根・板金・大工・現場管理職・サイディング・塗装・コーキング 等の経験があれば尚可,普通自動車運転免許あれば尚可（AT限定可）,,,新築戸建て住宅施工とリフォーム事業 屋根工事：下地施工、屋根材・板金など 外壁工事：下地施工、外壁材の加工・取付・仕上げなど 大工工事：建て方、中造作工事など 【従事すべき業務の変更範囲】なし ※社用車（普通車１ＢＯＸ：ＡＴ車）にて各施工現場まで移動 ※就業時間は現場での勤務時間となります （主な現場１都３県：東京・千葉・埼玉・茨城） その他、雨樋・板金・塗装・コーキング・現場管理職など。 １種にとらわれない、マルチスキル人材育成に力を入れています。 変更の範囲：なし 正社員 正社員登用 正社員登用の実績（過去３年間） 就業形態派遣・請負ではない,求人に関する特記事項 当社の社員は２０代の若い機動力を中心に、外国人研修生や上の世 代の社員もおり、広く活躍して頂いています。 自分の力を試したいと活躍してくださる方を評価していきたいと考 えております。 安心して働いてもらえるよう、労災保険のほかに、複数の従業員向 けの保険に加入しております。 ・ハイパーメディカル：仕事中やプライベートで病気やケガで入院 した時や、がんが原因で通院した際の費用など、多くの場面をカバ ーします。 ・上乗せ労災保険：仕事中にケガをした場合に、会社が一定額のお 見舞金をお支払い します。 ・弔慰金：病気やケガで万が一亡くなられてしまった際に、ご遺族 の生活を保障するための福利厚生制度です。 みなさんに期待したいのは自分で決断して、決めたことは続けてい くことです。 共に創る仲間をお待ちしております。 より労働条件の明示を受けてください。,住宅＆リフォーム（千葉県）_1）.pdf,42
施工管理・現場監督（工務）,リフォーム工事の「施工管理スタッフ」,,千葉,一般土木建築工事業,〒 千葉県船橋市,240000,450000,False,True,必要な経験・知識・技能等あれば尚可 工事経験やＰＣ経験等、これまで培ってこられたスキルを優遇いた します。,１級建築施工管理技士あれば尚可 ２級建築施工管理技士あれば尚可 一級建築士あれば尚可 普通自動車運転免許必須 （AT限定可）,,,主にＵＲ賃貸（独立行政法人都市再生機構）や公共の集合住宅にお ける退去後のお部屋のリフォーム工事の「施工管理業務」、簡易な 修繕工事をお任せします。工事内容は依頼時に決まっており、業者 手配や材料手配が主な業務です。 ・業者手配（馴染みの協力会社への連絡）・材料手配 ・書類作成、見積作成（写真整理・報告書の作成） ・アフターメンテナンス…数は多くないですが入居後の「漏水」「 扉の建付」「床鳴り」などの相談があり、専門の協力業者 を手配し対応を進めていきます。 入社後は先輩社員と一緒に行動し、業務の流れや手配方法を学びま しょう。独り立ちの目安は設けていませんので、自信を持てるよう になるまでサポートします。［変更範囲：会社の定める業務］ 正社員 正社員登用 正社員登用の実績（過去３年間） 就業形態派遣・請負ではない,求人に関する特記事項 ＊オンライン自主応募可 （オンライン自主応募の方は紹介状不要です） より労働条件の明示を受けてください。,住宅＆リフォーム（千葉県）_1）.pdf,43
施工管理・現場監督（工務）,建築施工管理（アフターメンテナンス・リフォーム）／我孫子,スミトモリンギヨウホームエンジニアリングカブシキガイシヤ 住友林業ホームエンジニアリング株式会社,千葉,木造建築工事業,〒270-1176 （雇入れ直後）千葉県我孫子市柴崎台３ー７－３３ 当社東関東事業部 （変更の範囲）会社の定める場所（転勤有コースの場合） ＪＲ常磐線天王台駅から徒歩7分,269550,436575,False,True,必要な経験・知識・技能等必須 建築業界での施工管理経験,２級建築施工管理技士あれば尚可 １級建築施工管理技士あれば尚可 二級建築士あれば尚可 一級建築士 普通自動車運転免許必須 （AT限定可）,,,住友林業（株）木造注文住宅「住友林業の家」のアフターメンテナ ンス・リフォーム工事の管理 木造軸組・ツーバイフォー工法物件の定期点検、アフターメンテナ ンス、補修、リフォーム工事管理 ※建築関連求人 変更範囲：会社の定める業務 正社員 正社員登用 正社員登用の実績（過去３年間） 就業形態派遣・請負ではない,求人に関する特記事項 就業場所、業務内容については当社ＨＰにてご確認ください。 先ずは書類選考を実施いたしますので履歴書、職務経歴書、ハロー ワーク紹介状を東関東事業部松尾まで送付願います。 何か不明な点がございましたら気軽にメール（又は電話）にてお問 合せください。 質問等なければ事前連絡不要です。応募書類を所在地宛にお送りく ださい。 施工管理及びメンテナンス職の昨年ベースアップ実績：５，０００ 円 より労働条件の明示を受けてください。,住宅＆リフォーム（千葉県）_1）.pdf,44
住宅・リフォーム営業（提案営業）,リフォーム営業／千葉エリア,カブシキガイシャポラスノリフォーム 株式会社ポラスのリフォーム,千葉,一般土木建築工事業,〒270-0164 千葉県流山市流山１０２８１Ｆ 「千葉事業所」 ＪＲ武蔵野線南流山駅から徒歩14分,300000,400000,True,True,必要な経験・知識・技能等不問,普通自動車運転免許必須 （AT限定可）,,,＊１４年連続埼玉県住宅リフォーム売上ランキングＮＯ．１ リフォームのお客様に様々なプランをご提案します。 営業のみならず、設計や見積り作成・工程管理など、 トータルに担当にしてお客様のリフォームをサポート していただきます。 「変更範囲：ポラスグループ内の業務全般」 正社員 正社員登用 正社員登用の実績（過去３年間） 就業形態派遣・請負ではない,求人に関する特記事項 ＊転勤の可能性について 業務上の必要により、転勤・出向・転籍の可能性あり。 （主に埼玉・千葉、一部職種はポラスグループ内の全国の事業所） ＊昇給・賞与はグループ全体の平均です。 本人のスキル、経験を考慮の上、弊社規定により決定します。 ＊慶弔休暇あり ＊事前連絡は不要。 ＊応募書類を下記宛にメールまたは郵送してください。 書類選考結果は改めて連絡します。（１４日程度） ＊「メールアドレス」をお持ちの方は、応募に関する連絡に使用さ せていただきますので、履歴書等に記載をお願いいたします。 ＊面接はポラス本社（越谷市）で行います。 より労働条件の明示を受けてください。,住宅＆リフォーム（千葉県）_1）.pdf,45
施工管理・現場監督（工務）,リフォーム施工管理／千葉エリア,カブシキガイシャポラスノリフォーム 株式会社ポラスのリフォーム,千葉,一般土木建築工事業,〒270-0164 千葉県流山市流山１０２８１Ｆ 「千葉事業所」 武蔵野線南流山駅から徒歩14分,300000,400000,True,True,必要な経験・知識・技能等不問,普通自動車運転免許必須 （AT限定可）,,,＊１４年連続埼玉県住宅リフォーム売上ランキングＮО．１ 営業や取引業者と連携してお客様の希望されるリフォームを具体 化し、着工からアフターフォローまでを管理・進行していただき ます。 お引渡しを逆算して、スケジュールや品質の管理、職人や資材の 手配、竣工時等の立会いなど、お客様へ完成した住まいをお渡し するまでの管理を行っていただきます。 「変更範囲：ポラスグループ内の業務全般」 正社員 正社員登用 正社員登用の実績（過去３年間） 就業形態派遣・請負ではない,求人に関する特記事項 ＊転勤の可能性について 業務上の必要により、転勤・出向・転籍の可能性あり。 （主に埼玉・千葉、一部職種はポラスグループ内の全国の事業所） ＊昇給・賞与はグループ全体の平均です。 本人のスキル、経験を考慮の上、弊社規定により決定します。 ＊慶弔休暇あり ＊事前連絡は不要。 ＊応募書類をメールで送付または郵送してください。 書類選考結果は改めて連絡します。（１４日程度） ＊「メールアドレス」をお持ちの方は、応募に関する連絡に使用さ せていただきますので、履歴書等に記載をお願いいたします。 ＊面接はポラス本社（越谷市）で行います。 より労働条件の明示を受けてください。,住宅＆リフォーム（千葉県）_1）.pdf,46
設備工事（配管・電気・住宅設備）,配管工,ユウゲンガイシャマルサセツビ 有限会社マルサ設備,千葉,管工事業（さく井工事業を,〒297-0052 千葉県茂原市上茂原２８３ ＪＲ茂原駅から車10分,250000,500000,False,True,必要な経験・知識・技能等あれば尚可 ビルなどの水道、空調設備関係の業務経験あれば尚可,中型自動車免許必須 ４トン車の運転あるためＨ１９．６．１以前の普通自動車も可 普通自動車運転免許必須 （AT限定可）,,,・一般住宅・ビル・ホテル等の給・排水工事 新築・リフォーム・修理・水周り工事全て行います。 ・新築・リフォーム 器具（洗面台・便器等）の設置やそれに伴う配管工事 ・修理 水漏れ修理（蛇口交換や部品の交換等） エリア：主に千葉県内（社有車にて） 「業務変更範囲：なし」 正社員 正社員登用 正社員登用の実績（過去３年間） 就業形態派遣・請負ではない,求人に関する特記事項 ※昇給・賞与は業績によります。 ◇業務に関わる資格取得（管工事など）の費用は会社で負担 します。 ・週４０Ｈを超える分については割増手当を支払います。 より労働条件の明示を受けてください。,住宅＆リフォーム（千葉県）_1）.pdf,47
施工管理・現場監督（工務）,現場監督,ユウゲンガイシャマルサセツビ 有限会社マルサ設備,千葉,管工事業（さく井工事業を,〒297-0052 千葉県茂原市上茂原２８３ ＪＲ茂原駅から車10分,300000,500000,False,True,必要な経験・知識・技能等必須 現場の施工管理経験,２級管工事施工管理技士必須 中型自動車免許あれば尚可 ４トン車の運転あるため、中型あれば尚可 普通自動車運転免許必須 （AT限定不可）,,,◆一般住宅・ビル等の給排水工事 新築やリフォーム、水周り工事全て行います。 ◆現場作業及び施工管理業務 ・図面作成 ・積算、見積業務 ・その他、付随する業務 エリア：主に千葉県内（社有車にて） 「変更範囲：変更なし」 正社員 正社員登用 正社員登用の実績（過去３年間） 就業形態派遣・請負ではない,求人に関する特記事項 ※昇給・賞与は業績によります。 ・週４０Ｈを超える分については割増手当を支払います。 より労働条件の明示を受けてください。,住宅＆リフォーム（千葉県）_1）.pdf,48
施工管理・現場監督（工務）,建築施工管理（アフターメンテナンス・リフォーム）／花見川,スミトモリンギヨウホームエンジニアリングカブシキガイシヤ 住友林業ホームエンジニアリング株式会社,千葉,木造建築工事業,〒262-0022 （雇入れ直後）千葉県千葉市花見川区南花園２－６－７ 花園第２ビル２階当社千葉事業部 （変更の範囲）会社の定める場所（転勤有コースの場合） ＪＲ中央・総武線新検見川駅から徒歩3分,269550,436575,False,True,必要な経験・知識・技能等必須 建築業界での施工管理経験,２級建築施工管理技士あれば尚可 １級建築施工管理技士あれば尚可 二級建築士あれば尚可 一級建築士 普通自動車運転免許必須 （AT限定可）,,,住友林業（株）木造注文住宅「住友林業の家」のアフターメンテナ ンス・リフォーム工事の管理 木造軸組・ツーバイフォー工法物件の定期点検、アフターメンテナ ンス、補修、リフォーム工事管理 ※建築関連求人 変更範囲：会社の定める業務 正社員 正社員登用 正社員登用の実績（過去３年間） 就業形態派遣・請負ではない,求人に関する特記事項 就業場所、業務内容については当社ＨＰにてご確認ください。 先ずは書類選考を実施いたしますので履歴書、職務経歴書、ハロー ワーク紹介状を千葉事業部原口まで送付願います。 何か不明な点がございましたら気軽にメール（又は電話）にてお問 合せください。 質問等なければ事前連絡不要です。応募書類を所在地宛にお送りく ださい。 施工管理職及びメンテナンスの昨年ベースアップ実績：５，０００ 円 より労働条件の明示を受けてください。,住宅＆リフォーム（千葉県）_1）.pdf,49
施工管理・現場監督（工務）,建築現場管理／成田市,カブシキガイシャフジコー 株式会社フジコー,千葉,建築材料卸売業,〒286-0819 千葉県成田市久住中央１－１３－９ ＳＵＺＵＫＩビル１０２ （株）フジコー成田営業所,245000,380000,False,True,必要な経験・知識・技能等あれば尚可 現場監督経験あれば尚可,普通自動車運転免許必須 （AT限定可）,,,主に住宅の水廻り商品工事、給排水工事、リフォーム工事の現場管 理になります。 現場での打合せ、申請業務、工事協力業者の手配、管理等 先輩が親切に指導しますので未経験者でも仕事をしながら覚えられ 安心できます。 仕事をしながら必要資格を取得することができます。 ＊社用車ＡＴ車使用 ＊主な現場エリア：成田市及び近郊市町村 「変更範囲：変更なし」 正社員 正社員登用 正社員登用の実績（過去３年間） 就業形態派遣・請負ではない,求人に関する特記事項 ＊役務手当の金額は経験により決定。 ＊昇給は会社業績、本人の実績により決定。 ＊２０２２度は特別手当支給有。 ＊面接は１〜２回程度。 ＊経験者優遇します。 「未経験者可」 ※応募書類は就業場所に郵送のこと 〒２８６－０８６８ 千葉県成田市久住中央１－１３－９ ＳＵＺＵＫＩビル１０２ （株）フジコー成田営業所 ＊面接場所は成田営業所です。 より労働条件の明示を受けてください。,住宅＆リフォーム（千葉県）_1）.pdf,50
設備工事（配管・電気・住宅設備）,電気工事士・設備工事スタッフ,カブシキガイシャワクティブ 株式会社ＷＡＫＵｔｉｖｅ,千葉,管工事業（さく井工事業を,〒297-0024 千葉県茂原市八千代２－４－１１今関ビル２１１号 ＪＲ外房線茂原駅から徒歩10分,250000,300000,True,True,必要な経験・知識・技能等必須 電気工事の実務経験必須（年数不問） 住宅電気工事の実務経験（配線・照明・コンセント）,第二種電気工事士必須 普通自動車運転免許必須 （AT限定可）,,,一般住宅の空き家リフォームを中心とした電気工事および設備工事 のお仕事です。 ※どちらかをメイン業務とし、もう一方の補助もお願いすることが あります。 ・配線、照明器具・コンセント・スイッチ ・空調設備等の取付および配線作業 ・配管、給排水設備工事、空調設備設置 ・各種設備の修理・点検、準備・後片付け ＊現場は茂原市近隣メイン。東京もあり。 ＊ＡＭ８時集合 ＊祝日は勤務日となります。 「業務変更範囲：なし」 正社員 正社員登用 正社員登用の実績（過去３年間） 就業形態派遣・請負ではない,求人に関する特記事項 ◆オンライン自主応募可◆ ◆自主応募の場合、紹介状は不要◆ ・建築や電気工事の仕事が好きな方、手を動かして作業することが 好きな方が活躍しています。 ・幅広い年代の社員が在籍し、アットホームで和気あいあいとした 職場環境です。 ・朝は８時に事務所集合の為、早朝に現場へ直行する必要がなく、 比較的ゆとりをもって一日を始められます。早く終わった日は早上 がり可。 ・実績や定期的なスキルアップ評価により、インセンティブの支給 や昇給の機会があります。 【業務の進め方について】 ・電気工事もしくは設備工事のいずれかをメイン業務として担当い ただき、もう一方の補助業務もお願いすることになります。 例：電気工事担当として採用の場合でも、現場によっては設備工 事の補助業務をお願いすることがございます。 【交通費】自家用車使用時は会社規定によりガソリン代支給。 より労働条件の明示を受けてください。,住宅＆リフォーム（千葉県）_2）.pdf,1
住宅・リフォーム営業（提案営業）,室内リフォームスタッフ／土日祝休み／年間休日１２７日♪,シンワケンコウカブシキガイシャ 伸和建工株式会社,千葉,建築工事業（木造建築工事,〒263-0004 千葉県千葉市稲毛区六方町４４番地１ ＊ＪＲ四街道駅「山王公民館前」バス停 ＪＲ四街道駅から車10分,250000,330000,True,True,必要な経験・知識・技能等不問,普通自動車運転免許必須 （AT限定可）,,,◆創業１２５年を超える老舗建設会社です。千葉市内の団地や マンションのリフォームを中心に建築工事を行う会社です ◆大工及び雑工（多能工）の募集です【未経験者大歓迎♪】 （お仕事内容） ＊ＵＲ・公団住宅を中心に入居前の室内改装業務が中心です ＊床の張り替え、タイルの修正、壁などのシート張替など ◆現場は千葉市内の主に美浜区、花見川区、稲毛区の団地が中心 ◆工期は２週間〜２ヶ月の工期がメインです ＊作業は基本的に１人で対応します（当初は先輩と一緒に作業） ◆現在スタッフは４０代５０代６０代が活躍中です ◆事務所に出勤し現場へ向かいます！ 【業務内容変更範囲：変更なし】 正社員 正社員登用 正社員登用の実績（過去３年間） 就業形態派遣・請負ではない,求人に関する特記事項 ＊業務拡大による増員です！ ＊能力により賃金確定します ＊経験者は賃金優遇します ＊未経験者でも丁寧に指導いたします ＊４０代５０代を中心に活躍している会社です ＊建退協加入しています ＊ハローワークからの連絡時に、面接日時を決定します。 応募書類は、面接当日にご持参ください。 ＊副業可（Ｗワーク可能） より労働条件の明示を受けてください。,住宅＆リフォーム（千葉県）_2）.pdf,2
施工技能職（大工・内外装・基礎・足場ほか）,大工及び雑工（多能工）／土日祝休み／年間休日１２７日♪,シンワケンコウカブシキガイシャ 伸和建工株式会社,千葉,建築工事業（木造建築工事,〒263-0004 千葉県千葉市稲毛区六方町４４番地１ ＊ＪＲ四街道駅「山王公民館前」バス停 ＪＲ四街道駅から車10分,281000,391000,False,True,必要な経験・知識・技能等必須 ★多能工、大工経験（年数は問いません）,普通自動車運転免許必須 （AT限定可）,,,◆創業１２５年を超える老舗建設会社です。千葉市内の団地や マンションのリフォームを中心に建築工事を行う会社です ◆大工及び雑工（多能工）の募集です （お仕事内容） ＊ＵＲ・公団住宅を中心に入居前の室内改装業務が中心です ＊床の張り替え、タイルの修正、壁などのシート張替など ◆現場は千葉市内の主に美浜区、花見川区、稲毛区の団地が中心 ◆工期は２週間〜２ヶ月の工期がメインです ＊作業は基本的に１人で対応します（当初は先輩と一緒に作業） ◆現在スタッフは４０代５０代６０代が活躍中です ◆事務所に出勤し現場へ向かいます！ 【業務内容変更範囲：変更なし】 正社員 正社員登用 正社員登用の実績（過去３年間） 就業形態派遣・請負ではない,求人に関する特記事項 ＊業務拡大による増員です！ ＊能力により賃金確定します ＊経験者は賃金優遇します ＊未経験者でも丁寧に指導いたします ＊４０代５０代を中心に活躍している会社です ＊建退協加入しています ＊ハローワークからの連絡時に、面接日時を決定します。 応募書類は、面接当日にご持参ください。 ＊副業可（Ｗワーク可能） より労働条件の明示を受けてください。,住宅＆リフォーム（千葉県）_2）.pdf,3
施工管理・現場監督（工務）,現場管理・現場代理人,カブシキガイシヤソウケン 株式会社ソウケン,千葉,建築リフォーム工事業,〒279-0004 千葉県浦安市猫実３－１６－２９ 東京メトロ東西線浦安駅から徒歩10分,350000,600000,False,True,必要な経験・知識・技能等必須 建築施工管理経験３年以上（公共工事の経験者を歓迎）,１級建築施工管理技士あれば尚可 ２級建築施工管理技士あれば尚可 その他の建築技術関係資格あれば尚可 １・２級建築施工管理技士補 普通自動車運転免許必須 （AT限定可）,Ｗｏｒｄ・Ｅｘｃｅｌの基本操作（ＪＷＣＡＤができる方尚可）,,浦安市内の公共工事（教育施設・保育施設等） の大規模改修・修繕や 住宅の改修・リフォーム工事における 積算・施工管理業務全般のお仕事です。 ー工程・品質・安全・原価管理 ー発注者・協力会社との打合せ等 ー工程確認や進捗の把握、書類作成等 ー現場管理補助作業等 ○従事すべき業務の変更の範囲：変更なし 正社員 正社員登用 正社員登用の実績（過去３年間） 就業形態派遣・請負ではない,求人に関する特記事項 ※給与は資格・経験等を考慮し決定します。 ※賞与は業績により決定します。 ※現場は浦安市内中心で、出張・長距離移動はありません。 ※担当現場にもよりますが、基本的に土・日・祝休み ※残業は月平均２０時間以内。定時退社が基本です。 ※夜間作業は殆どありません。 ◎公共建築工事の経験がある方歓迎します。 （積算・工程管理・書類処理の理解がある方） ◎改修工事がメインですが、新築工事の経験がある方歓迎します。 ◎現場は浦安市内中心で移動距離・時間が短く、体力的負担も少な めです。 ◎従業員は５０代以上が中心。穏やかで落ち着いた職場です。 より労働条件の明示を受けてください。,住宅＆リフォーム（千葉県）_2）.pdf,4
事務・営業事務・広報,リフォームショップの受付,アワジュウタクカブシキガイシャ 安房住宅株式会社,千葉,管工事業（さく井工事業を,〒294-0054 千葉県館山市湊５１０－１,208000,222000,True,True,必要な経験・知識・技能等不問,普通自動車運転免許必須 （AT限定可）,入力程度の操作経験（エクセル、ワード、メール）,,安房住宅、リフォーム相談館では水回りリフォーム、屋根外装リフ ォーム、新築、インテリアなど住宅に関する様々な相談を承ってい ます。弊社「リフォーム相談館」にて受付のお仕事です。 ■ご来店のお客様の接客対応 既存のお客様や新規のお客様のご来店時にご案内し相談の内容を大 まかに聞いていただきます。ヒアリングした内容を担当営業へ電話 やメール、チャットなどで申し送りをします。 ■電話対応。お客様からの電話や社内の内線電話の対応をします。 ■データ入力作業。エクセルやワードを使った簡単な入力作業をし ていただくことがあります。 ■店舗整理整頓、掃除。空いた時間に店頭やカタログの整理整頓 、清掃などをしていただきます。「変更範囲：変更なし」 正社員 正社員登用 正社員登用の実績（過去３年間） 就業形態派遣・請負ではない,求人に関する特記事項 ユニホーム貸与 ◆資格取得時援助ありステップアップも可能です ◆リフォーム、建築の知識が無くても先輩スタッフがしっかりサポ ートいたしますので、未経験からでも始められる職種です。 より労働条件の明示を受けてください。,住宅＆リフォーム（千葉県）_2）.pdf,5
施工管理・現場監督（工務）,木造住宅現場監督,アワジュウタクカブシキガイシャ 安房住宅株式会社,千葉,管工事業（さく井工事業を,〒294-0012 千葉県館山市稲１６２ ＪＲ内房線九重駅から車5分,250000,400000,False,True,必要な経験・知識・技能等必須 建築の新築またはリフォーム（木造）の施工管理経験,その他の建設工事関係資格あれば尚可 ２級建築施工管理技士あれば尚可 いずれかの免許・資格所持で可 普通自動車運転免許必須 （AT限定不可）,,,元請けの建築現場における施工管理業務です。 新築（注文住宅・建売住宅）、リフォームなどが中心です。 営業担当とチームで取り組みます。 ・協力業者、資材の発注 ・予算の管理 ・現場での検査立会、品質・安全・工程管理等 「変更範囲：会社の定める業務」 正社員 正社員登用 正社員登用の実績（過去３年間） 就業形態派遣・請負ではない,求人に関する特記事項 ３０代〜４０代以上も活躍中！ お客様のご希望または計画した建物が完成した時のお客様の満足し た姿を拝見する事は最高の喜びです。 意欲のある方をお待ちしております。 より労働条件の明示を受けてください。,住宅＆リフォーム（千葉県）_2）.pdf,6
住宅・リフォーム営業（提案営業）,営業（リフォームアドバイザー）,,千葉,建築リフォーム工事業,〒 千葉県船橋市,250000,350000,True,True,必要な経験・知識・技能等不問,普通自動車運転免許必須 （AT限定可）,基本的なＰＣ操作ができること,,反響でのリフォーム提案・施工管理に携わる営業業務 反響のあったお客様や顧客様のご自宅へ訪問し、住宅に関するお悩 みやご要望を伺い、ご希望に沿ったリフォーム提案と見積書を作成 し、ご契約を頂くお仕事です。 飛び込み営業はいっさいありません。 お客様のご希望に寄り添い工事を進めていますので、自分が担当し たリフォームを完成まで監理し、見届けることができます。 【変更範囲：なし】 正社員 正社員登用 正社員登用の実績（過去３年間） 就業形態派遣・請負ではない,求人に関する特記事項 ※【賞与月数について】計１〜３ヶ月分（前年度実績） ＊未経験スタートだった先輩も活躍中！ ＊皆で成長し合える環境です。 ＊企画開催等では皆で意見、アイデアを出し進めていきますので、 あなたのアイデア次第で、新しい企画や意見を形にすることがで きます。 前年度の実績によって社員旅行があります。 皆で達成して、喜びを分かち合いましょう。 （２０２５年九州旅行） 弊社のホームページでスタッフの日々の出来事やリフォーム現場の 紹介などをつづったブログを毎日発信しています ブログを見て頂き共感して頂ける方、是非私たちと一緒に楽しくお 仕事しませんか？前向きで何事にも積極的に取り組める方のご応募 お待ちしています。 より労働条件の明示を受けてください。,住宅＆リフォーム（千葉県）_2）.pdf,7
施工管理・現場監督（工務）,工事部／マネージャー（新築住宅／リフォーム）,ヒラヤマホームカブシキガイシヤ ヒラヤマホーム株式会社,千葉,建築工事業（木造建築工事,〒286-0041 千葉県成田市飯田町１２６ 公津の杜営業所 京成公津の杜駅から徒歩5分,370000,579000,False,True,必要な経験・知識・技能等必須 住宅建築施工又はリフォーム現場の経験,１級建築施工管理技士あれば尚可 建築士資格ある方：歓迎 普通自動車運転免許必須 （AT限定可）,パソコン（ワード・エクセル）の基本操作のできる方,,◆地元のかかりつけ工務店の工事部として、責任感を持って業務領 域を広げたい方大歓迎 ◆住宅に携わることが好きな人 ＜工事部の業務＞ ＊住宅の新築及びリフォームの現場監督 ※社用車運転で工事現場に移動します。 【変更範囲：変更なし】 正社員 正社員登用 正社員登用の実績（過去３年間） 就業形態派遣・請負ではない,求人に関する特記事項 ＊応募の際はハローワークの紹介状が必要となります。 （除く、オンライン自主応募） ＊能力・資格・経験等に応じて賃金を決めさせて頂きます。 ＊マイカー通勤の場合、自動車任意保険に加入 【ヒラヤマホーム株式会社】 ・木材業として１９０１年に千葉県成田市で創業。 以来、１２０年の歴史と業績を誇っています。 ・大正５年から建築請負業に着手し、地元地域を中心に実績と技術 を積み重ね、お客様からの信頼を獲得してきました。 より労働条件の明示を受けてください。,住宅＆リフォーム（千葉県）_2）.pdf,8
メンテナンス・アフターサービス・点検,管理スタッフ（メンテナンス＆リフォーム）／市原店,イーストグローハウジングカブシキガイシャ イーストグローハウジング株式会社,千葉,貸家業，貸間業,〒290-0081 千葉県市原市五井中央西２－８－３１時田ビル５Ｆ （市原店） ＪＲ五井駅から徒歩1分,240000,350000,False,True,必要な経験・知識・技能等あれば尚可 内装工事・リフォーム施工管理経験：あれば尚可,二級建築士あれば尚可 宅地建物取引士（旧：宅地建物取引主任者）あれば尚可 賃貸不動産経営管理士：あれば尚可 普通自動車運転免許必須 （AT限定可）,パソコン（Ｗｏｒｄ，Ｅｘｃｅｌ）の基本操作が出来る方,,◇管理スタッフ（メンテナンス＆リフォーム）業務 オーナー様に代わり、当社で管理しているお部屋のメンテナンス＆ リフォーム対応業務です。入居初日〜退去まで、お客様が快適に暮 らせるようサポート、入居前チェック・退去時の立会い・メンテナ ンスの対応や手配が中心です。 ＊入居者様からのクレームやリクエストは併設のコールセンターに て一括対応しています。 ＊社内スタッフからの依頼内容をもとに現場対応をして頂きます。 ＊業界未経験者も歓迎いたします。 【内装工事・リフォーム施工管理未経験者歓迎】 【住宅リフォームやＤＩＹにご興味がある方も是非！】 【変更範囲：変更無し】 正社員 正社員登用 正社員登用の実績（過去３年間） 就業形態派遣・請負ではない,求人に関する特記事項 【未経験者も積極的に採用しています】 異業種からの転職をお考えの方、資格を活用できていないという方 、 ぜひご応募下さい！ ＊昇給・賞与は業績によります。 ＊マイカー通勤：可（駐車場代自己負担） ＊休日は会社カレンダーによる。 ※仕事内容追記事項：自動車の運転業務あり 応募書類をご送付いただき、 選考の上、面接の場所と日時をご連絡させていただきます。 応募の際は必ずハローワークで紹介状の交付を受けてください。 （除く、オンライン自主応募） より労働条件の明示を受けてください。,住宅＆リフォーム（千葉県）_2）.pdf,9
メンテナンス・アフターサービス・点検,管理スタッフ（メンテナンス＆リフォーム）／四街道店,イーストグローハウジングカブシキガイシャ イーストグローハウジング株式会社,千葉,貸家業，貸間業,〒284-0003 千葉県四街道市鹿渡９３４－２５フローライトビル１Ｆ （四街道店） ＪＲ四街道駅から徒歩3分,240000,350000,False,True,必要な経験・知識・技能等あれば尚可 内装工事・リフォーム施工管理経験：あれば尚可,二級建築士あれば尚可 宅地建物取引士（旧：宅地建物取引主任者）あれば尚可 賃貸不動産経営管理士：あれば尚可 普通自動車運転免許必須 （AT限定可）,パソコン（Ｗｏｒｄ，Ｅｘｃｅｌ）の基本操作が出来る方,,◇管理スタッフ（メンテナンス＆リフォーム）業務 オーナー様に代わり、当社で管理しているお部屋のメンテナンス＆ リフォーム対応業務です。入居初日〜退去まで、お客様が快適に暮 らせるようサポート、入居前チェック・退去時の立会い・メンテナ ンスの対応や手配が中心です。 ＊入居者様からのクレームやリクエストは併設のコールセンターに て一括対応しています。 ＊社内スタッフからの依頼内容をもとに現場対応をして頂きます。 ＊業界未経験者も歓迎いたします。 【内装工事・リフォーム施工管理未経験者歓迎】 【住宅リフォームやＤＩＹにご興味がある方も是非！】 【変更範囲：変更無し】 正社員 正社員登用 正社員登用の実績（過去３年間） 就業形態派遣・請負ではない,求人に関する特記事項 【未経験者も積極的に採用しています】 異業種からの転職をお考えの方、資格を活用できていないという方 、 ぜひご応募下さい！ ＊昇給・賞与は業績によります。 ＊マイカー通勤：可（駐車場代自己負担） ＊休日は会社カレンダーによる。 ※仕事内容追記事項：自動車の運転業務あり 応募書類をご送付いただき、 選考の上、面接の場所と日時をご連絡させていただきます。 応募の際は必ずハローワークで紹介状の交付を受けてください。 （除く、オンライン自主応募） より労働条件の明示を受けてください。,住宅＆リフォーム（千葉県）_2）.pdf,10
メンテナンス・アフターサービス・点検,管理スタッフ（メンテナンス＆リフォーム）／成田店,イーストグローハウジングカブシキガイシャ イーストグローハウジング株式会社,千葉,貸家業，貸間業,〒286-0033 千葉県成田市花崎町８１４－３６玉川ビル （成田店） 京成本線成田駅から徒歩1分,240000,350000,False,True,必要な経験・知識・技能等あれば尚可 内装工事・リフォーム施工管理経験：あれば尚可,二級建築士あれば尚可 宅地建物取引士（旧：宅地建物取引主任者）あれば尚可 賃貸不動産経営管理士：あれば尚可 普通自動車運転免許必須 （AT限定可）,パソコン（Ｗｏｒｄ，Ｅｘｃｅｌ）の基本操作が出来る方,,◇管理スタッフ（メンテナンス＆リフォーム）業務 オーナー様に代わり、当社で管理しているお部屋のメンテナンス＆ リフォーム対応業務です。入居初日〜退去まで、お客様が快適に暮 らせるようサポート、入居前チェック・退去時の立会い・メンテナ ンスの対応や手配が中心です。 ＊入居者様からのクレームやリクエストは併設のコールセンターに て一括対応しています。 ＊社内スタッフからの依頼内容をもとに現場対応をして頂きます。 ＊業界未経験者も歓迎いたします。 【内装工事・リフォーム施工管理未経験者歓迎】 【住宅リフォームやＤＩＹにご興味がある方も是非！】 【変更範囲：変更なし】 正社員 正社員登用 正社員登用の実績（過去３年間） 就業形態派遣・請負ではない,求人に関する特記事項 【未経験者も積極的に採用しています】 異業種からの転職をお考えの方、資格を活用できていないという方 、 ぜひご応募下さい！ ＊昇給・賞与は業績によります。 ＊マイカー通勤：可（駐車場代自己負担） ＊休日は会社カレンダーによる。 ※仕事内容追記事項：自動車の運転業務あり 応募書類をご送付いただき、 選考の上、面接の場所と日時をご連絡させていただきます。 応募の際は必ずハローワークで紹介状の交付を受けてください。 （除く、オンライン自主応募） より労働条件の明示を受けてください。,住宅＆リフォーム（千葉県）_2）.pdf,11
住宅・リフォーム営業（提案営業）,営業職（正）／夏季７日・冬季１３日連休有,カブシキガイシャサニックス 株式会社サニックス,千葉,建物等維持管理業,〒260-0001 千葉県千葉市中央区都町２丁目２０—１２ （株）サニックス千葉営業所,306000,306000,True,True,必要な経験・知識・技能等不問,普通自動車運転免許必須 （AT限定可）,,,＊戸建住宅を点検し不都合が有ればアドバイス及び対策を提案する 仕事。未経験の方でも十分出来る仕事です。男女問わず歓迎！ ＊提携先（ＪＡ・工務店等）からお客様の紹介も期待できます ＊２０代〜５０代の社員活躍中。社員定着率も良好です ＊入社後は新入社員研修があり、未経験の方でもしっかり知識を 身に付けることができ、フォロー体制も整っています ＊研修後、上司や先輩との現場同行から始まり、自信がつくまで 丁寧にお教えいたします（設備・リフォーム・消毒等の提案） ※月額給与：歩合給含め３５万〜４５万の支給も十分可能です。 【変更の範囲：会社の定める業務】 正社員 正社員登用 正社員登用の実績（過去３年間） 就業形態派遣・請負ではない,求人に関する特記事項 【応募方法について】 最寄りのハローワーク、もしくは本社採用担当宛。面接場所は、最 寄りの支店・営業所。面接日時は履歴書到着後に連絡します。 【待遇・その他について】 ・各種社会保険完備、昇給・昇格制度あり ・年次有給休暇、夏季休暇、年末年始休暇 ・特別休暇（慶弔、バースデー、アニバーサリー、ウェルネス等） ・福利厚生サービス「ベネフィット・ステーション」、保養所あり ・退職金制度、財形貯蓄制度、慶弔見舞金、社員持株会等 ・訪問着貸与、携帯電話貸与、ｉｐａｄ貸与、社有車貸与 【歓迎】 ・未経験者、経験者ともに歓迎！ 未経験からでも安心して始められるように、充実した研修制度 （導入・フォロー研修）がありますので、しっかりと知識と技術 を身につけることができます。 「オンライン自主応募の方は紹介状不要」 より労働条件の明示を受けてください。,住宅＆リフォーム（千葉県）_2）.pdf,12
建材・住宅設備の法人／ルート営業,ルート営業（正）／夏季７日・冬季１３日連休有,カブシキガイシャサニックス 株式会社サニックス,千葉,建物等維持管理業,〒260-0001 千葉県千葉市中央区都町２丁目２０—１２ （株）サニックス千葉営業所,306000,306000,True,True,必要な経験・知識・技能等不問,普通自動車運転免許必須 （AT限定可）,,,＊弊社のお客様を対象に戸建て住宅の定期点検を行い、不都合があ れば、必要に応じて対策やアドバイスなどを行う仕事。（設備 ・リフォーム・消毒等）未経験の方でも十分できる仕事です。 ※工事は全て専門の技術員が行います ＊２０代〜５０代の社員活躍中。社員定着率も良好です ＊入社後は新入社員研修があり、未経験の方でもしっかり知識を 身に付けることができ、フォロー体制も整っています ＊研修後、上司や先輩との現場同行から始まり、自信がつくまで 丁寧にお教えいたします（設備・リフォーム・消毒等の提案） ※月額給与：歩合給含め３５万〜４５万の支給も十分可能です。 ※職場見学可能！ 「業務の変更範囲：会社が定める業務」 正社員 正社員登用 正社員登用の実績（過去３年間） 就業形態派遣・請負ではない,求人に関する特記事項 【応募方法について】 最寄りのハローワーク、もしくは本社採用担当宛。面接場所は、最 寄りの支店・営業所。面接日時は履歴書到着後に連絡します。 【待遇・その他について】 ・各種社会保険完備、昇給・昇格制度あり ・年次有給休暇、夏季休暇、年末年始休暇 ・特別休暇（慶弔、バースデー、アニバーサリー、ウェルネス等） ・福利厚生サービス「ベネフィット・ステーション」、保養所あり ・退職金制度、財形貯蓄制度、慶弔見舞金、社員持株会等 ・訪問着貸与、携帯電話貸与、ｉｐａｄ貸与、社有車貸与 【歓迎】 ・未経験者、経験者ともに歓迎！ 未経験からでも安心して始められるように、充実した研修制度 （導入・フォロー研修）がありますので、しっかりと知識と技術 を身につけることができます。 「オンライン自主応募の方は紹介状不要」 より労働条件の明示を受けてください。,住宅＆リフォーム（千葉県）_2）.pdf,13
住宅・リフォーム営業（提案営業）,リフォーム営業（千葉県千葉市若葉区）※経験者,カブシキガイシャヤマダホームズ 株式会社ヤマダホームズ,千葉,一般土木建築工事業,〒264-0020 千葉県千葉市若葉区貝塚１０８８－１ テックランド千葉本店 株式会社ヤマダホームズ千葉支店,275000,340940,False,True,必要な経験・知識・技能等必須 リフォーム営業経験（２年以上） 注文・建売・住宅営業の経験者優遇,普通自動車運転免許必須 （AT限定可）,,,おもに一戸建て住宅のリフォームの受注および工程管理業務を担当 していただきます。 当社で建てていただいたお客様を中心とした仕事になります。 増改築等の大規模工事から、バス、トイレ、洗面、キッチン等の水 まわり工事、屋根外壁塗り替え等の維持管理工事、そして水栓金具 交換等の小さな工事まで相談に応じ、お客様のニーズを形にします ※実務経験に応じて採用条件での優遇がございます。 【変更範囲】会社の定める範囲 正社員 正社員登用 正社員登用の実績（過去３年間） 就業形態派遣・請負ではない,求人に関する特記事項 昇給：定期昇給なし。人事評価による役職の変更で昇給します。 賞与：歩合としての支給。個人の営業成績によって金額が変わりま す。 ＊土日祝日勤務可能な方 ＊通勤手当は会社規定により支給。 ＊マイカー通勤は原則不可だが、相談によっては可。 応募書類（履歴書・職務経歴書・紹介状）を郵送、またはメールで お送り下さい。 応募前の事前連絡は不要です。 書類選考後、面接日時及び適性検査をご連絡致します。 なお、不採用の場合は結果を通知の上、応募書類は当方の責任で破 棄致します。 ※メールアドレスをお持ちの方は必ず履歴書にご記入ください。 ※応募の際は、必ず紹介状（表裏）の添付をお願いいたします。 ※お問合せはメールにてお願いいたします。 ＊応募にはハローワークの紹介状が必要となります。 より労働条件の明示を受けてください。,住宅＆リフォーム（千葉県）_2）.pdf,14
住宅・リフォーム営業（提案営業）,住宅リフォーム営業,カブシキガイシャマック 株式会社ＭＡＣ,千葉,その他の職別工事業,〒290-0012 千葉県市原市藤井３丁目７４番１ ＪＲ内房線五井駅から車10分,300000,900000,False,True,必要な経験・知識・技能等あれば尚可 業界問わず営業の経験をお持ちの方優遇,普通自動車運転免許必須 （AT限定可）,,,主にホームページ経由で問い合わせされたお客様へ住宅リフォーム を提案（網戸・ガラス・サッシの交換・キッチンや住宅全体のリフ ォームなどを担当） ・ホームページなどから、リフォームを検討中のお客様が問い合わ せ ・ご自宅を訪問しヒアリング ・リフォームプランの提案 ・契約および、資材発注や社内の現場担当者の手配 ・進捗管理と品質チェック ・お引渡しとアフターフォロー 『変更範囲：変更なし』 正社員 正社員登用 正社員登用の実績（過去３年間） 就業形態派遣・請負ではない,求人に関する特記事項 ※オンライン自主応募可。自主応募の場合は紹介状は不要です。 より労働条件の明示を受けてください。,住宅＆リフォーム（千葉県）_2）.pdf,15
住宅・リフォーム営業（提案営業）,住宅リフォームスタッフ,タカヤスケンセツカブシキガイシヤ 高安建設株式会社,千葉,一般土木建築工事業,〒289-2505 千葉県旭市鎌数１７４－２ ミスタービルドパティオ,221520,304800,False,True,必要な経験・知識・技能等あれば尚可 一級建築士、二級建築士、一級建築施工管理技士、二級建築施工管 理技士としての業務経験,１級建築施工管理技士あれば尚可 インテリアコーディネーターあれば尚可 一級建築士あれば尚可 ２ｔ車を運転できる資格あれば尚可 普通自動車運転免許必須 （AT限定不可）,ＪＷ－ＣＡＤ、エクセルその他ＰＣに関する知識,,高安建設株式会社リフォーム部「ミスタービルドパティオ」での 営業、積算、現場管理など住宅・店舗増改築に関する仕事を担当し て頂きます。 また、物件により新築の住宅なども担当して頂きます。 ２ｔダンプなどの社用車（ＭＴ）を運転して現場へ行くこともあり ます。 通常の建築現場とは違い女性でも働きやすい職種です。 【変更の範囲：住宅リフォームスタッフ、施工管理】 正社員 正社員登用 正社員登用の実績（過去３年間） 就業形態派遣・請負ではない,求人に関する特記事項 ・ミスタービルドパティオは１９９５年旭市に誕生しました。 網戸の張替えから大規模リフォーム、新築工事まで住まいのプロフ ェッショナルとしてやってきました。 長年培ってきた経験をもとに、これからもみなさまの暮らしを支え るパートナーとして地域に根付いてやっていきたいと思います。 ・昇給、賞与は会社業績及び業務評価により決定 ・始業時間は現場により早くなることがあります。 ・入社から３か月は研修期間とさせて頂きます。 【移住支援金対象求人】 詳細はハローワーク窓口にお問い合わせください。 ＊オンライン自主応募の場合は、紹介状は不要です。 マイページより直接エントリーして下さい。 より労働条件の明示を受けてください。,住宅＆リフォーム（千葉県）_2）.pdf,16
施工管理・現場監督（工務）,現場作業員及び現場監理,,千葉,木造建築工事業,〒 千葉県大網白里市,264000,315000,True,True,必要な経験・知識・技能等不問,・建築士、施工管理技士免許あれば尚可 普通自動車運転免許必須 （AT限定不可）,,,※土木では公共構造物の新設、改修工事の施工（現場作業）及び 施工管理（書類作成）が主な業務です。 ※建築では公共建築物の新築、改修工事及び個人住宅等の新築、 リフォーム工事の施工管理が主な業務です。 ◆資格（建築士、施工管理技士）のない方でも将来は資格を取得 し、施工管理全般を担当して頂けるようにサポートいたします。 （資格取得に係る費用は会社全額負担） 【変更範囲：変更なし】 正社員 正社員登用 正社員登用の実績（過去３年間） 就業形態派遣・請負ではない,求人に関する特記事項 ＊無料駐車場あり ＊資格取得費用会社補助有 より労働条件の明示を受けてください。,住宅＆リフォーム（千葉県）_2）.pdf,17
施工技能職（大工・内外装・基礎・足場ほか）,足場作業員,カブシキガイシャエスエスケイ 株式会社ＳＳＫ,千葉,とび・土工・コンクリート,〒290-0015 千葉県市原市市原６５２ ＪＲ内房線八幡宿駅から徒歩15分,320000,600000,True,False,必要な経験・知識・技能等不問,不不問問,,,◯一般住宅のリフォーム工事に伴う、足場の組立て、解体の 作業を行っていただきます。 ・各現場での足場の組立、解体作業 ・帰社後、次の日の準備（荷下ろし、荷上げ） ＊２〜３名のチームで行います。 ＊会社に集合し、関東近郊の現場に向かいます。 ＊未経験の方も、手元作業から徐々に覚えていただきます。 ＊知識、スキルの高い先輩が丁寧に指導します ＊業務で使用する資格取得も可能です。 【変更範囲：変更なし】 正社員 正社員登用 正社員登用の実績（過去３年間） 就業形態派遣・請負ではない,求人に関する特記事項 ＊昇給・賞与は本人の能力及び会社業績による。 ＊労災は元請けで加入します。 ＊無料駐車場有り ＊業務内容や面接日、雇用開始日の相談など、 お気軽にお問合せ下さい。 【入居可能住宅の補足】 単身用・世帯用（２ＤＫ） ＊歩いて１０分位の所にあります。 《トライアル雇用併用求人》 ・応募にはハローワーク窓口での職業相談が必要です。 ・トライアル対象者は面接選考となります。 ・トライアル期間中は有期雇用契約社員、各種保険加入。 ・トライアル期間中、賃金は日給１２，０００〜２０，０００円。 ・常用雇用移行は就労者及び事業主の判断によります。 ・トライアル期間終了後は試用期間はありません。 より労働条件の明示を受けてください。,住宅＆リフォーム（千葉県）_2）.pdf,18
施工技能職（大工・内外装・基礎・足場ほか）,塗装工,カブシキガイシャタニシン 株式会社ＴＡＮＩＳＨＩＮ,千葉,塗装工事業,〒260-0803 千葉県千葉市中央区花輪町１２丁目１２ 京成千原線大森台駅から車5分,184000,299000,True,True,必要な経験・知識・技能等不問,普通自動車運転免許必須 （AT限定可）,,,○一般住宅、マンション、アパートの新築、リフォーム工事に伴う 、塗装作業を行っていただきます。 ・防錆、吹付け塗装、手塗り塗装、防水塗装など ＊所在地に集合し、千葉県内、東京都内、埼玉県内等の 各現場へ向かいます。 ＊業務は経験、能力に応じて行っていただきます。 ＊未経験の方も一つひとつ手元作業から覚えていただきます ＊業務で使用する資格取得も可能です。（会社補助あり） 【変更範囲：変更なし】 正社員 正社員登用 正社員登用の実績（過去３年間） 就業形態派遣・請負ではない,求人に関する特記事項 ＊昇給・賞与は会社の業績や本人の勤務成績により決定する。 【事業主・求職者の皆様へ】 求人票は雇用契約書ではありませんので、採用に際しては必ず労 働基準法第１５条による雇用契約書（労働条件通知書）を交わして 下さい。 より労働条件の明示を受けてください。,住宅＆リフォーム（千葉県）_2）.pdf,19
施工技能職（大工・内外装・基礎・足場ほか）,外構工事・土木工事（未経験者可）,,千葉,土木工事業（舗装工事業を,〒 千葉県白井市,250000,400000,True,False,必要な経験・知識・技能等不問,普通自動車運転免許あれば尚可（AT限定不可）,,,○一般住宅の新築外構工事・リフォーム外構工事・土木工事等 ○現場のエリアはほぼ千葉県内 ○現場へは集合場所に集まってから向かいます 【変更範囲：なし】 正社員 正社員登用 正社員登用の実績（過去３年間） 就業形態派遣・請負ではない,求人に関する特記事項 より労働条件の明示を受けてください。,住宅＆リフォーム（千葉県）_2）.pdf,20
配送・ドライバー,ドライバー（２ｔトラック）,,千葉,一般貨物自動車運送業,〒 千葉県鎌ケ谷市,216000,216000,False,True,必要な経験・知識・技能等あれば尚可 トラックの運転経験,普通自動車運転免許必須 （AT限定不可）,,,〇住宅機器配送業務（荷積・荷卸） 千葉方面へ１日８県程度 〇会社近隣の倉庫から荷積し現場（リフォーム等）や店舗への配送 配送先は面接時にご説明します。 【変更範囲：会社の定める業務】 正社員以外 正社員以外の名称日給月給者 正社員登用あありり 正社員登用の実績（過去３年間） ３名 就業形態請負,求人に関する特記事項 より労働条件の明示を受けてください。,住宅＆リフォーム（千葉県）_2）.pdf,21
施工管理・現場監督（工務）,建築施工管理／八街市,カブシキガイシヤケヤキケンセツ 株式会社けやき建設,千葉,木造建築工事業,〒289-1143 千葉県八街市八街い１８８－２３ 総武本線八街駅から徒歩30分,220000,560000,False,True,必要な経験・知識・技能等必須 施工管理（補助）業務,二級建築士あれば尚可 ２級建築施工管理技士あれば尚可 １級建築施工管理技士あれば尚可 普通自動車運転免許必須 （AT限定可）,エクセル、ワード,,◆公共工事、民間工事、新築住宅、リフォームの事業所です ＊積算、施工管理、打合せ等 【業務内容変更範囲：変更なし】 正社員 正社員登用 正社員登用の実績（過去３年間） 就業形態派遣・請負ではない,求人に関する特記事項 ＊ハローワークからの連絡時に、面接日時を決定します。 応募書類は、面接当日にご持参ください。 より労働条件の明示を受けてください。,住宅＆リフォーム（千葉県）_2）.pdf,22
住宅・リフォーム営業（提案営業）,営業部／住宅営業・リフォーム営業（新築住宅／リフォーム）,ヒラヤマホームカブシキガイシヤ ヒラヤマホーム株式会社,千葉,建築工事業（木造建築工事,〒286-0041 千葉県成田市飯田町１２６ 公津の杜営業所 京成公津の杜駅から徒歩5分,378600,557200,False,True,必要な経験・知識・技能等必須 新築営業又はリフォーム営業の経験ある方,普通自動車運転免許必須 （AT限定可）,パソコン（ワード・エクセル）の基本操作のできる方,,◆リフォーム営業、新築営業それぞれ募集します。 ◆住まい・住宅・建築が好きな方、大歓迎！ 飛び込み営業は一切なく、全て反響（新規及び既存のお客様から の問い合わせに対する）営業です。 ＊経験者は適材適所で、これまでの経験に応じて活動していただき ます。 ＊営業インセンティブ制度あり。３ヶ月に一度、期間内の成績に応 じてインセンティブ別途支給となります。 ※社用車運転での営業になります。 【変更範囲：変更なし】 正社員 正社員登用 正社員登用の実績（過去３年間） 就業形態派遣・請負ではない,求人に関する特記事項 ＊応募に際しハローワークの紹介状が必要です。 （オンライン自主応募を除く） ＊能力・資格・経験等に応じて賃金を決めさせて頂きます。 ＊マイカー通勤の場合は、自動車任意保険に加入 【ヒラヤマホーム株式会社】 ・木材業として１９０１年に千葉県成田市で創業。 以来、１２０年の歴史と実績を誇っています。 ・大正５年から建築請負業に着手し、地元地域を中心に実績と技術 を積み重ね、お客様からの信頼を獲得してきました。 より労働条件の明示を受けてください。,住宅＆リフォーム（千葉県）_2）.pdf,23
住宅・リフォーム営業（提案営業）,営業職（地域限定職）／緑区,カブシキガイシャミツウロコヴェッセルシュトケンジギョウブ 株式会社ミツウロコヴェッセル首都圏事業部,千葉,他に分類されない事業サー,〒266-0005 千葉県千葉市緑区誉田町２－２３－２７６ ＪＲ外房線誉田駅から徒歩10分,251000,351000,True,True,必要な経験・知識・技能等不問,危険物取扱者（乙種）あれば尚可 普通自動車運転免許必須 （AT限定可）,,,一般家庭や店舗を訪問し、ＬＰガスの点検・保安業務、ガス機器や 住宅設備（給湯器・コンロ・リフォーム等）の提案・販売を行いま す。既存のお客様へのルート営業が中心で、地域に密着した暮らし のサポートを行う仕事です。未経験の方も丁寧に指導します。 ※保安点検等に関しては資格取得後となります。資格取得までの教 育は責任を持って指導いたします。 ※訪問の際は会社の車を使用します。 【変更範囲：会社内での全ての業務】 正社員 正社員登用 正社員登用の実績（過去３年間） 就業形態派遣・請負ではない,求人に関する特記事項 ・試用期間は、３カ月となります。 ・賞与、昇給は個人別評価及び会社業績となります。 また、賞与は基準日以降入社の方（入社１年目）は基準支給月数 より算出した額を支給します。 ・新卒者の入社日令和８年４月１日 ・永年勤続表彰制度あり（勤続５年・１０年・２０年・３０年） ※京葉エリア就業場所 千葉県内および東京都一部の事業所（千葉店、東千葉店、成田店 木更津店、旭店、館山店、柏店、野田店、城東店） ＊オンライン自主応募可（自主応募の場合は紹介状を不要とする） ・年次有給休暇は下記の通り入社月に応じて付与されます。 ４〜９月：２０日１０〜１２月：１０日１〜３月：５日 ＃ちば所ピックアップ求人 より労働条件の明示を受けてください。,住宅＆リフォーム（千葉県）_2）.pdf,24
住宅・リフォーム営業（提案営業）,営業職（地域限定職）／富里市,カブシキガイシャミツウロコヴェッセルシュトケンジギョウブ 株式会社ミツウロコヴェッセル首都圏事業部,千葉,他に分類されない事業サー,〒286-0221 千葉県富里市七栄４７１－１ 京成本線公津の杜駅から車10分,251000,351000,True,True,必要な経験・知識・技能等不問,危険物取扱者（乙種）あれば尚可 普通自動車運転免許必須 （AT限定可）,,,一般家庭や店舗を訪問し、ＬＰガスの点検・保安業務、ガス機器や 住宅設備（給湯器・コンロ・リフォーム等）の提案・販売を行いま す。既存のお客様へのルート営業が中心で、地域に密着した暮らし のサポートを行う仕事です。未経験の方も丁寧に指導します。 ※保安点検等に関しては資格取得後となります。資格取得までの教 育は責任を持って指導いたします。 ※訪問の際は会社の車を使用します。 【変更範囲：会社内での全ての業務】 正社員 正社員登用 正社員登用の実績（過去３年間） 就業形態派遣・請負ではない,求人に関する特記事項 ・試用期間は、３カ月となります。 ・賞与、昇給は個人別評価及び会社業績となります。 また、賞与は基準日以降入社の方（入社１年目）は基準支給月数 より算出した額を支給します。 ・新卒者の入社日令和８年４月１日 ・永年勤続表彰制度あり（勤続５年・１０年・２０年・３０年） ※京葉エリア就業場所 千葉県内および東京都一部の事業所（千葉店、東千葉店、成田店 木更津店、旭店、館山店、柏店、野田店、城東店） ＊オンライン自主応募可（自主応募の場合は紹介状を不要とする） ・年次有給休暇は下記の通り入社月に応じて付与されます。 ４〜９月：２０日１０〜１２月：１０日１〜３月：５日 より労働条件の明示を受けてください。,住宅＆リフォーム（千葉県）_2）.pdf,25
住宅・リフォーム営業（提案営業）,営業職（地域限定職）／木更津市,カブシキガイシャミツウロコヴェッセルシュトケンジギョウブ 株式会社ミツウロコヴェッセル首都圏事業部,千葉,他に分類されない事業サー,〒292-0054 千葉県木更津市長須賀２３４３ ＪＲ久留里線祇園駅から徒歩12分,251000,351000,True,True,必要な経験・知識・技能等不問,危険物取扱者（乙種）あれば尚可 普通自動車運転免許必須 （AT限定可）,,,一般家庭や店舗を訪問し、ＬＰガスの点検・保安業務、ガス機器や 住宅設備（給湯器・コンロ・リフォーム等）の提案・販売を行いま す。既存のお客様へのルート営業が中心で、地域に密着した暮らし のサポートを行う仕事です。未経験の方も丁寧に指導します。 ※保安点検等に関しては資格取得後となります。資格取得までの教 育は責任を持って指導いたします。 ※訪問の際は会社の車を使用します。 【変更範囲：会社内での全ての業務】 正社員 正社員登用 正社員登用の実績（過去３年間） 就業形態派遣・請負ではない,求人に関する特記事項 ・試用期間は、３カ月となります。 ・賞与、昇給は個人別評価及び会社業績となります。 また、賞与は基準日以降入社の方（入社１年目）は基準支給月数 より算出した額を支給します。 ・新卒者の入社日令和８年４月１日 ・永年勤続表彰制度あり（勤続５年・１０年・２０年・３０年） ※京葉エリア就業場所 千葉県内および東京都一部の事業所（千葉店、東千葉店、成田店 木更津店、旭店、館山店、柏店、野田店、城東店） ＊オンライン自主応募可（自主応募の場合は紹介状を不要とする） ・年次有給休暇は下記の通り入社月に応じて付与されます。 ４〜９月：２０日１０〜１２月：１０日１〜３月：５日 より労働条件の明示を受けてください。,住宅＆リフォーム（千葉県）_2）.pdf,26
住宅・リフォーム営業（提案営業）,営業職（地域限定職）／館山市,カブシキガイシャミツウロコヴェッセルシュトケンジギョウブ 株式会社ミツウロコヴェッセル首都圏事業部,千葉,他に分類されない事業サー,〒294-0011 千葉県館山市二子３９０－１２ ＪＲ内房線九重駅から徒歩4分,251000,351000,True,True,必要な経験・知識・技能等不問,危険物取扱者（乙種）あれば尚可 普通自動車運転免許必須 （AT限定可）,,,一般家庭や店舗を訪問し、ＬＰガスの点検・保安業務、ガス機器や 住宅設備（給湯器・コンロ・リフォーム等）の提案・販売を行いま す。既存のお客様へのルート営業が中心で、地域に密着した暮らし のサポートを行う仕事です。未経験の方も丁寧に指導します。 ※保安点検等に関しては資格取得後となります。資格取得までの教 育は責任を持って指導いたします。 ※訪問の際は会社の車を使用します。 【変更範囲：会社内での全ての業務】 正社員 正社員登用 正社員登用の実績（過去３年間） 就業形態派遣・請負ではない,求人に関する特記事項 ・試用期間は、３カ月となります。 ・賞与、昇給は個人別評価及び会社業績となります。 また、賞与は基準日以降入社の方（入社１年目）は基準支給月数 より算出した額を支給します。 ・新卒者の入社日令和８年４月１日 ・永年勤続表彰制度あり（勤続５年・１０年・２０年・３０年） ※京葉エリア就業場所 千葉県内および東京都一部の事業所（千葉店、東千葉店、成田店 木更津店、旭店、館山店、柏店、野田店、城東店） ＊オンライン自主応募可（自主応募の場合は紹介状を不要とする） ・年次有給休暇は下記の通り入社月に応じて付与されます。 ４〜９月：２０日１０〜１２月：１０日１〜３月：５日 より労働条件の明示を受けてください。,住宅＆リフォーム（千葉県）_2）.pdf,27
住宅・リフォーム営業（提案営業）,営業職（地域限定職）／柏市,カブシキガイシャミツウロコヴェッセルシュトケンジギョウブ 株式会社ミツウロコヴェッセル首都圏事業部,千葉,他に分類されない事業サー,〒277-0863 千葉県柏市豊四季２４９－１２ 東武アーバンパークライン豊四季駅から徒歩10分,251000,351000,True,True,必要な経験・知識・技能等不問,危険物取扱者（乙種）あれば尚可 普通自動車運転免許必須 （AT限定可）,,,一般家庭や店舗を訪問し、ＬＰガスの点検・保安業務、ガス機器や 住宅設備（給湯器・コンロ・リフォーム等）の提案・販売を行いま す。既存のお客様へのルート営業が中心で、地域に密着した暮らし のサポートを行う仕事です。未経験の方も丁寧に指導します。 ※保安点検等に関しては資格取得後となります。資格取得までの教 育は責任を持って指導いたします。 ※訪問の際は会社の車を使用します。 【変更範囲：会社内での全ての業務】 正社員 正社員登用 正社員登用の実績（過去３年間） 就業形態派遣・請負ではない,求人に関する特記事項 ・試用期間は、３カ月となります。 ・賞与、昇給は個人別評価及び会社業績となります。 また、賞与は基準日以降入社の方（入社１年目）は基準支給月数 より算出した額を支給します。 ・新卒者の入社日令和８年４月１日 ・永年勤続表彰制度あり（勤続５年・１０年・２０年・３０年） ※京葉エリア就業場所 千葉県内および東京都一部の事業所（千葉店、東千葉店、成田店 木更津店、旭店、館山店、柏店、野田店、城東店） ＊オンライン自主応募可（自主応募の場合は紹介状を不要とする） ・年次有給休暇は下記の通り入社月に応じて付与されます。 ４〜９月：２０日１０〜１２月：１０日１〜３月：５日 より労働条件の明示を受けてください。,住宅＆リフォーム（千葉県）_2）.pdf,28
住宅・リフォーム営業（提案営業）,営業職（地域限定職）／野田市,カブシキガイシャミツウロコヴェッセルシュトケンジギョウブ 株式会社ミツウロコヴェッセル首都圏事業部,千葉,他に分類されない事業サー,〒278-0041 千葉県野田市蕃昌新田字稲荷松２０－２ 東武アーバンパークライン七光台駅から徒歩15分,251000,351000,True,True,必要な経験・知識・技能等不問,危険物取扱者（乙種）あれば尚可 普通自動車運転免許必須 （AT限定可）,,,一般家庭や店舗を訪問し、ＬＰガスの点検・保安業務、ガス機器や 住宅設備（給湯器・コンロ・リフォーム等）の提案・販売を行いま す。既存のお客様へのルート営業が中心で、地域に密着した暮らし のサポートを行う仕事です。未経験の方も丁寧に指導します。 ※保安点検等に関しては資格取得後となります。資格取得までの教 育は責任を持って指導いたします。 ※訪問の際は会社の車を使用します。 【変更範囲：会社内での全ての業務】 正社員 正社員登用 正社員登用の実績（過去３年間） 就業形態派遣・請負ではない,求人に関する特記事項 ・試用期間は、３カ月となります。 ・賞与、昇給は個人別評価及び会社業績となります。 また、賞与は基準日以降入社の方（入社１年目）は基準支給月数 より算出した額を支給します。 ・新卒者の入社日令和８年４月１日 ・永年勤続表彰制度あり（勤続５年・１０年・２０年・３０年） ※京葉エリア就業場所 千葉県内および東京都一部の事業所（千葉店、東千葉店、成田店 木更津店、旭店、館山店、柏店、野田店、城東店） ＊オンライン自主応募可（自主応募の場合は紹介状を不要とする） ・年次有給休暇は下記の通り入社月に応じて付与されます。 ４〜９月：２０日１０〜１２月：１０日１〜３月：５日 より労働条件の明示を受けてください。,住宅＆リフォーム（千葉県）_2）.pdf,29
施工技能職（大工・内外装・基礎・足場ほか）,★大工（宮大工）★ゼロから大工技術を学ぶことが出来ます♪,ヤエケンチクカブシキガイシャ 八重建築株式会社,千葉,木造建築工事業,〒264-0002 千葉県千葉市若葉区千城台東３－２１－１２ 千葉都市モノレール千城台駅から徒歩17分,240000,270000,True,True,必要な経験・知識・技能等不問,普通自動車運転免許必須 （AT限定可）,,,◆◇大工仕事に憧れを抱くあなたに…業界未経験者歓迎！！◇◆ 『大工の仕事は憧れるな〜、でも自分には到底無理だろうな…』 と思っているあなたに♪全くの未経験者でも大工になれます！！ 〜〜〜〜〜〜〜〜〜〜〜〜〜〜〜〜〜〜〜〜〜〜〜〜〜〜〜〜〜〜 ■仕事の内容 ・社寺、一般木造住宅等の新築・改修・修繕工事 ・その他、古民家再生、リフォーム、防蟻処理等 ■教育・カリキュラム ・未経験者向けの教育プログラムを会社として提供しております。 ・大工仕事が全くの未経験者でもじっくり学び、習得できます！ ※「求人に関する特記事項」欄から、詳細をご確認ください♪ 【変更範囲：変更なし】 正社員 正社員登用 正社員登用の実績（過去３年間） 就業形態派遣・請負ではない,求人に関する特記事項 ■新入社員教育カリキュラムについて ●入社〜６ヶ月 ＯＪＴ：安全教育、工具名称と扱い方、刃物研ぎ・道具整備等 座学：会社理念と宮大工の心得、安全衛生、大工道具講習等 ●６ヶ月〜１年６ヶ月 ＯＪＴ：墨付け補助、刻みの一部担当、現場の段取り補助等 座学：図面の読み方、和寸法と規矩術の初歩、木組の基本等 ●１年６ヶ月〜３年、 ＯＪＴ：継手・仕口の製作、木組み理論の応用加工、部分施工等 座学：宮大工建築史・様式理解、木組み技法、伝統構法等 →３年を目処に、小規模工事を任せられるレベルまで教育をしてい きますので、じっくりと知識と技術を習得できます♪ ■社長はどんな人？ ・宮大工としてはもちろん、一般建築も含め、業界経験は３０年近 くあり、技術伝承に熱い思いを持っている社長です！ ・スイーツに目がなく、あらゆるサブスクに加入しドラマ、映画鑑 賞（マーベル系が好き？）など見漁るエンタメ好きな一面もあり ます（笑） ★皆様のご応募を心からお待ちしております！★ より労働条件の明示を受けてください。,住宅＆リフォーム（千葉県）_2）.pdf,30
施工技能職（大工・内外装・基礎・足場ほか）,大工（宮大工）★社寺建築の技術伝承に力を入れています♪★,ヤエケンチクカブシキガイシャ 八重建築株式会社,千葉,木造建築工事業,〒264-0002 千葉県千葉市若葉区千城台東３－２１－１２ 千葉都市モノレール千城台駅から徒歩17分,300000,450000,False,True,必要な経験・知識・技能等あれば尚可 大工工事の経験５年程度,普通自動車運転免許必須 （AT限定可）,,,◆◇宮大工の伝統・技術を受け継ぎ、自身のキャリアアップに◇◆ 現代の一般大工工事では磨けない技術・伝統を学び、『本物の大工 になれる』環境を提供します！あなたのやる気を力に変えます！！ 〜〜〜〜〜〜〜〜〜〜〜〜〜〜〜〜〜〜〜〜〜〜〜〜〜〜〜〜〜〜 ■仕事の内容 ・社寺、一般木造住宅等の新築・改修・修繕工事 ・その他、古民家再生、リフォーム、防蟻処理等 ■教育・研修 ・業務に慣れるまで、教育体制を整えてサポートいたします♪ ・日本伝統建築技術保存会の講習、認定制度の支援、費用全額負担 ※詳細について、求人に関する特記事項もご確認ください♪ 【変更範囲：変更なし】 正社員 正社員登用 正社員登用の実績（過去３年間） 就業形態派遣・請負ではない,求人に関する特記事項 ■仕事の内容の補足 ・自社の加工場で木材を加工していただきます。プレカットでは習 得できない加工技術、木材の取扱いに対する造詣が深まります。 ・現場のエリアは、県内・県外で、７：３の割合になります。県内 のエリアは、主に船橋、市川、市原が多く、県外のエリアは、主 に東京、埼玉が多いです。 ■キャリアアップ ・宮大工としてのキャリアアップとして、日本伝統建築技術保存会 の講習の受講、認定制度の受験が可能です。当社は法人として当 協会の認定を受けており、社内においての月に１〜２回程度、希 望に合わせて研修会も開催しております。費用は会社負担です♪ ■社長はどんな人？ ・宮大工としてはもちろん、一般建築も含め、業界経験は３０年近 くあり、技術伝承に熱い思いを持っている社長です！ ・スイーツに目がなく、あらゆるサブスクに加入しドラマ、映画鑑 賞（マーベル系が好き？）など見漁るエンタメ好きな一面もあり ます（笑） ★皆様のご応募を心からお待ちしております！★ より労働条件の明示を受けてください。,住宅＆リフォーム（千葉県）_2）.pdf,31
施工管理・現場監督（工務）,木造戸建て住宅、木造アパート、リフォーム工事の施工管理者,カブシキガイシャタムラケンチクセッケイ 株式会社タムラ建築設計,千葉,建築工事業（木造建築工事,〒270-2261 千葉県松戸市常盤平７－３０－２９ 京成松戸線五香駅から徒歩13分,197000,237000,False,True,必要な経験・知識・技能等あれば尚可 建築関係の学校を卒業、建築関係の仕事に従事していた、または建 築系の資格を有しているなど建築に関わる経験を有している方。,二級建築士あれば尚可 ２級建築施工管理技士あれば尚可 木造建築物の組立て等作業主任者あれば尚可 いずれかの免許・資格所持で可 普通自動車運転免許必須 （AT限定可）,基本的なＰＣ操作、およびエクセル、ワードの使用が可能であるこ と。,建築設計系卒業尚可,木造建築物（一般戸建て、集合住宅等）、リフォーム工事の現場監 督業が主な仕事となります。 【変更範囲：会社の定める業務】 当社は千葉県松戸市を拠点に、木造戸建て住宅やアパート、リフォ ーム工事を手掛けています。今回は、主に千葉県内および埼玉県南 部の物件で、お客様の夢を形にする「施工管理者（現場監督）」を 募集します。 正社員 正社員登用 正社員登用の実績（過去３年間） 就業形態派遣・請負ではない,求人に関する特記事項 【オンライン自主応募可、自主応募の場合紹介状は不要です】 「施工管理者」とは、お客様が思い描く設計プランを現実のものに するため、工事が設計通りに進んでいるかを確認・管理する、家づ くりの要となる仕事です。自分が管理した物件が無事に完成した時 の達成感、そしてお客様に喜んで頂けた時の充実感は、この仕事な らではの大きなやりがいです。この喜びをぜひ一緒に味わいましょ う。 より労働条件の明示を受けてください。,住宅＆リフォーム（千葉県）_2）.pdf,32
施工技能職（大工・内外装・基礎・足場ほか）,住宅リフォーム,ウィッシュホームプラスカブシキガイシャ ウィッシュホームプラス株式会社,千葉,建築リフォーム工事業,〒264-0025 千葉県千葉市若葉区都賀２－２６－６ 総武本線都賀駅から徒歩10分,300000,300000,True,True,必要な経験・知識・技能等不問,普通自動車運転免許必須 （AT限定可）,,,千葉県内の戸建、集合住宅の外壁・屋根塗装 内装リフォーム 正社員 正社員登用 正社員登用の実績（過去３年間） 就業形態派遣・請負ではない,求人に関する特記事項 ※ご応募の際は、ハローワークから連絡のうえ、面接当日に 応募書類をご持参ください ＊オンライン自主応募可（自主応募の場合は紹介状を不要とする） より労働条件の明示を受けてください。,住宅＆リフォーム（千葉県）_2）.pdf,33
施工技能職（大工・内外装・基礎・足場ほか）,足場施工スタッフ,カブシキガイシャファーストステップ 株式会社ファーストステップ,千葉,その他の職別工事業,〒274-0806 千葉県船橋市二和西３－１７－１ 新京成線二和向台駅から徒歩15分,250000,350000,True,True,必要な経験・知識・技能等不問,中型自動車免許あれば尚可 普通自動車運転免許必須 （AT限定可）,,,住宅・アパート・マンション・店舗・工場等のリフォーム・改修工 事の足場組立、解体、撤去作業の仕事です。 《仕事の流れ》 ８：００現場到着・作業開始 １０：００小休憩 １２：００昼休憩 １３：００作業開始 １５：００小休憩 １７：００片付け、掃除したら帰社 【変更範囲：なし】 正社員 正社員登用 正社員登用の実績（過去３年間） 就業形態派遣・請負ではない,求人に関する特記事項 ※中型免許ない場合は会社負担にて取得可能 足場施工経験者は特に優遇します。 短期間で技術を身に付ける事ができます。その技術（現場作業・工 程管理・チームワーク）は、一生貴方の力強い味方になります。 将来、独立のノウハウも身につきます。 少人数ですが、そのメリットを生かし、風通しのよい会社の運営を しています。社員の皆様が働き易く、満足して頂ける様、ご意見・ 提案を尊重します。 より労働条件の明示を受けてください。,住宅＆リフォーム（千葉県）_2）.pdf,34
施工管理・現場監督（工務）,施工管理＜資格不問・年間休日１２５日＞,カブシキガイシャスピカ 株式会社スピカ,千葉,建築リフォーム工事業,〒274-0063 千葉県船橋市習志野台４ー９－３ 京成松戸線習志野駅または北習志野駅から徒歩5分,300000,600000,False,True,必要な経験・知識・技能等必須 現場監督経験者 施工管理経験者,普通自動車運転免許必須 （AT限定可）,,,◎リフォーム（店舗・住宅・企業）の施工管理 ◎社用車で現場へは直行直帰（主な現場：千葉・東京） ◎資格取得支援制度あり（講習・取得費用全額会社負担） ☆主に店舗案件の施工管理業務を担当していただきます。 ラーメン店や焼肉店等の下見、現場調査、見積作成、作業打合せ 契約手続き、人員・日程調整、協力会社への手配、材料発注、現 場指示、納品等一連の手配。 ☆初めは先輩職員と一緒に２人体制で業務を行いサポートしますの で、安心してご応募ください。将来的に１人作業をお任せします 【変更範囲：会社の定める業務】 正社員 正社員登用 正社員登用の実績（過去３年間） 就業形態派遣・請負ではない,求人に関する特記事項 【勤務地】主に千葉県内及び東京都内現場 【待遇】社会保険完備、交通費支給又は車貸与 【募集職種】現場監督施工管理 ＊駐車場代：無料 ＊資格取得支援制度あり（業務に関する資格は全額会社負担） ＊作業道具一式貸与 ＊パソコン、プリンター貸与（在宅で作業をする場合） ＊オンライン自主応募可 （オンライン自主応募の場合は紹介状を不要とする） より労働条件の明示を受けてください。,住宅＆リフォーム（千葉県）_2）.pdf,35
住宅・リフォーム営業（提案営業）,営業職（地域限定職）,カブシキガイシャミツウロコヴェッセルシュトケンジギョウブ 株式会社ミツウロコヴェッセル首都圏事業部,千葉,他に分類されない事業サー,〒263-0005 千葉県千葉市稲毛区長沼町３３５－９ 千葉都市モノレール線スポーツセンター駅から車6分,251000,351000,True,True,必要な経験・知識・技能等不問,危険物取扱者（乙種）あれば尚可 普通自動車運転免許必須 （AT限定可）,,,一般家庭や店舗を訪問し、ＬＰガスの点検・保安業務、ガス機器や 住宅設備（給湯器・コンロ・リフォーム等）の提案・販売を行いま す。既存のお客様へのルート営業が中心で、地域に密着した暮らし のサポートを行う仕事です。未経験の方も丁寧に指導します。 ※保安点検等に関しては資格取得後となります。資格取得までの教 育は責任を持って指導いたします。 ※訪問の際は会社の車を使用します。 【変更範囲：会社内での全ての業務】 正社員 正社員登用 正社員登用の実績（過去３年間） 就業形態派遣・請負ではない,求人に関する特記事項 ・試用期間は、３カ月となります。 ・賞与、昇給は個人別評価及び会社業績となります。 また、賞与は基準日以降入社の方（入社１年目）は基準支給月数 より算出した額を支給します。 ・新卒者の入社日令和９年４月１日 ・永年勤続表彰制度あり（勤続５年・１０年・２０年・３０年） ※京葉エリア就業場所 千葉県内および東京都一部の事業所（千葉店、東千葉店、成田店 木更津店、旭店、館山店、柏店、野田店、城東店） ＊オンライン自主応募可（自主応募の場合は紹介状を不要とする） ・年次有給休暇は下記の通り入社月に応じて付与されます。 ４〜９月：２０日１０〜１２月：１０日１〜３月：５日 より労働条件の明示を受けてください。,住宅＆リフォーム（千葉県）_2）.pdf,36
施工技能職（大工・内外装・基礎・足場ほか）,左官工（契約社員／未経験可）,カブシキガイシャミツボシコウギョウ 株式会社三ッ星工業,千葉,左官工事業,〒275-0001 千葉県習志野市東習志野３－１５－８ 京成線実籾駅から徒歩20分,250000,300000,False,False,必要な経験・知識・技能等あれば尚可 左官工としての経験,普通自動車運転免許あれば尚可（AT限定可）,,,＊壁をキレイに仕上げる仕事 ＊店舗・住宅の内装施工 ＊特殊な塗り壁づくり ＊コテを使ったデザイン施工 ＊高級感ある空間づくり ＊新築・リフォーム工事 【変更範囲：なし】 正社員以外 正社員以外の名称契約社員 正社員登用あありり 正社員登用の実績（過去３年間） ２名 就業形態派遣・請負ではない,求人に関する特記事項 より労働条件の明示を受けてください。,住宅＆リフォーム（千葉県）_2）.pdf,37
施工技能職（大工・内外装・基礎・足場ほか）,左官工（経験者）,カブシキガイシャミツボシコウギョウ 株式会社三ッ星工業,千葉,左官工事業,〒275-0001 千葉県習志野市東習志野３－１５－８ 京成線実籾駅から徒歩20分,350000,500000,False,False,必要な経験・知識・技能等必須 左官工としての経験,普通自動車運転免許あれば尚可（AT限定可）,,,・壁をキレイに仕上げる仕事 ・店舗、住宅の内装施工 ・特殊な塗り壁づくり ・コテを使ったデザイン施工 ・高級感ある空間づくり ・リフォーム、新築工事 【変更範囲：なし】 正社員 正社員登用 正社員登用の実績（過去３年間） 就業形態派遣・請負ではない,求人に関する特記事項 より労働条件の明示を受けてください。,住宅＆リフォーム（千葉県）_2）.pdf,38
設計・ＣＡＤオペレーター,建築設計,マンヨウケンセツカブシキガイシヤ 万葉建設株式会社,千葉,一般土木建築工事業,〒276-0046 千葉県八千代市大和田新田９２０－１２ 東葉高速鉄道八千代緑が丘駅から徒歩15分,210000,700000,False,True,必要な経験・知識・技能等必須 ＣＡＤ経験者,一級建築士あれば尚可 二級建築士あれば尚可 建築ＣＡＤ検定試験３級あれば尚可 普通自動車運転免許必須 （AT限定可）,,,お客様や社内の営業・施工部門と連帯を取りながら、多種多様な建 築プロジェクトの企画・設計業務を一貫して担当します。 現在の設計担当１名のサポートから主に図面作成業務に携わって頂 きます。 公共工事、介護、児童福祉施設、倉庫、ビル、工場、住宅の新築、 リフォームと多様な構造・用途の案件です。 特定の分野に偏らない総合的な建築設計スキルが身につきます。 景気に左右されにくい安定した事業基盤を持つため、安心して設計 業務に専念できます。 ＜変更範囲：変更なし＞ 正社員 正社員登用 正社員登用の実績（過去３年間） 就業形態派遣・請負ではない,求人に関する特記事項 ＊未経験者でも、興味がある方大歓迎です。 私どもと共に成長を望まれる方の募集をお待ちしております。 より労働条件の明示を受けてください。,住宅＆リフォーム（千葉県）_2）.pdf,39
施工管理・現場監督（工務）,技術職（工事）／経験者優遇,ダイトウケンタクカブシキガイシヤチバシテン 大東建託株式会社千葉支店,千葉,一般土木建築工事業,〒260-0002 千葉県千葉市中央区旭町２４－１２ブライトン１階,227000,452000,False,True,必要な経験・知識・技能等あれば尚可 現場経験者優遇,二級建築士あれば尚可 ２級建築施工管理技士あれば尚可 一級建築士、１級建築施工管理技士あれば尚可 普通自動車運転免許必須 （AT限定可）,基本的なＰＣ操作、入力、写真添付必須,,木造・鉄骨造・鉄筋コンクリート造・独自工法による 新築・リフォーム工事の施工管理業務をお任せします。 ◎幅広い構造種別の施工管理経験が積めます。 ■安全管理■品質管理■工程管理■原価管理 ■職人さん・施主様とのスケジュール調整 〈手掛ける物件〉 ・２×４工法の木造低層住宅（平均１人２〜４物件を担当） ・Ｓ造、ＲＣ造の中高層物件（平均１人物件担当） ・独自の新工法による建築 ※２×４木造アパートが案件の８〜９割を占めます。 【変更範囲：会社の定める業務】 正社員 正社員登用 正社員登用の実績（過去３年間） 就業形態派遣・請負ではない,求人に関する特記事項 ■一級建築士・一級建築施工管理技士・一級土木施工管理技士・ 建築設備士・一級電気工事施工管理技士・一級管工事施工管理 技士の資格をお持ちの方へ毎月１〜３万円の手当を支給します。 ※各種社内申請完了後、翌月給与より支給開始となります。 ※複数保有している場合は、上限３万円となります。 ■昇給は個人業績に応じて実施します。 ■定年は一律ではなく６０歳から６５歳の選択制となっています。 ■原則、社有車通勤です（自宅〜支店の距離が２ｋｍ以上の場合） ■社有車通勤の場合は通勤手当はありません。（ガソリン代支給） ■入社の際は身元保証人が必要となります。 ■福利厚生などしっかりしております。職場も楽しいですよ。是非 、一度連絡を下さい。 より労働条件の明示を受けてください。,住宅＆リフォーム（千葉県）_2）.pdf,40
施工管理・現場監督（工務）,建築施工管理（普通自動車免許）,ユウゲンガイシャイズミヤ 有限会社泉屋,千葉,一般土木建築工事業,〒286-0006 千葉県成田市北須賀４８４ ＪＲ下総松崎駅から車5分,280000,280000,True,True,必要な経験・知識・技能等不問,いずれかの免許・資格所持で可 普通自動車運転免許必須 （AT限定可）,,,◆住宅の新築及びリフォーム工事を業務内容とした会社です。 ＜仕事内容＞ ・工事スケジュール管理 ・予算管理 ・工程管理 ＊１ｔトラックの運転業務あり ＊その他関連する業務 【変更範囲：変更なし】 正社員 正社員登用 正社員登用の実績（過去３年間） 就業形態派遣・請負ではない,求人に関する特記事項 ＊応募に際しハローワークの紹介状が必要となります。 より労働条件の明示を受けてください。,住宅＆リフォーム（千葉県）_2）.pdf,41
住宅・リフォーム営業（提案営業）,注文住宅営業（千葉県印西市）※経験者,カブシキガイシャヤマダホームズ 株式会社ヤマダホームズ,千葉,一般土木建築工事業,〒270-1331 千葉県印西市牧の原６－１－３ 千葉ニュータウン住宅公園内 株式会社ヤマダホームズ千葉ニュータウン店,252000,340940,False,True,必要な経験・知識・技能等あれば尚可 営業経験者（２年以上） 建売・分譲経験者（２年以上） リフォーム営業経験者歓迎,普通自動車運転免許必須 （AT限定可）,,,注文住宅、戸建住宅、リフォーム等の営業職です。 ・住宅展示場へご来場されたお客様の接客対応 （主に、土・日がメインになります） ・平日は、アポイントのあるお客様への資料作成および お客様の建設予定地の調査や契約関連の事務作業 ・平日は取引業者等への訪問活動 【変更範囲】会社の定める業務 正社員 正社員登用 正社員登用の実績（過去３年間） 就業形態派遣・請負ではない,求人に関する特記事項 ★昇給：定期での昇給はなし。人事評価による役職の変更で昇給し ます。 ★賞与：歩合としての支給。個人の営業成績によって金額が変わり ます。 ＊土日祝日勤務可能な方 ＊通勤手当は会社規定により支給。 ＊マイカー通勤は規定内の車種に限定されます。 応募書類（履歴書・職務経歴書・紹介状）を郵送、またはメールで お送り下さい。 応募前の事前連絡は不要です。書類選考後、面接日時及び適性検査 をご連絡致します。 なお、不採用の場合は結果を通知の上、応募書類は当方の責任で破 棄致します。 ※メールアドレスをお持ちの方は必ず履歴書にご記入下さい。 ※応募の際は、必ず紹介状（表裏）の添付をお願いいたします。 ※お問い合わせはメールにてお願いいたします。 ＊応募にはハローワークの紹介状が必要となります。 より労働条件の明示を受けてください。,住宅＆リフォーム（千葉県）_2）.pdf,42
住宅・リフォーム営業（提案営業）,注文住宅営業（千葉県松戸市）※経験者,カブシキガイシャヤマダホームズ 株式会社ヤマダホームズ,千葉,一般土木建築工事業,〒270-0023 千葉県松戸市八ヶ崎８２５－１ハウジングプラザ松戸 株式会社ヤマダホームズ松戸Ｈ店,252000,340940,False,True,必要な経験・知識・技能等あれば尚可 営業経験者（２年以上） 建売・分譲経験者（２年以上） リフォーム営業経験者歓迎,普通自動車運転免許必須 （AT限定可）,,,注文住宅、戸建住宅、リフォーム等の営業職です。 ・住宅展示場へご来場されたお客様の接客対応 （主に、土・日がメインになります） ・平日は、アポイントのあるお客様への資料作成および お客様の建設予定地の調査や契約関連の事務作業 ・平日は取引業者等への訪問活動 【変更範囲】会社の定める業務 正社員 正社員登用 正社員登用の実績（過去３年間） 就業形態派遣・請負ではない,求人に関する特記事項 昇給：定期昇給はなし。人事評価による役職の変更で昇給します。 賞与：歩合としての支給。個人の営業成績によって金額が変わりま す。 ＊土日祝日勤務可能な方 ＊通勤手当は会社規定により支給。 ＊マイカー通勤は規定内の車種に限定されます。 応募書類（履歴書・職務経歴書・紹介状）を郵送またはメールでお 送り下さい。 応募前の事前連絡は不要です。 書類選考後、面接日時及び適性検査のご連絡を致します。 なお、不採用の場合は結果を通知の上、応募書類は当方の責任で破 棄致します。 ※メールアドレスをお持ちの方は必ず履歴書にご記入下さい。 ※応募の際は、必ず紹介状（表裏）の添付をお願いいたします。 ※お問い合わせはメールにてお願いいたします。 ＊応募にはハローワークの紹介状が必要となります。 より労働条件の明示を受けてください。,住宅＆リフォーム（千葉県）_2）.pdf,43
住宅・リフォーム営業（提案営業）,注文住宅営業（千葉県千葉市花見川区）※経験者,カブシキガイシャヤマダホームズ 株式会社ヤマダホームズ,千葉,一般土木建築工事業,〒262-0032 千葉県千葉市花見川区幕張町５丁目４１７－７ （幕張ハウジングパーク内） 株式会社ヤマダホームズ幕張店,252000,340940,False,True,必要な経験・知識・技能等あれば尚可 営業経験者（２年以上） 建売・分譲経験者（２年以上） リフォーム営業経験者歓迎,普通自動車運転免許必須 （AT限定可）,,,注文住宅、戸建住宅、リフォーム等の営業職です。 ・住宅展示場へご来場されたお客様の接客対応 （主に、土・日がメインになります） ・平日は、アポイントのあるお客様への資料作成および お客様の建設予定地の調査や契約関連の事務作業 ・平日は取引業者等への訪問活動 【変更範囲】会社の定める業務 正社員 正社員登用 正社員登用の実績（過去３年間） 就業形態派遣・請負ではない,求人に関する特記事項 ★昇給：定期での昇給はなし。人事評価による役職の変更で昇給し ます。 ★賞与：歩合としての支給。個人の営業成績によって金額が変わり ます。 ＊土日祝日勤務可能な方 ＊通勤手当は会社規定により支給。 ＊マイカー通勤は規定内の車種に限定されます。 応募書類（履歴書・職務経歴書・紹介状）を郵送、またはメールで お送り下さい。 応募前の事前連絡は不要です。 書類選考後、面接日時及び適性検査のご連絡を致します。 なお、不採用の場合は結果を通知の上、応募書類は当方の責任で破 棄致します。 ※メールアドレスをお持ちの方は必ず履歴書にご記入下さい。 ※応募の際は、必ず紹介状（表裏）の添付をお願いいたします。 ※お問い合わせはメールにてお願いいたします。 ＊応募にはハローワークの紹介状が必要となります。 より労働条件の明示を受けてください。,住宅＆リフォーム（千葉県）_2）.pdf,44
住宅・リフォーム営業（提案営業）,注文住宅営業（千葉県市川市）※経験者,カブシキガイシャヤマダホームズ 株式会社ヤマダホームズ,千葉,一般土木建築工事業,〒272-0015 千葉県市川市鬼高１丁目１－２ ＡＢＣハウジング市川住宅公園内 株式会社ヤマダホームズ市川店,252000,340940,False,True,必要な経験・知識・技能等あれば尚可 営業経験者（２年以上） 建売・分譲経験者（２年以上） リフォーム営業経験者歓迎,普通自動車運転免許必須 （AT限定可）,,,注文住宅、戸建住宅、リフォーム等の営業職です。 ・住宅展示場へご来場されたお客様の接客対応 （主に、土・日がメインになります） ・平日は、アポイントのあるお客様への資料作成および お客様の建設予定地の調査や契約関連の事務作業 ・平日は取引業者等への訪問活動 【変更範囲】会社の定める業務 正社員 正社員登用 正社員登用の実績（過去３年間） 就業形態派遣・請負ではない,求人に関する特記事項 ★昇給：定期での昇給はなし。人事評価による役職の変更で昇給し ます。 ★賞与：歩合としての支給。個人の営業成績によって金額が変わり ます。 ＊土日祝日勤務可能な方 ＊通勤手当は会社規定により支給。 ＊マイカー通勤は規定内の車種に限定されます。 応募書類（履歴書・職務経歴書・紹介状）を郵送、またはメールで お送り下さい。 応募前の事前連絡は不要です。 書類選考後、面接日時及び適性検査のご連絡を致します。 なお、不採用の場合は結果を通知の上、応募書類は当方の責任で破 棄致します。 ※メールアドレスをお持ちの方は必ず履歴書にご記入下さい。 ※応募の際は、必ず紹介状（表裏）の添付をお願いいたします。 ※お問い合わせはメールにてお願いいたします。 ＊応募にはハローワークの紹介状が必要となります。 より労働条件の明示を受けてください。,住宅＆リフォーム（千葉県）_2）.pdf,45
住宅・リフォーム営業（提案営業）,注文住宅営業（千葉県千葉市中央区）※経験者,カブシキガイシャヤマダホームズ 株式会社ヤマダホームズ,千葉,一般土木建築工事業,〒260-0852 千葉県千葉市中央区青葉町１２４９－１ ハウジングプラザ千葉・青葉の森 株式会社ヤマダホームズ千葉青葉の森店,252000,340940,False,True,必要な経験・知識・技能等あれば尚可 営業経験年（２以上） 建売・分譲経験者（２以上） リフォーム営業経験者歓迎,普通自動車運転免許必須 （AT限定可）,,,注文住宅、戸建住宅、リフォーム等の営業職です。 ・住宅展示場へご来場されたお客様の接客対応 （主に、土・日がメインになります） ・平日は、アポイントのあるお客様への資料作成および お客様の建設予定地の調査や契約関連の事務作業 ・平日は取引業者等への訪問活動 【変更範囲】会社の定める業務 正社員 正社員登用 正社員登用の実績（過去３年間） 就業形態派遣・請負ではない,求人に関する特記事項 ★昇給：定期での昇給はなし。人事評価による役職の変更で昇給し ます。 ★賞与：歩合としての支給。個人の営業成績によって金額が変わり ます。 ＊土日祝日勤務可能な方 ＊通勤手当は会社規定により支給。 ＊マイカー通勤は規定内の車種に限定されます。 応募書類（履歴書・職務経歴書・紹介状）を郵送、またはメールで お送り下さい。 応募前の事前連絡は不要です。 書類選考後、面接日時及び適性検査のご連絡を致します。 なお、不採用の場合は結果を通知の上、応募書類は当方の責任で破 棄致します。 ※メールアドレスをお持ちの方は必ず履歴書にご記入下さい。 ※応募の際は、必ず紹介状（表裏）の添付をお願いいたします。 ※お問い合わせはメールにてお願いいたします。 ＊応募にはハローワークの紹介状が必要となります。 より労働条件の明示を受けてください。,住宅＆リフォーム（千葉県）_2）.pdf,46
施工管理・現場監督（工務）,建設現場管理,カブシキガイシャフジサキケンセツ 株式会社藤崎建設,千葉,大工工事業,〒270-1342 千葉県印西市高花５－１０－１１ 北総線千葉ニュータウン中央駅から車8分,250000,600000,False,True,必要な経験・知識・技能等あれば尚可 建築現場での勤務経験や建築の知識あれば尚可,一級建築士あれば尚可 １級建築施工管理技士あれば尚可 第一種電気工事士あれば尚可 普通自動車運転免許必須 （AT限定可）,,,住宅リフォームから大規模改修工事まで幅広い建設工事に携わって いただきます。主な業務は、内装工事（壁紙・床の張替え）、外壁 ・屋根塗装、水回り設備（キッチン・浴室・洗面台等）の交換、リ フォーム工事、解体工事などです。 当社は建築一式総合建設業として多数の許可を取得しており、建築 ・大工・左官・塗装・防水・内装・解体など幅広い工事に対応して います。個人のお客様から法人案件まで、小規模工事から大規模改 修工事までさまざまな現場があります。現場は千葉県内および東京 都内が中心です。 元請け・下請けを問わず多様な案件に携われるため、幅広い知識や 技術を身につけることができます。未経験の方には丁寧に指導し、 経験者の方は能力に応じて活躍できる環境です。 正社員 正社員登用 正社員登用の実績（過去３年間） 就業形態派遣・請負ではない,求人に関する特記事項 ＊応募の際はハローワークの紹介状が必要となります。 （除く、オンライン自主応募） ＊昇給・賞与は業績により付与いたします。 ※仕事内容欄補足情報 社用車の運転業務あり【変更範囲：変更なし】 より労働条件の明示を受けてください。,住宅＆リフォーム（千葉県）_2）.pdf,47
施工技能職（大工・内外装・基礎・足場ほか）,建築大工,ウメハラケンチク 梅原建築,千葉,木造建築工事業,〒276-0033 千葉県八千代市八千代台南２－１０－１４ 八千代台駅から徒歩10分,294000,420000,False,True,必要な経験・知識・技能等必須 建築大工経験５年以上必須,普通自動車運転免許必須 （AT限定可）,,,○木造在来工法および造作リフォーム ○千葉市内近郊の一般住宅がメイン ○基本は直行直帰でマイカー通勤推奨です 【変更範囲：なし】 正社員 正社員登用 正社員登用の実績（過去３年間） 就業形態派遣・請負ではない,求人に関する特記事項 ＊業績による昇給あり ※労働保険は採用後加入いたします より労働条件の明示を受けてください。,住宅＆リフォーム（千葉県）_2）.pdf,48
建材・住宅設備の法人／ルート営業,法人営業（千葉県四街道市）【正社員】,アルインコカブシキガイシャ アルインコ株式会社,千葉,その他の金属製品製造業,〒284-0008 千葉県四街道市鹿放ケ丘２２ オクト事業部京葉支店千葉営業所 ＪＲ四街道駅から車15分,301900,365600,True,True,必要な経験・知識・技能等不問,建設系各種資格あれば尚可 普通自動車運転免許必須 （AT限定可）,Ｅｘｃｅｌ，Ｗｏｒｄの基本操作可能,,戸建住宅の新築及びリフォーム工事に必要な仮設足場資材の リースをハウスメーカー等へ企画・提案する営業です。 各現場に合わせた足場施工の提案や見積作成及び商談、 施工スケジュールの管理や施工請負業者との打ち合わせ などをお任せします。 業界内での知名度が高く、ルート営業が中心です。 世の中に建築ある限り、必要とされ続ける仕事です。 【変更範囲：会社の定める業務】 正社員 正社員登用 正社員登用の実績（過去３年間） 就業形態派遣・請負ではない,求人に関する特記事項 〇有休の他、入社時特別休暇あり （傷病や育児等のやむを得ない事由に限り、３日間の付与） 〇転勤対象となる範囲は、「全国」または「エリア限定」の いずれかを選択可能 〇通勤及び営業活動については、会社より営業車を貸与 ※営業車貸与の場合は、通勤手当の支給はございません ＜ご応募について＞ 当社エントリーフォームよりご応募ください （求人事業所欄ＵＲＬから遷移できます）。 今後の選考案内につきましては、エントリーフォームに 登録いただくメールアドレス宛にお送りします。 ※応募にはハローワークの紹介状が必要です。 （求職者マイページからのオンライン自主応募を除く） より労働条件の明示を受けてください。,住宅＆リフォーム（千葉県）_2）.pdf,49
施工管理・現場監督（工務）,職長,カブシキガイシヤタカノジユウセツ 株式会社高野住設,千葉,管工事業（さく井工事業を,〒278-0022 千葉県野田市山崎１２７３－４ 東武野田線梅郷駅から徒歩15分,250000,500000,False,True,必要な経験・知識・技能等必須 建設業界での勤務経験をお持ちの方（目安５年以上）,その他の設備・内装工事関係資格あれば尚可 ２級管工事施工管理技士あれば尚可 ２級土木施工管理技士あれば尚可 給水装置主任技術者排水設備工事責任技術者 普通自動車運転免許必須 （AT限定可）,エクセル・ワード・ＣＡＤが出来れば尚可。,,・現場作業 ・職人（作業スタッフ）の補佐、施工指示 ・工事進捗の確認 ・現場の安全管理など ★民間工事７割／住宅、店舗、工場の新築や改修に伴う給排水工事 がメインになります 経験に応じて上下水道工事、リフォーム工事などもお任せします ★訪問エリアは本社より遠くても３０分〜１時間以内（野田市・流 山市・柏市など） ★現場への移動は社用車を利用しています 変更範囲：なし 正社員 正社員登用 正社員登用の実績（過去３年間） 就業形態派遣・請負ではない,求人に関する特記事項 ＊平均有給休暇取得日数：１５日 ＊制服支給あり。 ＊レベルに合わせてＯＪＴで身につけてもらいます。 ＊資格補助制度あり。 直近実績（直近２年） ・中型免許（２名） ・小型車両系建設機械（２名） ・建設業経理事務士（４級・３級：２名） その他 ・千葉県建築設備高等技術専門校の入校及び各資格の受講料負担 （勤務として扱います。） ＊社有車貸与あり ＊復職制度あり ＊育児休業・介護休業については対象者がいなかったため 【事業主・求職者の皆様へ】 労働条件通知書や労働契約書等の書面により採用後の 労働条件を必ず確認しましょう。 より労働条件の明示を受けてください。,住宅＆リフォーム（千葉県）_2）.pdf,50
住宅・リフォーム営業（提案営業）,リフォーム営業,トウカイジュウタクエムティーシーカブシキガイシャ 東海住宅ＭＴＣ株式会社,千葉,建物売買業，土地売買業,〒276-0033 千葉県八千代市八千代台南１－６－６ 京成本線八千代台駅から徒歩3分,300000,360000,False,True,必要な経験・知識・技能等必須 リフォーム営業経験１年以上,普通自動車運転免許必須 （AT限定可）,,,＜具体的業務＞ ・点検業務・現地調査・プラン作成・見積の作成 ・発注業務・顧客折衝・請求書の作成 住宅の点検業務をしていただき、外壁塗装、屋根塗装のご提案やリ フォームのご提案をしていただきます。 〜飛び込みなし〜お客様はグループ会社や提携先からの紹介なの で、飛び込み営業やテレアポはありません。既存顧客の点検、問合 せに対して、提案を行っていただくことに加え、不動産顧客からの リノベーション・リフォーム案件の管理も行っていただきます。 【変更範囲：会社の定める業務】 正社員以外 正社員以外の名称契約社員 正社員登用あありり 正社員登用の実績（過去３年間） ２件あり 就業形態派遣・請負ではない,求人に関する特記事項 ＊駐車場代：無料 ☆外壁、屋根塗装、リフォームなど工期が短いファストリフォーム をメインに取り扱っており、地域課題である空き家問題の早期解 決や、地域活性化にもつながる仕事です。 やりがいも十分感じられるはず！ より労働条件の明示を受けてください。,住宅＆リフォーム（千葉県）_3）.pdf,1
施工管理・現場監督（工務）,【千葉】戸建リフォームの品質管理★正社員,スミトモフドウサンハウジングカブシキガイシャ 住友不動産ハウジング株式会社,千葉,建築リフォーム工事業,〒261-0023 千葉県千葉市美浜区中瀬２－６－１ ＷＢＧマリブイースト２８階 住友不動産ハウジング（株）首都圏事業部 海浜幕張駅から徒歩4分,417000,500000,False,True,必要な経験・知識・技能等あれば尚可 ゼネコン、設計事務所、ハウスメーカー、工務店など建設業界で建 築・施工管理経験のある方特に歓迎します。,一級建築士あれば尚可 二級建築士あれば尚可 １級建築施工管理技士あれば尚可 普通自動車運転免許必須 （AT限定可）,,,戸建リフォーム「新築そっくりさん」の品質管理全般、 棟梁への技術指導をお任せします。 担当物件：１０〜１５件程度 １日３〜４件巡回していただく働き方のイメージとなります。 【具体的には】 施工中の住宅が図面通りに工事されているか、マニュアルに沿った 施工を行っているかのチェック及び各種検査などを行います。 また現場の棟梁への技術指導、工事費用の査定、工程の進捗確認、 さらに営業担当からの技術的な質問や相談にも応じます。 ※検査業務／第三者的な立場で、工事全般の検査を行います。 変更範囲：会社の定める業務 正社員 正社員登用 正社員登用の実績（過去３年間） 就業形態派遣・請負ではない,求人に関する特記事項 【事業への想い】 阪神淡路大震災が発生した際、会社として「復興の役に立ちたい」 という想いから、新築そっくりになる新工法を開発しました。 ※社用車での直行直帰が可能 ※昇給・昇格制度あり（査定による） ※実績により別途、報奨金制度あり（最大５０万円／年） ※一級建築士手当あり（６０万円／年） ※勤続功労株式報酬制度あり ※従業員持株会制度あり ※保養所完備、提携ホテル割引あり ※質問はお受け致しますが、求人条件に合致している場合は、 事前連絡せずに、そのまま書類を送付して下さい。 ※ｃ欄に記載された時間数は、固定残業代の積算根拠となるもので 実際の時間外労働の時間数の見込みや実績を示すものではありませ ん。 より労働条件の明示を受けてください。,住宅＆リフォーム（千葉県）_3）.pdf,2
施工管理・現場監督（工務）,【千葉】戸建リフォームの品質管理★転居を伴う転勤なし,スミトモフドウサンハウジングカブシキガイシャ 住友不動産ハウジング株式会社,千葉,建築リフォーム工事業,〒261-0023 千葉県千葉市美浜区中瀬２－６－１ ＷＢＧマリブイースト２８Ｆ 住友不動産ハウジング（株）首都圏事業部 海浜幕張駅から徒歩4分,334000,417000,False,True,必要な経験・知識・技能等あれば尚可 ゼネコン、設計事務所、ハウスメーカー、工務店など建設業界で建 築・施工管理経験のある方特に歓迎します。,一級建築士あれば尚可 二級建築士あれば尚可 １級建築施工管理技士あれば尚可 普通自動車運転免許必須 （AT限定可）,,,戸建リフォーム「新築そっくりさん」の品質管理全般、 棟梁への技術指導をお任せします。 担当物件：１０〜１５件程度 １日３〜４件巡回していただく働き方のイメージとなります。 【具体的には】 施工中の住宅が図面通りに工事されているか、マニュアルに沿った 施工を行っているかのチェック及び各種検査などを行います。 また現場の棟梁への技術指導、工事費用の査定、工程の進捗確認、 さらに営業担当からの技術的な質問や相談にも応じます。 ※検査業務／第三者的な立場で、工事全般の検査を行います。 変更範囲：会社の定める業務 正社員 正社員登用 正社員登用の実績（過去３年間） 就業形態派遣・請負ではない,求人に関する特記事項 【事業への想い】 阪神淡路大震災が発生した際、会社として「復興の役に立ちたい」 という想いから、新築そっくりになる新工法を開発しました。 ※社用車での直行直帰が可能 ※昇給・昇格制度あり（査定による） ※実績により別途、報奨金制度あり（最大５０万円／年） ※一級建築士手当あり（６０万円／年） ※勤続功労株式報酬制度あり ※従業員持株会制度あり ※保養所完備、提携ホテル割引あり ※質問はお受け致しますが、求人条件に合致している場合は、 事前連絡せずに、そのまま書類を送付して下さい。 ※ｃ欄に記載された時間数は、固定残業代の積算根拠となるもので 実際の時間外労働の時間数の見込みや実績を示すものではありませ ん。 より労働条件の明示を受けてください。,住宅＆リフォーム（千葉県）_3）.pdf,3
メンテナンス・アフターサービス・点検,【千葉】リフォームのアフターサービス★転居を伴う転勤なし,スミトモフドウサンハウジングカブシキガイシャ 住友不動産ハウジング株式会社,千葉,建築リフォーム工事業,〒261-7128 千葉県千葉市美浜区中瀬２－６－１ＷＢＧマリブイースト２８Ｆ 住友不動産ハウジング（株）千葉事業所 海浜幕張駅から徒歩4分,334000,334000,False,True,必要な経験・知識・技能等あれば尚可 ・建築現場での就業経験（施工管理・大工・多能工） ・ハウスメーカーや工務店のアフターサービス業務経験 ・リフォーム営業経験,一級建築士あれば尚可 二級建築士あれば尚可 １級建築施工管理技士あれば尚可 普通自動車運転免許必須 （AT限定可）,,,リフォーム完成後の戸建住宅・マンションのアフターサービス業務 【具体的な業務】 当社がリフォーム施工した住宅・マンションを訪問して、定期点検 （３カ月、１２カ月）やスポット対応（軽微な補修や業者手配）な どのアフターサービス業務をお任せします。 アフターサービスと施工管理を兼務する会社が多い中、当社はアフ ターサービス専任でご担当いただきます。軽微な修繕でないものに 関しては工事業者への発注業務を行います。 ※建物側の改変は伴いません。 変更範囲：会社の定める業務 正社員以外 正社員以外の名称契約社員 正社員登用あありり 正社員登用の実績（過去３年間） あり 就業形態派遣・請負ではない,求人に関する特記事項 ※２４時間対応のお客様センターあり。 ※社用車貸与、直行直帰も可能。 ※奨励金制度あり０〜１００万円／年（実績による） ※定期昇給はありませんが、１年に１度、５０万／年の昇給の可 能性があります（査定による）。 ※質問はお受け致しますが、求人条件に合致する場合は、事前連絡 せずに、そのまま書類送付してください。 ※ｃ欄に記載された時間数は、固定残業代の精算根拠となるもので 、実際の時間外労働の時間数の見込みや実績を示すものではありま せん。 より労働条件の明示を受けてください。,住宅＆リフォーム（千葉県）_3）.pdf,4
設計・ＣＡＤオペレーター,【幕張】リフォームＣＡＤオペレーター,スミトモフドウサンハウジングカブシキガイシャ 住友不動産ハウジング株式会社,千葉,建築リフォーム工事業,〒261-0023 千葉県千葉市美浜区中瀬２－６－１ ＷＢＧマリブイースト２８階 住友不動産ハウジング（株）首都圏事業部 海浜幕張駅から徒歩4分,250000,250000,False,False,必要な経験・知識・技能等あれば尚可 建築業界にて、ＣＡＤを使用した職務経験をお持ちの方。 使用ソフトはＪｗ－ＣＡＤですが、左記ソフト以外でもＣＡＤの経 験者でしたら検討いたします。,一級建築士あれば尚可 二級建築士あれば尚可 木造建築士あれば尚可 普通自動車運転免許あれば尚可（AT限定可）,,,リフォーム事業「新築そっくりさん」におけるＣＡＤオペレーター として、マンションや戸建住宅の図面作成や３Ｄパース作成をご対 応いただきます。 【具体的には】 営業から渡されるカンテイ図や現調図、既存竣工図をもとに既存図 の作成や平面図や電気図のたたき台をｊｗーＣＡＤで描いていただ きます。他、事務的な作業もご担当いただく場合があります。 将来的には実施設計職などにキャリアアップされる方もおり、専門 性やスキル向上を目指せる環境です。 変更範囲：会社が定める業務 正社員以外 正社員以外の名称契約社員 正社員登用ななしし 正社員登用の実績（過去３年間） 就業形態派遣・請負ではない,求人に関する特記事項 ※雇止め規定あり ※質問はお受け致しますが、求人条件に合致している場合は、 事前連絡せずに、そのまま書類を送付して下さい。 ※ｃ欄に記載された時間数は固定残業代の積算根拠となるもので、 実際の時間外労働の時間数の見込みや実績を示すものではありま せん。 より労働条件の明示を受けてください。,住宅＆リフォーム（千葉県）_3）.pdf,5
住宅・リフォーム営業（提案営業）,【幕張】戸建リフォームの技術営業職★未経験者歓迎,スミトモフドウサンハウジングカブシキガイシャ 住友不動産ハウジング株式会社,千葉,建築リフォーム工事業,〒261-7128 千葉県千葉市美浜区中瀬２ー６ー１ ＷＢＧマリブイースト２８階 住友不動産ハウジング（株）千葉営業所 海浜幕張駅から徒歩2分,292000,334000,False,True,必要な経験・知識・技能等あれば尚可 住宅設計・建築施工管理・不動産業界の経験者歓迎,一級建築士あれば尚可 二級建築士あれば尚可 木造建築士あれば尚可 １・２級建築施工管理技士（あれば尚可） 普通自動車運転免許必須 （AT限定可）,,,リフォーム界のパイオニア「新築そっくりさん」のセールスエンジ ニア（技術営業）職。 一棟まるごとの戸建リフォームの建物診断、提案、設計、契約、工 事管理、引き渡しまですべての工程をご担当いただきます。 ※集客に関しては新規飛込みはありませんが、過去に問い合わせい ただいたお客様へのアプローチなども行っていただきます。 やりがいはどの仕事よりも大きく、お客様が感じておられる家の不 満を解消し蘇らせる「住宅再生」の総合プロデューサーです。 変更範囲：会社の定める業務 正社員 正社員登用 正社員登用の実績（過去３年間） 就業形態派遣・請負ではない,求人に関する特記事項 【賃金目安】 未経験：２９万２千円（固定給２５万円＋定額歩合給４万２千円） 経験者：３３万４千円（固定給２５万円＋定額歩合給８万４千円） 経験者は入社日から１３ヶ月間限定 ※平均年収８９８万円（２０２４年度） 成績連動型の高率歩合給制粗利益金額×１０〜３０％ ※最長６カ月にわたる充実した研修あり 集合研修やＯＪＴ制度を通じて当社業務に精通いただきます。 ※フレックスタイム制（コアタイムなし）を適用 ※マイカー通勤：可否は採用エリアにより異なる ※勤続功労株式報酬制度あり ※質問はお受け致しますが、求人条件に合致している場合は、 事前連絡せずに、そのまま書類を送付して下さい。 ※ｃ欄に記載された時間数は固定残業代の積算根拠となるもので、 実際の時間外労働の時間数の見込みや実績を示すものではありま せん。 ※賃金（ｄ）欄の続き：月額＝年俸÷１２ヶ月、にて算出 より労働条件の明示を受けてください。,住宅＆リフォーム（千葉県）_3）.pdf,6
住宅・リフォーム営業（提案営業）,【柏】戸建リフォームの技術営業職★未経験者歓迎,スミトモフドウサンハウジングカブシキガイシャ 住友不動産ハウジング株式会社,千葉,建築リフォーム工事業,〒277-0841 千葉県柏市あけぼの２－１－２９オーキッドコート１Ｆ 住友不動産ハウジング（株）松戸・柏営業所 柏駅から徒歩10分,292000,334000,False,True,必要な経験・知識・技能等あれば尚可 住宅設計・建築施工管理・不動産業界の経験者歓迎,一級建築士あれば尚可 二級建築士あれば尚可 木造建築士あれば尚可 １・２級建築施工管理技士（あれば尚可） 普通自動車運転免許必須 （AT限定可）,,,リフォーム界のパイオニア「新築そっくりさん」のセールスエンジ ニア（技術営業）職。 一棟まるごとの戸建リフォームの建物診断、提案、設計、契約、工 事管理、引き渡しまですべての工程をご担当いただきます。 ※集客に関しては新規飛込みはありませんが、過去に問い合わせい ただいたお客様へのアプローチなども行っていただきます。 やりがいはどの仕事よりも大きく、お客様が感じておられる家の不 満を解消し蘇らせる「住宅再生」の総合プロデューサーです。 変更範囲：会社の定める業務 正社員 正社員登用 正社員登用の実績（過去３年間） 就業形態派遣・請負ではない,求人に関する特記事項 【賃金目安】 未経験：２９万２千円（固定給２５万円＋定額歩合給４万２千円） 経験者：３３万４千円（固定給２５万円＋定額歩合給８万４千円） 経験者は入社日から１３ヶ月間限定 ※平均年収８９８万円（２０２４年度） 成績連動型の高率歩合給制粗利益金額×１０〜３０％ ※最長６カ月にわたる充実した研修あり 集合研修やＯＪＴ制度を通じて当社業務に精通いただきます。 ※フレックスタイム制（コアタイムなし）を適用 ※マイカー通勤：可否は採用エリアにより異なる ※勤続功労株式報酬制度あり ※質問はお受け致しますが、求人条件に合致している場合は、 事前連絡せずに、そのまま書類を送付して下さい。 ※ｃ欄に記載された時間数は固定残業代の積算根拠となるもので、 実際の時間外労働の時間数の見込みや実績を示すものではありま せん。 ※賃金（ｄ）欄の続き：月額＝年俸÷１２ヶ月、にて算出 より労働条件の明示を受けてください。,住宅＆リフォーム（千葉県）_3）.pdf,7
住宅・リフォーム営業（提案営業）,【成田】戸建リフォームの技術営業職★未経験者歓迎,スミトモフドウサンハウジングカブシキガイシャ 住友不動産ハウジング株式会社,千葉,建築リフォーム工事業,〒286-0201 千葉県富里市日吉台１－１０－２ 住友不動産ハウジング（株）千葉第二営業所 京成成田駅から徒歩12分,292000,334000,False,True,必要な経験・知識・技能等あれば尚可 住宅設計・建築施工管理・不動産業界の経験者歓迎,一級建築士あれば尚可 二級建築士あれば尚可 木造建築士あれば尚可 １・２級建築施工管理技士（あれば尚可） 普通自動車運転免許必須 （AT限定可）,,,リフォーム界のパイオニア「新築そっくりさん」のセールスエンジ ニア（技術営業）職。 一棟まるごとの戸建リフォームの建物診断、提案、設計、契約、工 事管理、引き渡しまですべての工程をご担当いただきます。 ※集客に関しては新規飛込みはありませんが、過去に問い合わせい ただいたお客様へのアプローチなども行っていただきます。 やりがいはどの仕事よりも大きく、お客様が感じておられる家の不 満を解消し蘇らせる「住宅再生」の総合プロデューサーです。 変更範囲：会社の定める業務 正社員 正社員登用 正社員登用の実績（過去３年間） 就業形態派遣・請負ではない,求人に関する特記事項 【賃金目安】 未経験：２９万２千円（固定給２５万円＋定額歩合給４万２千円） 経験者：３３万４千円（固定給２５万円＋定額歩合給８万４千円） 経験者は入社日から１３ヶ月間限定 ※平均年収８９８万円（２０２４年度） 成績連動型の高率歩合給制粗利益金額×１０〜３０％ ※最長６カ月にわたる充実した研修あり 集合研修やＯＪＴ制度を通じて当社業務に精通いただきます。 ※フレックスタイム制（コアタイムなし）を適用 ※マイカー通勤：可否は採用エリアにより異なる ※勤続功労株式報酬制度あり ※質問はお受け致しますが、求人条件に合致している場合は、 事前連絡せずに、そのまま書類を送付して下さい。 ※ｃ欄に記載された時間数は固定残業代の積算根拠となるもので、 実際の時間外労働の時間数の見込みや実績を示すものではありま せん。 ※賃金（ｄ）欄の続き：月額＝年俸÷１２ヶ月、にて算出 より労働条件の明示を受けてください。,住宅＆リフォーム（千葉県）_3）.pdf,8
配送・ドライバー,２ｔトラックドライバー／千葉市,イナバウンソウカブシキガイシャ 稲葉運送株式会社,千葉,一般貨物自動車運送業,〒263-0001 千葉県千葉市稲毛区長沼原町３６０‐１ 稲葉運送（株）千葉営業所,221000,231000,True,False,必要な経験・知識・技能等不問,８トン限定中型自動車免許必須 中型自動車免許必須 準中型自動車免許必須 いずれかの免許・資格所持で可,,,○２ｔアルミバントラックを使っての配送業務です ＊主な商品は、システムキッチン・システムバスルーム・ 電気温水器といった住宅関連商品で、新築あるいは リフォーム現場への納品が中心です ＊配送エリアは、千葉県内北部です ※ほとんどの配送は、助手と一緒の作業となります ドライバー経験者の方でも、最初は助手として先輩 ドライバーから指導を受けて、経験を積んでから 運転をしていただきます。 【変更範囲：変更なし】 正社員 正社員登用 正社員登用の実績（過去３年間） 就業形態派遣・請負ではない,求人に関する特記事項 ※朝の出勤時間は早いのですが、配送終了時間も早いので、 ほぼ毎日、夕方には帰宅することが可能です ＊現在普通免許しか所持していない方でも、助手見習いを しながら、中型免許取得等の支援が可能な場合がござい ますのでご相談下さい ※月平均支給総額は、２５〜３５万円になります より労働条件の明示を受けてください。,住宅＆リフォーム（千葉県）_3）.pdf,9
施工管理・現場監督（工務）,リフォーム全般,カブシキカイシャナリタジュウケン 株式会社なりた住建,千葉,建築リフォーム工事業,〒289-0126 千葉県成田市新川２００３当社事務所 ＪＲ滑河駅から車5分,250000,350000,False,True,必要な経験・知識・技能等あれば尚可 ・２級建築士・２級建築施工管理技士・宅地建物取引士 ・現場監督者、住宅リフォーム経験あれば尚可 ・パソン使用業務経験あれば尚可,二級建築士あれば尚可 ２級建築施工管理技士あれば尚可 宅地建物取引士（旧：宅地建物取引主任者）あれば尚可 自力通勤できる方 普通自動車運転免許必須 （AT限定可）,ＷＯＲＤＥＸＣＥＬ,,＊主な業務 ・＊現場監督 ・住宅のリフォーム及び修繕工事 ・データ入力 ・現場管理 ・反響営業 ・図面作成 ＊運転業務あり（社用車使用） 【変更範囲：変更なし】 正社員 正社員登用 正社員登用の実績（過去３年間） 就業形態派遣・請負ではない,求人に関する特記事項 ＊応募に際しハローワークの紹介状が必要です。 ＊事前連絡の上に、応募書類は送付ください。 ＊書類到着後、７日程度で選考結果をお知らせします。 ＊賃金については経験や能力などを考慮して決定いたします。 ＊現場監督経験者、２級建築士をお持ちの方大歓迎です。 ＊就業形態等相談可能 より労働条件の明示を受けてください。,住宅＆リフォーム（千葉県）_3）.pdf,10
設備工事（配管・電気・住宅設備）,配管工／経験者（５年以上）＊資格取得補助あり＊昇給有り,ワコウセツビカブシキガイシヤ 和光設備株式会社,千葉,管工事業（さく井工事業を,〒288-0043 千葉県銚子市東芝町１－７ 銚子駅から徒歩3分,350000,450000,False,True,必要な経験・知識・技能等必須 ５年以上の業務経験,普通自動車運転免許必須 （AT限定不可）,,,地域の暮らしを支える「水」と「空気」のプロフェッショナルとし て活躍していただきます。新築住宅や店舗、公共施設などの給排水 衛生設備や空気調和設備（エアコン）の配管工事、機器の取付・修 理、リフォーム工事を行います。また、水道本管の掘削や配管工事 など、地域のライフラインを守る仕事にも携わります。現場は主に 銚子市内で遠方への出張はほとんどありません。 正社員 正社員登用 正社員登用の実績（過去３年間） 就業形態派遣・請負ではない,求人に関する特記事項 ＹＯＵＴＵＢＥの和光設備で検索、視聴してください。仕事の様子 が少し分かります。 入社後には各種資格取得が可能です。受講や試験費用は会社負担で す。若手が資格を取得し仕事に活かして頑張ってます。 より労働条件の明示を受けてください。,住宅＆リフォーム（千葉県）_3）.pdf,11
設備工事（配管・電気・住宅設備）,配管工,ワコウセツビカブシキガイシヤ 和光設備株式会社,千葉,管工事業（さく井工事業を,〒288-0043 千葉県銚子市東芝町１－７ 銚子駅から徒歩3分,310000,450000,True,True,必要な経験・知識・技能等不問,普通自動車運転免許必須 （AT限定不可）,,,地域の暮らしを支える「水」と「空気」のプロフェッショナルとし て活躍していただきます。新築住宅や店舗、公共施設などの給排水 衛生設備や空気調和設備（エアコン）の配管工事、機器の取付・修 理、リフォーム工事を行います。また、水道本管の掘削や配管工事 など、地域のライフラインを守る仕事にも携わります。現場は主に 銚子市内で遠方への出張はほとんどありません。未経験の方も歓迎 します。先輩社員が丁寧に指導しますので、手に職を付けながら資 格取得を目指せます。 ★チームで作業するため未経験でも安心 ★工具の使い方から丁寧に指導します 正社員 正社員登用 正社員登用の実績（過去３年間） 就業形態派遣・請負ではない,求人に関する特記事項 銚子市シゴト紹介サイト 【ｓｅｅゴトバ】で企業紹介動画を公開しています。 ＹｏｕＴｕｂｅ和光設備株式会社で検索、視聴してください。 入社後には各種資格取得が可能です。受講や試験費用は会社負担で す。若手が資格を取得し仕事に活かして頑張ってます。 若手を本気で育てます 工具の名前から教えます先輩とチーム制で安心資格取得は会社 全額負担 将来は現場リーダーへ 取得できる資格例管工事施工管理技士給水装置工事主任技術者 学歴に自信はないが稼ぎたいデスクワークより体を動かす仕事が いい地元で安定したい将来、家族を養える収入がほしい 建物に水が流れる。エアコンが動く。それは、私たちの仕事がある から。 派手ではないですが、なくならない仕事です。 若手を本気で育てます。 一緒に銚子のインフラを支えましょう。 より労働条件の明示を受けてください。,住宅＆リフォーム（千葉県）_3）.pdf,12
事務・営業事務・広報,不動産営業・事務,カブシキガイシャサノチョウフドウサン 株式会社佐野長不動産,千葉,不動産代理業・仲介業,〒288-0044 千葉県銚子市西芝町７－３ ＪＲ銚子駅から徒歩1分,250000,400000,True,True,必要な経験・知識・技能等不問,宅地建物取引士（旧：宅地建物取引主任者）あれば尚可 普通自動車運転免許必須 （AT限定可）,ワード、エクセルの基本操作程度,,完全反響の不動産営業 外回り・電話営業・飛び込み・ノルマなどは一切ありません 主に賃貸物件をお探しのお客様への営業です。 ・お客様対応・物件案内 ・契約までの段取り・事務作業 ・不動産賃貸の管理 ・物件情報の入力業務など 接客が好きな方を募集しています。 【変更の範囲：賃貸営業（住宅）、物件管理、工事管理（リフォー ム提案）、売買仲介など会社の定める不動産営業】 正社員 正社員登用 正社員登用の実績（過去３年間） 就業形態派遣・請負ではない,求人に関する特記事項 未経験ＯＫ☆１２０日休み、反響営業！ノルマなし ▼働きやすい理由＆魅力▼ 完全反響営業で飛び込みや電話営業は一切なし 年間休日１２１日以上でプライベートの時間も確保 宅建などの資格取得費用を会社が全額サポート 地域で６０年以上の歴史がある安定した経営基盤 移住支援金あり（東京２３区在住者、通勤者が移住の場合、 最大１００万円支給の可能性あり）移住支援金の受給を希望 する方は、移住前に銚子市企画課にお問い合わせください。 具体的には ・ご来店のお客様対応・お客様からの問合わせメールや電話の対応 ・物件へのご案内・入居前チェック、退去の確認・修理の手配 ・ＰＣでのデータ作成、書類作成など 業界未経験者は勿論大歓迎！ 他業種で営業や接客、販売の経験も活かせます！ 別の不動産業者からの経験者転職も歓迎！ 宅建士資格なしでも大丈夫です。※資格取得の為の支援有り より労働条件の明示を受けてください。,住宅＆リフォーム（千葉県）_3）.pdf,13
設備工事（配管・電気・住宅設備）,配管工,ユウゲンガイシヤアオキサンソシヨウテン 有限会社青木酸素商店,千葉,燃料小売業,〒299-2216 千葉県南房総市久枝３４６ ＪＲ内房線岩井駅から徒歩7分,230732,692195,True,True,必要な経験・知識・技能等不問,普通自動車運転免許必須 （AT限定不可）,,,建物の設備工事（主に水・湯・排水・ガスの配管工事）を 行います。 官庁の工事（千葉県Ａクラス）やゼネコンの下請で、公共施設、病 院、工場等大規模施設の衛生配管を主として請負っております。 新築住宅の設備工事やリフォームにも力を入れており、千葉以南を エリアとして営業しています。 ３５歳以下が８名おり、先輩の指導を受けながら技術の習得に頑張 っております。 「変更範囲：変更なし」 正社員 正社員登用 正社員登用の実績（過去３年間） 就業形態派遣・請負ではない,求人に関する特記事項 ＊昇給・賞与は会社実績、本人能力により支給します （賞与：前年度実績３〜５ヶ月分） ＊業務に関連する資格取得後、取得祝い金制度あります （支給対象資格等、詳細は面接にて説明します） 【筆記試験について】 小学校６年生程度の四則演算と読み書きを行います より労働条件の明示を受けてください。,住宅＆リフォーム（千葉県）_3）.pdf,14
施工技能職（大工・内外装・基礎・足場ほか）,現場補助作業員,アワジュウタクカブシキガイシャ 安房住宅株式会社,千葉,管工事業（さく井工事業を,〒294-0012 千葉県館山市稲１６２ ＪＲ内房線九重駅から車5分,191360,249600,False,True,必要な経験・知識・技能等あれば尚可 建設業経験者,普通自動車運転免許必須 （AT限定不可）,,,【仕事内容】 各現場（公共・一般住宅等）での作業補助を担当していただきます 【具体的な仕事内容】 ・公共機関、新築、リフォーム現場へ建築資材の運搬 現場の片付け清掃 ・片付けた資材をトラックへ積み込む作業 ・草刈り等の作業 ※未経験の方でも先輩がゼロから教えるので、安心して応募して下 さい。 「変更範囲：変更なし」 正社員 正社員登用 正社員登用の実績（過去３年間） 就業形態派遣・請負ではない,求人に関する特記事項 賃金は日給制です。表示月額は概算です。 ※現場経験ゼロの未経験者でも先輩がゼロから教えるので安心して 応募して下さい ※荷物の持ち運びや資材置場の片付けなどの体力を使う業務もあり ます ※各種教育・資格・各種保険・免許取得制度も充実しています より労働条件の明示を受けてください。,住宅＆リフォーム（千葉県）_3）.pdf,15
施工技能職（大工・内外装・基礎・足場ほか）,大工《経験者》,,千葉,木造建築工事業,〒 千葉県富津市,432000,475200,False,True,必要な経験・知識・技能等必須 大工の経験,８トン未満の車両を運転できる免許必須 普通自動車運転免許必須 （AT限定不可）,,,＊ログハウス・木造住宅の建設 ＊建築現場作業（大工、内装、リフォーム、土木）等 ［変更範囲：事業所の定める範囲内］ 正社員 正社員登用 正社員登用の実績（過去３年間） 就業形態派遣・請負ではない,求人に関する特記事項 より労働条件の明示を受けてください。,住宅＆リフォーム（千葉県）_3）.pdf,16
設備工事（配管・電気・住宅設備）,水道工事土木作業員,,千葉,建設用・建築用金属製品製,〒 千葉県富津市,250000,350000,True,True,必要な経験・知識・技能等不問,普通自動車運転免許必須 （AT限定可）,,,＊袖ケ浦・木更津・君津・富津市内を中心に、千葉県内での 水道工事や一般住宅、公共物件での配管工事を行います。 その他、水廻りのリフォームにかかわる仕事です。 ＊未経験者歓迎！ 入社後、会社負担にて資格の取得も可能です！ ライフラインである水道は、災害時等でも重要となる、 チャレンジしがいのある業種です。 「変更範囲：変更なし」 正社員 正社員登用 正社員登用の実績（過去３年間） 就業形態派遣・請負ではない,求人に関する特記事項 より労働条件の明示を受けてください。,住宅＆リフォーム（千葉県）_3）.pdf,17
施工技能職（大工・内外装・基礎・足場ほか）,工事スタッフ,カブシキガイシャカズコウムテン 株式会社和工務店,千葉,建築リフォーム工事業,〒277-0941 千葉県柏市高柳９２９－１ 東武アーバンパークライン高柳駅から徒歩17分,200000,300000,True,True,必要な経験・知識・技能等不問,建設関連資格取得者歓迎 普通自動車運転免許必須 （AT限定可）,,,☆住宅リフォーム・リノベーションを中心とした工事 ＤＩＹ好きな方初心者でもＯＫ 異業種からの転職歓迎 現場は主に千葉県・東京都 仕事内容：【変更範囲：変更なし】 ※応募の際は必ずハローワークにて紹介を受けてください。 正社員 正社員登用 正社員登用の実績（過去３年間） 就業形態派遣・請負ではない,求人に関する特記事項 ＊通勤手当に関しては会社規定により支給いたします。 ＊昇給・給与は業績によります。 ＊給与・未経験：月給２０万円から、経験者：月給２５万円から ＊現場によって異なるが直行直帰も応相談 ＊制服貸与あり ※応募の際はハローワークの紹介状と履歴書（写真添付）、職務経 歴書を郵送して下さい。書類選考後、ご連絡致します。 より労働条件の明示を受けてください。,住宅＆リフォーム（千葉県）_3）.pdf,18
施工技能職（大工・内外装・基礎・足場ほか）,塗装職人（経験者）＜旭市・東金市＞,カブシキガイシャハウジングジュウベエ 株式会社ハウジング重兵衛,千葉,建築リフォーム工事業,〒289-2504 千葉県旭市ニ６４２５－１ 「旭・東総店」 ＪＲ総武本線干潟駅から車1分,260000,400000,False,True,必要な経験・知識・技能等必須 住宅工事経験（経験３年以上の方優遇）,普通自動車運転免許必須 （AT限定可）,,,＊住宅リフォームを主体とした、内部・屋根・外壁の塗装、現場確 認、作業等をしていだきます。 ＊正社員ですので、安定した収入と福利厚生が嬉しい仕事です。 ＊仕事道具、トラック、作業着は会社支給です。 【変更範囲：会社の定める業務】 正社員 正社員登用 正社員登用の実績（過去３年間） 就業形態派遣・請負ではない,求人に関する特記事項 ＜店舗＞ 千葉県：成田本社・成田ショールーム店（成田市） ：佐倉ショールーム店（佐倉市） ：柏ショールーム店（柏市） ：旭・東総店（旭市） ：東金ショールーム店（東金市） 茨城県：パルナ稲敷・佐原ショールーム店（稲敷市） ：牛久・龍ヶ崎・阿見店（牛久市） ：鹿嶋・神栖店（鹿嶋市） ：茨城本店・水戸ショールーム（水戸市） 千葉・茨城に９店舗出店中！ そんな重兵衛では、お客様の暮らしを支える「住まい創り」のお 手伝いをしています。 お客様の「夢」を「形」にするお仕事です。 元気で明るい対応のできる方、お待ちしています！！ ＊応募の際はハローワークの紹介状が必要となります。 ＊就業場所の従業員数は、旭・東総店の人数。 より労働条件の明示を受けてください。,住宅＆リフォーム（千葉県）_3）.pdf,19
設備工事（配管・電気・住宅設備）,設備職人（経験者）＜旭市・東金市＞,カブシキガイシャハウジングジュウベエ 株式会社ハウジング重兵衛,千葉,建築リフォーム工事業,〒289-2504 千葉県旭市ニ６４２５－１ 「旭・東総店」 ＪＲ総武本線干潟駅から車1分,260000,400000,False,True,必要な経験・知識・技能等必須 住宅工事経験（経験３年以上の方優遇）,普通自動車運転免許必須 （AT限定可）,,,＊住宅リフォームを主体とした住宅設備の設置工事（システムキッ チン、ユニットバス、洗面化粧台、トイレなど水廻り関連の施 工、組立工事等）現場確認、作業等をしていただきます。 ＊正社員ですので、安定した収入と福利厚生が嬉しい仕事です。 ＊仕事道具、トラック、作業着は会社支給です。 【変更範囲：会社の定める業務】 正社員 正社員登用 正社員登用の実績（過去３年間） 就業形態派遣・請負ではない,求人に関する特記事項 ＜店舗＞ 千葉県：成田本社・成田ショールーム店（成田市） ：佐倉ショールーム店（佐倉市） ：柏ショールーム店（柏市） ：旭・東総店（旭市） ：東金ショールーム店（東金市） 茨城県：パルナ稲敷・佐原ショールーム店（稲敷市） ：牛久・龍ヶ崎・阿見店（牛久市） ：鹿嶋・神栖店（鹿嶋市） ：茨城本店・水戸ショールーム（水戸市） 千葉・茨城に９店舗出店中！ そんな重兵衛では、お客様の暮らしを支える「住まい創り」のお 手伝いをしています。 お客様の「夢」を「形」にするお仕事です。 元気で明るい対応のできる方、お待ちしています！！ ＊応募の際はハローワークの紹介状が必要となります。 ＊就業場所の従業員数は、旭・東総店の人数。 より労働条件の明示を受けてください。,住宅＆リフォーム（千葉県）_3）.pdf,20
設備工事（配管・電気・住宅設備）,設備職人（経験者）＜成田市・佐倉市・柏市＞,カブシキガイシャハウジングジュウベエ 株式会社ハウジング重兵衛,千葉,建築リフォーム工事業,〒286-0021 千葉県成田市土屋７２４－２ 「成田本社・成田ショールーム店」 ＪＲ・京成成田駅から車7分,260000,400000,False,True,必要な経験・知識・技能等必須 住宅工事経験（経験３年以上の方優遇）,普通自動車運転免許必須 （AT限定可）,,,＊住宅リフォームを主体とした住宅設備の設置工事（システムキッ チン、ユニットバス、洗面化粧台、トイレなど水廻り関連の施 工、組立工事等）現場確認、作業等をしていただきます。 ＊正社員ですので、安定した収入と福利厚生が嬉しい仕事です。 ＊仕事道具、トラック、作業着は会社支給です。 【変更範囲：会社の定める業務】 正社員 正社員登用 正社員登用の実績（過去３年間） 就業形態派遣・請負ではない,求人に関する特記事項 ＜店舗＞ 千葉県：成田本社・成田ショールーム店（成田市） ：佐倉ショールーム店（佐倉市） ：柏ショールーム店（柏市） ：旭・東総店（旭市） ：東金ショールーム店（東金市） 茨城県：パルナ稲敷・佐原ショールーム店（稲敷市） ：牛久・龍ヶ崎・阿見店（牛久市） ：鹿嶋・神栖店（鹿嶋市） ：茨城本店・水戸ショールーム（水戸市） 千葉・茨城に９店舗出店中！ そんな重兵衛では、お客様の暮らしを支える「住まい創り」のお 手伝いをしています。 お客様の「夢」を「形」にするお仕事です。 元気で明るい対応のできる方、お待ちしています！！ ＊応募の際はハローワークの紹介状が必要となります。 ＊就業場所の従業員数は、成田本社・成田ショールーム店の人数。 より労働条件の明示を受けてください。,住宅＆リフォーム（千葉県）_3）.pdf,21
施工技能職（大工・内外装・基礎・足場ほか）,施工スタッフ,サクラジユウケンカブシキガイシャ さくら住建株式会社,千葉,その他の設備工事業,〒284-0008 千葉県四街道市鹿放ケ丘１９８ 「アルコスモ」 ＪＲ四街道駅から車12分,230000,300000,True,True,必要な経験・知識・技能等不問,普通自動車運転免許必須 （AT限定可）,,,◆マンションや戸建て住宅のサッシの取付工事・配送などをお任せ します（社用車運転での配送になります。） ＊新築物件の場合は配送のみを担当。 ＊リフォーム工事の場合は配送から施工まで行います。 ※配送での移動時間は３０分〜１時間半ほど、主に千葉県内から東 京都内です。 ＊サッシは、窓枠以外に玄関ドアの取付も行います。 電動ドライバーなどＤＩＹで使用するような工具を使用。免許や 資格が必要な工具は使わないので、未経験の方も安心して働けま す。 ※サッシは四街道市にある工場で組み立てを行うこともあります。 ※業務に慣れるまでは、先輩スタッフと一緒に現場を担当します。 正社員 正社員登用 正社員登用の実績（過去３年間） 就業形態派遣・請負ではない,求人に関する特記事項 ＊応募に際しハローワークの紹介状が必要となります。 （オンライン自主応募を除く） ＊昇給、賞与は、会社業績、勤務実績により支給します。 ＊仕事内容【変更範囲：変更なし】 ＊事前連絡のうえ事業所見学可能です。 より労働条件の明示を受けてください。,住宅＆リフォーム（千葉県）_3）.pdf,23
